event_id,timestamp,sunlight_percent,temperature,humidity_percent,action
57e9a478,1778944968,62.42,33.92,57.23,0
078c7844,1778945028,22.2,-0.64,66.38,1
ee4cdcbc,1778945088,89.48,-8.76,75.35,0
1264ab5b,1778945148,35.48,1.0,49.5,1
3f55ea1b,1778945208,56.05,15.92,21.73,1
341efa8d,1778945268,70.41,-1.63,29.52,0
989934fa,1778945328,27.3,17.36,31.75,1
ec08da13,1778945388,34.26,20.85,71.95,1
fb698c97,1778945448,36.39,26.45,62.22,1
677409bc,1778945508,34.99,-4.14,78.95,1
5ff6baa2,1778945568,34.96,-2.68,97.05,1
188cda34,1778945628,36.66,44.56,59.89,1
5eb14f7b,1778945688,70.56,8.7,35.58,0
8bafa379,1778945748,100.0,1.09,83.87,0
fa16d440,1778945808,68.46,-4.69,63.43,1
c56a92f8,1778945868,24.77,6.28,28.33,1
92efe4f2,1778945928,38.48,6.86,81.14,1
4718d6ed,1778945988,21.74,38.13,62.69,1
209226c0,1778946048,33.08,-9.67,72.23,1
a91ba4cb,1778946108,64.55,33.74,77.75,0
1ee975be,1778946168,29.02,41.79,53.82,1
479712bf,1778946228,12.3,-6.19,81.99,1
2a83f8f4,1778946288,22.34,33.78,36.08,1
8204af9b,1778946348,70.87,18.33,65.93,0
6967f16d,1778946408,59.04,35.65,47.1,0
a75e1d61,1778946468,87.39,19.63,66.76,0
f11e4334,1778946528,0.0,-8.47,76.44,1
775123d3,1778946588,14.53,20.51,80.85,1
b279c6be,1778946648,44.51,14.62,67.14,1
635a0405,1778946708,30.27,-5.38,74.87,1
a0b7c769,1778946768,29.79,45.78,49.96,1
916a6381,1778946828,62.54,42.29,83.16,0
d91b4d85,1778946888,36.76,43.55,70.27,1
39a189df,1778946948,84.3,43.77,63.51,0
bb45ed63,1778947008,32.45,3.68,53.45,1
512d8746,1778947068,81.84,41.64,54.16,0
7cf5a9d4,1778947128,50.13,15.04,55.31,1
c5904486,1778947188,40.11,10.26,54.22,1
812f1960,1778947248,45.97,21.13,68.08,1
261d995b,1778947308,26.42,48.31,88.08,1
61ca631d,1778947368,2.03,7.09,59.47,1
36a3800b,1778947428,52.56,20.16,51.35,1
9a8343e4,1778947488,45.19,-1.31,66.03,1
2117f9b4,1778947548,58.5,4.52,59.85,1
fb064add,1778947608,78.57,4.26,75.04,0
22a8d233,1778947668,29.95,27.94,87.68,1
10660735,1778947728,64.67,-4.58,100.0,1
a68fef03,1778947788,37.66,1.19,78.46,1
239cfa5b,1778947848,52.49,30.65,49.93,1
9416d1e5,1778947908,50.23,3.59,52.69,1
ba3f853c,1778947968,23.44,31.46,69.47,1
8abd7b67,1778948028,65.51,-1.75,56.78,1
9c42dd34,1778948088,30.42,45.48,53.56,1
4d5a2d5a,1778948148,41.08,29.6,71.12,1
99a75760,1778948208,55.69,21.78,86.14,1
c5cab139,1778948268,41.89,43.83,55.88,1
5e3bf3e6,1778948328,56.5,10.34,75.64,1
682bb60f,1778948388,82.48,43.83,42.66,0
242dc7cb,1778948448,56.26,28.52,66.93,1
4f08d5db,1778948508,55.66,-9.45,76.95,1
13948e4a,1778948568,57.33,-9.7,45.71,1
a987fd43,1778948628,54.37,31.51,35.66,1
325bfec3,1778948688,20.22,32.73,73.13,1
31a73061,1778948748,31.22,34.79,37.39,1
20ea4dd6,1778948808,74.08,29.46,68.26,0
4c953d76,1778948868,28.31,12.06,62.92,1
286aff2f,1778948928,27.76,48.38,43.68,1
1c7e5cd0,1778948988,71.97,27.87,55.21,0
15e63d30,1778949048,50.33,24.61,89.07,1
0577e3ee,1778949108,14.84,33.35,59.31,1
edabcb16,1778949168,23.23,46.43,69.65,1
30458780,1778949228,46.9,48.0,74.81,1
5609a340,1778949288,28.83,41.07,29.7,1
21227d79,1778949348,26.85,23.41,49.74,1
cc393640,1778949408,54.33,24.2,67.71,1
0648ada2,1778949468,55.77,49.4,43.82,0
501cedaf,1778949528,51.46,42.64,37.14,0
cbfbe420,1778949588,71.81,32.15,81.32,0
b1e0e93f,1778949648,15.56,38.56,41.24,1
f842a973,1778949708,57.61,44.79,65.14,0
0da30665,1778949768,62.88,37.9,100.0,0
d232b18c,1778949828,83.27,37.75,79.76,0
0aee5cbd,1778949888,42.12,12.53,75.18,1
485a0417,1778949948,54.13,-7.84,42.88,1
365b0805,1778950008,100.0,7.19,22.65,0
5378b5a2,1778950068,39.64,-7.76,61.6,1
859ff3fb,1778950128,38.2,-2.38,81.78,1
73ad05fa,1778950188,89.01,2.95,62.57,0
2170e0d7,1778950248,31.74,-6.9,64.33,1
656602b7,1778950308,100.0,28.25,96.87,0
2f328117,1778950368,0.0,37.71,63.73,1
0cf40170,1778950428,38.89,-5.29,26.62,1
0ec52dca,1778950488,62.62,14.54,77.32,1
9cfd3f35,1778950548,41.64,5.01,53.64,1
c44a233a,1778950608,94.14,29.61,68.1,0
080aaf05,1778950668,59.43,26.7,93.03,1
4e5fa38a,1778950728,12.02,11.36,50.32,1
453b985d,1778950788,44.07,-4.13,97.44,1
562df3e5,1778950848,0.0,0.39,39.51,1
374c26e7,1778950908,0.13,26.95,34.0,1
3ac9ac5d,1778950968,39.0,12.48,62.61,1
435a5bf8,1778951028,51.46,41.39,100.0,0
4c9f1c3b,1778951088,25.46,-5.77,69.24,1
675a81a1,1778951148,44.94,25.15,61.22,1
6c582dee,1778951208,52.84,13.29,73.24,1
0e6bdd75,1778951268,34.62,22.74,100.0,1
e0027ef0,1778951328,46.21,47.67,71.77,1
f48b979b,1778951388,37.84,9.14,64.15,1
b205280a,1778951448,35.27,-2.91,76.99,1
12f53568,1778951508,73.8,42.65,89.05,0
15e31403,1778951568,70.32,6.92,72.59,0
70b5bf1d,1778951628,63.79,38.41,45.8,0
aa99f94e,1778951688,49.48,12.32,62.35,1
e2adef9a,1778951748,33.27,45.85,83.24,1
f6cc9b06,1778951808,44.56,35.05,81.98,1
9ec597a4,1778951868,39.8,44.15,65.23,1
cd0afbd0,1778951928,82.64,9.2,60.42,0
f84a4a08,1778951988,44.02,-9.35,77.08,1
778667d7,1778952048,58.1,47.04,57.4,0
71fe80db,1778952108,97.81,16.91,81.3,0
0fb285ec,1778952168,24.85,30.35,35.72,1
d9cd7e64,1778952228,69.27,37.38,73.34,0
5ba52e05,1778952288,49.69,-6.55,42.05,1
e647a2ff,1778952348,0.0,43.26,95.41,1
099fa017,1778952408,29.36,-1.42,53.57,1
2675c1fd,1778952468,65.35,-3.93,87.16,1
478a00e2,1778952528,56.12,-5.63,49.86,1
dd747719,1778952588,63.98,-5.12,77.45,1
828ab7ef,1778952648,13.8,38.77,31.85,1
f17cf734,1778952708,33.39,-4.99,87.2,1
c7858566,1778952768,57.77,15.45,89.51,1
df5f6d72,1778952828,42.44,18.12,59.91,1
a0a52702,1778952888,58.07,34.76,43.46,0
7f8b7f48,1778952948,62.32,12.49,61.78,1
2978df3b,1778953008,67.25,3.42,51.98,1
8f368bd6,1778953068,51.74,49.58,79.67,0
20844301,1778953128,52.44,48.16,44.54,0
bc4733a1,1778953188,100.0,31.74,68.12,0
729ce503,1778953248,100.0,25.06,44.65,0
e6018cb8,1778953308,47.23,27.21,79.53,1
39fb5657,1778953368,29.01,17.82,48.01,1
8345c892,1778953428,75.82,-5.34,23.8,0
3beefa1d,1778953488,58.54,8.57,97.52,1
a8a9e5af,1778953548,64.28,-0.24,79.41,1
bcb4f0b2,1778953608,16.99,45.96,96.63,1
7a82410d,1778953668,48.16,38.63,54.36,1
90b8842d,1778953728,7.17,48.19,87.08,1
d220d6e1,1778953788,56.89,18.12,65.57,1
b5e8d24f,1778953848,10.14,-6.62,48.01,1
f8002cba,1778953908,56.48,49.98,66.05,0
6cbde496,1778953968,50.13,36.14,60.94,0
cb2104b6,1778954028,42.17,-2.25,28.02,1
4147c9ac,1778954088,53.01,3.72,70.29,1
dfa4b7e4,1778954148,76.51,11.49,90.83,0
e43c3abf,1778954208,58.31,21.22,45.03,1
d3801ff7,1778954268,52.87,41.13,91.03,0
9eb8cdad,1778954328,100.0,42.6,95.11,0
a6fa5a74,1778954388,24.49,-8.27,54.62,1
f5f9652e,1778954448,66.13,32.24,87.37,0
831f0942,1778954508,39.16,-9.13,53.15,1
0bc08aa6,1778954568,76.46,13.53,24.83,0
b169fc54,1778954628,72.15,10.9,57.26,0
eee119b3,1778954688,87.56,13.79,61.48,0
9e52150a,1778954748,74.54,46.97,66.61,0
7b4e8f21,1778954808,7.42,17.55,58.89,1
f536100c,1778954868,49.85,9.73,68.06,1
d8f3e667,1778954928,17.39,-5.45,73.39,1
c83f6e5c,1778954988,22.47,10.74,69.75,1
33934f30,1778955048,48.43,30.05,79.1,1
4c7f1847,1778955108,38.83,-7.55,50.49,1
7725587e,1778955168,36.74,0.62,44.14,1
6a6c5a63,1778955228,14.15,11.86,56.17,1
6caee064,1778955288,99.12,-7.64,60.71,0
03a7d6f5,1778955348,62.86,-5.09,84.09,1
2165aa16,1778955408,47.19,38.37,55.58,1
96c8f55f,1778955468,31.59,2.56,71.59,1
3e16eca0,1778955528,43.12,27.1,13.96,1
2061267f,1778955588,34.34,34.85,16.16,1
270d252c,1778955648,64.41,20.7,66.23,1
948024ab,1778955708,25.69,16.84,61.59,1
ba597aaa,1778955768,9.84,6.15,64.07,1
e21277e6,1778955828,45.33,9.32,59.04,1
1c95f071,1778955888,33.84,-2.81,38.37,1
ca4cba22,1778955948,55.46,30.75,78.21,1
12f01d30,1778956008,49.8,-4.78,89.6,1
25f8a223,1778956068,100.0,34.73,80.29,0
51178057,1778956128,24.07,7.03,56.19,1
94508189,1778956188,84.89,24.25,33.81,0
4971d1c7,1778956248,15.04,-3.89,71.26,1
0255133a,1778956308,38.55,-0.36,47.48,1
4efb8e24,1778956368,35.19,0.4,42.72,1
bd06934e,1778956428,0.0,48.94,73.69,1
44d15d38,1778956488,44.03,48.17,41.85,1
072af0c1,1778956548,55.93,5.47,65.47,1
f46cfdf7,1778956608,62.52,45.76,40.45,0
532b6e92,1778956668,100.0,6.8,92.39,0
44d26672,1778956728,33.43,9.42,71.41,1
0da7d22a,1778956788,56.99,4.54,5.18,1
02e0d800,1778956848,56.49,7.32,41.91,1
af0efb35,1778956908,21.52,18.87,65.35,1
43000ec6,1778956968,33.7,10.2,60.95,1
dacd4713,1778957028,34.95,30.89,75.21,1
67d91f7c,1778957088,63.25,18.29,88.83,1
13484129,1778957148,5.74,45.77,39.35,1
fb522fc6,1778957208,59.28,46.3,47.92,0
a3971369,1778957268,62.2,40.51,91.6,0
ed04cdb2,1778957328,58.44,2.1,51.76,1
2d8ce549,1778957388,42.04,38.87,53.62,1
93a1938b,1778957448,57.24,11.53,100.0,1
8807b506,1778957508,43.24,39.0,78.95,1
ff4146b3,1778957568,0.0,17.76,39.84,1
d6bb3e25,1778957628,76.29,20.16,43.13,0
983463bd,1778957688,58.17,13.03,55.62,1
fa414e4f,1778957748,72.31,27.45,61.91,0
4f6d2ee1,1778957808,13.04,-1.64,82.88,1
b835fe3f,1778957868,62.73,22.01,84.95,1
b9dce7e6,1778957928,54.55,-0.9,64.96,1
eba0ffe2,1778957988,22.72,34.64,43.66,1
8ef9fa99,1778958048,51.79,35.75,50.45,0
53e479b6,1778958108,41.31,39.28,76.58,1
5fe3b750,1778958168,43.25,37.84,40.42,1
735bb987,1778958228,39.31,33.34,48.95,1
93a6f830,1778958288,71.74,31.64,87.11,0
dafc03b9,1778958348,9.19,10.74,65.62,1
19c608c4,1778958408,5.53,17.72,89.92,1
4367cb05,1778958468,54.51,26.69,100.0,1
59868bc1,1778958528,52.73,31.8,74.52,1
72e90c92,1778958588,55.42,-0.85,68.84,1
d93fb63a,1778958648,97.05,15.45,86.91,0
af8e7a58,1778958708,54.6,45.53,62.0,0
1c54fb9a,1778958768,25.26,49.09,57.48,1
94b923db,1778958828,100.0,13.94,70.48,0
1ed2ce14,1778958888,46.05,38.17,51.46,1
69b4cbcc,1778958948,71.31,45.19,13.59,0
4962e83f,1778959008,17.75,34.25,34.1,1
40f25a24,1778959068,12.43,17.15,54.79,1
69cd9948,1778959128,43.86,19.9,54.55,1
a3701e8d,1778959188,70.11,11.74,56.86,0
331d373b,1778959248,96.22,-9.21,82.53,0
f1d19e33,1778959308,24.57,47.66,70.33,1
1880d0c3,1778959368,43.28,-4.88,37.87,1
65f8255b,1778959428,50.02,25.72,63.17,1
d12c2fa8,1778959488,50.35,2.59,59.52,1
af846d77,1778959548,47.13,1.44,63.1,1
5c1c9bf9,1778959608,49.18,23.89,49.13,1
8516ed3c,1778959668,84.71,16.45,6.81,0
badb7d2e,1778959728,81.15,-0.69,18.53,0
f163a4d3,1778959788,57.25,46.77,54.9,0
69731d9f,1778959848,14.81,28.64,44.44,1
f868ddba,1778959908,40.95,-0.63,58.61,1
a7a6c4ae,1778959968,73.39,-8.37,85.43,0
b31b394c,1778960028,32.39,30.31,45.43,1
7549c316,1778960088,36.89,29.16,69.79,1
cc406e99,1778960148,41.23,4.59,55.42,1
afbe609b,1778960208,67.77,39.81,68.89,0
1a82825a,1778960268,91.16,2.3,39.86,0
1294bc7e,1778960328,64.83,-9.22,53.81,1
f7df0d12,1778960388,8.26,43.56,95.29,1
d2adcf2b,1778960448,36.93,5.57,80.98,1
1cd013e5,1778960508,82.89,6.08,24.94,0
95698b83,1778960568,17.99,23.12,95.1,1
5a4b9911,1778960628,6.16,46.91,49.1,1
f617f2cd,1778960688,36.38,42.11,67.98,1
48c3fd84,1778960748,74.3,37.99,59.38,0
c0f85cf6,1778960808,40.91,6.12,58.86,1
7e61579c,1778960868,100.0,5.47,73.45,0
d92b90a1,1778960928,54.27,49.06,56.32,0
b0b5ecb9,1778960988,17.79,6.34,62.02,1
71521098,1778961048,54.9,6.44,40.43,1
27cd52e8,1778961108,100.0,39.78,74.35,0
557cb77d,1778961168,56.4,26.03,79.65,1
f152adc2,1778961228,24.91,44.86,70.21,1
791668ff,1778961288,3.98,21.14,34.41,1
784e9256,1778961348,41.3,26.19,63.97,1
0112578a,1778961408,34.71,7.32,31.87,1
7d845f54,1778961468,83.53,7.83,42.32,0
b0f388c4,1778961528,26.27,29.82,100.0,1
b9a0466d,1778961588,52.38,2.9,63.58,1
edd9ecbd,1778961648,35.61,19.78,62.44,1
2a5b4906,1778961708,7.76,36.25,79.74,1
04d8deec,1778961768,49.13,31.3,95.42,1
620e5a4e,1778961828,11.05,39.15,51.99,1
144b2916,1778961888,65.81,6.33,79.45,1
bd914807,1778961948,5.93,-4.51,82.88,1
ce7014be,1778962008,48.14,1.11,72.41,1
4c0cad54,1778962068,76.61,33.93,62.39,0
a8d8a6d5,1778962128,63.99,31.54,81.62,1
48e8d6ea,1778962188,38.66,19.37,72.66,1
1a9d1452,1778962248,60.74,0.83,64.15,1
8a95137c,1778962308,70.46,-7.96,62.68,0
ec07841a,1778962368,22.97,45.46,81.06,1
8ada6300,1778962428,78.23,40.67,58.39,0
bba92e01,1778962488,73.46,-7.78,49.68,0
7265112c,1778962548,14.87,-2.77,70.02,1
bbf98a7b,1778962608,55.55,10.39,50.43,1
a23b8a56,1778962668,43.47,8.92,62.7,1
3861de49,1778962728,86.17,9.13,63.93,0
8c3ee70e,1778962788,71.69,26.95,65.66,0
3c399625,1778962848,52.06,46.34,81.31,0
cee73ffa,1778962908,80.58,14.12,46.33,0
0625bd09,1778962968,100.0,42.42,52.74,0
f01294ff,1778963028,7.95,34.25,24.83,1
1943a701,1778963088,39.5,11.28,54.36,1
48284e42,1778963148,24.85,4.02,38.98,1
258f7378,1778963208,49.13,13.06,64.68,1
8819cc54,1778963268,23.24,47.0,73.65,1
6cb8b6d0,1778963328,74.61,46.68,55.72,0
cdab6203,1778963388,100.0,0.02,46.72,0
603f69e5,1778963448,54.16,26.46,69.85,1
7eb13900,1778963508,10.75,0.59,61.48,1
f3ddc4bb,1778963568,34.42,36.78,48.89,1
3907e489,1778963628,37.6,48.15,56.64,1
5bcf5670,1778963688,85.51,31.76,48.59,0
fd103c8c,1778963748,58.59,3.47,52.47,1
181daadd,1778963808,55.07,25.58,29.69,1
ce8e4aea,1778963868,29.0,42.65,63.29,1
5eb067fd,1778963928,34.68,43.32,52.25,1
c84925c3,1778963988,63.59,23.05,81.67,1
cda75756,1778964048,45.58,12.36,44.03,1
42645da1,1778964108,72.1,19.75,40.99,0
6d8a3b93,1778964168,37.06,41.07,64.48,1
b61ee576,1778964228,0.0,25.54,42.6,1
66714ef5,1778964288,37.76,30.68,80.88,1
05c7874a,1778964348,9.02,42.72,69.25,1
e1594440,1778964408,64.77,41.03,82.17,0
6bee8a29,1778964468,60.14,40.22,74.3,0
ab1ce704,1778964528,76.67,27.12,83.39,0
9d648935,1778964588,33.77,42.85,69.61,1
74216950,1778964648,45.82,10.11,62.93,1
de34fb67,1778964708,32.76,39.08,69.9,1
b8bcb7e9,1778964768,50.72,-9.62,85.57,1
468b7d64,1778964828,70.44,48.87,30.21,0
807359ef,1778964888,16.0,28.04,74.93,1
0a5e8022,1778964948,87.38,-3.58,64.27,0
bd348f7f,1778965008,56.23,47.78,91.55,0
f3d553c1,1778965068,80.22,45.92,31.17,0
e154a4cc,1778965128,38.84,8.06,63.88,1
29a0f17a,1778965188,40.93,24.93,63.49,1
c293d7ce,1778965248,79.88,-7.26,29.54,0
11f5d1b0,1778965308,59.18,-8.52,49.48,1
f41fba73,1778965368,89.14,31.0,58.68,0
f85c8e94,1778965428,7.48,49.83,51.87,1
804d3b01,1778965488,13.8,-0.18,16.02,1
eab7a6de,1778965548,66.22,3.25,79.75,1
387ae716,1778965608,56.1,29.27,48.72,1
daba87af,1778965668,44.44,46.62,37.06,1
a136c1fe,1778965728,96.17,13.86,38.6,0
93945b7c,1778965788,72.45,3.8,55.87,0
ce60e148,1778965848,18.71,41.86,88.88,1
62dd0092,1778965908,62.64,1.13,59.42,1
1cdd8887,1778965968,58.57,36.26,69.14,0
ffeb2fd2,1778966028,61.5,27.57,72.15,1
7d531162,1778966088,54.91,37.79,74.18,0
d5e55408,1778966148,24.23,-2.49,59.0,1
f7d6c1c9,1778966208,33.09,2.03,96.02,1
f86aa693,1778966268,31.48,24.92,59.71,1
f0478ca3,1778966328,71.02,8.62,46.95,0
7c6d02e3,1778966388,43.08,-5.65,59.49,1
108b8f74,1778966448,38.69,26.0,11.52,1
a9dabdf8,1778966508,75.59,41.61,38.13,0
07c7ec81,1778966568,25.83,4.52,59.05,1
577efd72,1778966628,100.0,32.15,59.55,0
02b4e13a,1778966688,44.48,9.59,60.54,1
87b73ef8,1778966748,28.09,11.04,60.75,1
6a6f1b58,1778966808,24.96,24.05,54.38,1
44579622,1778966868,74.72,2.01,72.47,0
6515565e,1778966928,84.98,-8.1,78.49,0
3438ca61,1778966988,95.3,42.26,67.16,0
58930ac3,1778967048,72.38,10.37,72.7,0
5c484859,1778967108,52.86,39.04,79.0,0
0ba804a3,1778967168,100.0,21.58,46.22,0
a51936a5,1778967228,40.76,-6.38,64.09,1
023e54c9,1778967288,33.71,42.31,50.32,1
e3b51e95,1778967348,24.21,37.38,49.41,1
cf970f7a,1778967408,49.39,23.32,100.0,1
b8810129,1778967468,26.67,49.78,75.07,1
c6bd6d95,1778967528,50.95,1.97,62.4,1
f8bf6292,1778967588,37.44,-8.16,64.23,1
c2a844d6,1778967648,43.57,42.1,26.63,1
a47c7c65,1778967708,73.32,15.53,77.46,0
61b2ec70,1778967768,19.36,49.26,30.71,1
7616b55b,1778967828,10.95,33.52,100.0,1
20018a19,1778967888,76.97,44.04,59.23,0
a51d24a4,1778967948,9.18,25.54,48.54,1
a7cb4b36,1778968008,86.91,33.99,87.6,0
8d0e0d7f,1778968068,60.04,44.54,46.29,0
ba93d919,1778968128,36.24,48.28,46.57,1
3f7167f7,1778968188,58.1,19.54,54.17,1
1526d6f2,1778968248,63.59,16.72,52.59,1
39e69fb0,1778968308,0.0,25.58,64.7,1
2f43ca51,1778968368,40.94,48.16,37.61,1
a796bd0f,1778968428,70.18,9.51,35.08,0
0323fbcf,1778968488,38.31,48.19,66.93,1
8b62df89,1778968548,11.1,-5.59,54.55,1
cf08a792,1778968608,51.92,10.22,34.34,1
44e4b375,1778968668,43.52,4.92,84.67,1
1f00d2f6,1778968728,87.52,0.02,77.0,0
532177a2,1778968788,71.18,18.48,84.45,0
4eb392fa,1778968848,59.55,25.12,68.6,1
937f48b4,1778968908,42.42,-3.28,67.59,1
66308e82,1778968968,48.21,21.87,59.26,1
c5801a3a,1778969028,46.73,46.03,39.3,1
4383698e,1778969088,51.97,-7.51,20.04,1
beac36c0,1778969148,53.48,42.08,69.05,0
b0781948,1778969208,74.95,19.33,2.07,0
de75cfff,1778969268,28.22,-8.2,68.07,1
dd8d9952,1778969328,77.7,2.11,39.2,0
615f567a,1778969388,56.91,16.63,46.99,1
67b5adf9,1778969448,45.23,31.56,64.35,1
56c1044f,1778969508,49.23,27.07,100.0,1
f11e779a,1778969568,55.03,-8.18,81.01,1
9ca37188,1778969628,54.94,30.59,68.98,1
edca97da,1778969688,65.97,13.63,37.14,1
f6d18f55,1778969748,30.71,29.47,65.93,1
15d7dd9b,1778969808,48.4,42.25,66.58,1
47686ef5,1778969868,58.52,34.31,88.7,0
9f5c500d,1778969928,43.9,9.62,79.28,1
9b12b415,1778969988,76.17,35.74,71.4,0
c2f39b6a,1778970048,42.56,39.07,87.51,1
565a1472,1778970108,53.01,-9.65,39.43,1
91f86698,1778970168,22.59,13.77,31.2,1
d541c8ed,1778970228,27.87,16.92,91.05,1
22882c79,1778970288,34.03,3.64,33.54,1
347b0b9e,1778970348,54.24,30.09,46.0,1
674bb059,1778970408,32.8,12.79,100.0,1
975a429c,1778970468,51.48,18.75,82.52,1
ef28ede8,1778970528,15.26,24.81,27.09,1
aebd2987,1778970588,100.0,35.89,74.5,0
fa66a08b,1778970648,64.87,47.33,77.07,0
d5aff85a,1778970708,43.68,45.62,67.84,1
b2b9cf3a,1778970768,31.15,19.15,54.39,1
1ba05293,1778970828,28.24,8.44,40.31,1
895870b2,1778970888,54.5,8.68,87.84,1
11ba43d0,1778970948,87.86,6.36,75.46,0
1fc8f32d,1778971008,25.44,0.87,55.51,1
e61e3954,1778971068,25.77,21.51,71.02,1
2d7aaf8f,1778971128,34.97,24.04,66.4,1
7a82fee2,1778971188,84.94,23.01,58.5,0
2abb5136,1778971248,53.13,47.08,51.41,0
5e9192f3,1778971308,80.15,43.05,67.68,0
d054921f,1778971368,32.45,26.66,46.74,1
6ad0a8fa,1778971428,78.74,44.0,53.98,0
55a3a3ea,1778971488,18.9,36.83,46.14,1
a14992f0,1778971548,70.07,15.42,48.79,0
d50ef126,1778971608,33.16,27.43,65.58,1
80d7dc46,1778971668,100.0,0.08,35.24,0
05cf63c5,1778971728,65.84,3.0,68.28,1
d42d6637,1778971788,80.61,22.8,92.47,0
bfee4ae1,1778971848,36.06,25.67,32.6,1
1953c2e7,1778971908,57.86,-1.81,59.96,1
7321d208,1778971968,29.91,15.69,92.78,1
5f05c1a7,1778972028,74.41,49.48,82.08,0
8d1e009e,1778972088,64.22,6.45,92.57,1
afe51cab,1778972148,22.48,11.3,45.77,1
058d3752,1778972208,50.85,-5.94,44.6,1
3898d1d5,1778972268,34.45,22.4,74.03,1
767b0fbc,1778972328,58.27,21.98,76.67,1
bd32554b,1778972388,20.68,30.17,35.33,1
a2225abf,1778972448,91.81,17.91,68.38,0
fb26f262,1778972508,52.41,47.46,46.38,0
b0660201,1778972568,63.47,2.06,41.59,1
3cd0a90c,1778972628,27.13,17.02,61.63,1
ef3db27e,1778972688,31.61,29.89,84.72,1
e6a20b60,1778972748,36.65,-0.86,31.86,1
0098d340,1778972808,80.33,21.26,62.83,0
574d77cd,1778972868,31.27,35.32,64.51,1
8a64b975,1778972928,53.34,36.92,56.95,0
34a1f390,1778972988,23.24,11.61,42.21,1
ab94e18a,1778973048,4.09,13.82,70.16,1
71cb7c0d,1778973108,100.0,20.94,37.37,0
9a711ebb,1778973168,49.85,49.53,76.77,1
35ad6217,1778973228,40.38,45.84,69.28,1
921a3146,1778973288,52.05,12.84,58.02,1
bd2a6d42,1778973348,64.21,8.28,71.99,1
e5c6ea27,1778973408,45.63,0.41,44.89,1
b58c1c22,1778973468,24.09,48.54,86.26,1
566f053b,1778973528,77.15,-2.05,69.49,0
99704a3c,1778973588,100.0,35.89,54.0,0
2a5ba5e2,1778973648,50.26,13.92,33.76,1
682692e5,1778973708,40.71,-5.91,40.15,1
d0a9f30e,1778973768,51.42,47.95,70.59,0
b9fcc3b8,1778973828,4.94,20.37,47.07,1
15807d5f,1778973888,26.52,28.45,57.12,1
9f5f405d,1778973948,63.5,29.01,34.35,1
47d21f21,1778974008,44.66,-6.51,89.81,1
4968f856,1778974068,35.91,-2.72,51.78,1
7014ca28,1778974128,34.66,31.53,53.95,1
a8a50cfd,1778974188,50.39,49.8,45.43,0
c9278d56,1778974248,60.92,8.38,83.81,1
4b94b004,1778974308,62.49,15.57,100.0,1
74ff50d2,1778974368,15.83,12.07,55.5,1
741091ed,1778974428,80.2,34.02,53.67,0
0e684b70,1778974488,35.59,-8.85,8.18,1
9dad3b7a,1778974548,71.58,-1.77,44.07,0
54a7510d,1778974608,13.03,-9.27,63.67,1
7e8cfaa2,1778974668,25.15,22.88,59.38,1
41c1e435,1778974728,79.91,-4.12,56.83,0
ef8cf1a9,1778974788,20.17,9.48,59.2,1
1c8a1d11,1778974848,45.68,12.55,94.23,1
946b76af,1778974908,28.13,37.1,14.47,1
9bad0911,1778974968,33.27,31.29,80.8,1
4c683228,1778975028,10.02,40.45,51.87,1
202f3e61,1778975088,100.0,29.56,47.89,0
63129572,1778975148,56.91,26.84,75.99,1
26d67066,1778975208,50.8,-0.99,44.93,1
54a9638f,1778975268,52.22,30.81,94.44,1
2f39246f,1778975328,40.87,-5.72,63.69,1
06f46137,1778975388,29.94,7.79,85.98,1
433a8a94,1778975448,80.01,29.68,46.86,0
a83cd702,1778975508,38.71,-4.1,51.28,1
82954d8f,1778975568,79.64,5.9,74.38,0
5638a524,1778975628,65.18,12.92,86.22,1
4f719c94,1778975688,41.93,26.9,54.98,1
5013d260,1778975748,66.04,21.82,84.49,1
2500cdbb,1778975808,33.91,48.8,78.56,1
7b82d08f,1778975868,86.39,34.88,95.99,0
37635c72,1778975928,63.46,-2.31,81.45,1
8cc8d25a,1778975988,63.92,3.48,55.79,1
8c8ebe78,1778976048,23.88,16.36,20.67,1
4a8eb95d,1778976108,64.49,4.44,62.95,1
2ff4438f,1778976168,44.47,43.22,54.46,1
d7eef871,1778976228,16.49,38.96,78.26,1
0f5203ff,1778976288,45.82,35.3,65.65,1
728be8b0,1778976348,80.34,33.71,57.2,0
1bf0b96a,1778976408,66.57,0.65,83.47,1
901c0141,1778976468,58.16,46.24,60.61,0
af234549,1778976528,59.99,39.07,46.97,0
8a5bd824,1778976588,50.76,40.44,30.16,0
0fe2b862,1778976648,57.72,25.42,94.04,1
53efd460,1778976708,2.52,23.9,61.57,1
940871bb,1778976768,68.83,28.18,67.62,1
88753ac1,1778976828,34.44,17.69,69.56,1
56a40cb7,1778976888,44.77,38.0,42.99,1
a066c571,1778976948,56.52,33.98,31.99,0
60a0dbae,1778977008,20.1,11.32,68.89,1
2f13083a,1778977068,56.95,-9.69,89.1,1
cca8d06f,1778977128,30.38,47.48,72.97,1
9e52fde7,1778977188,13.75,-1.07,37.87,1
7083ff20,1778977248,68.06,49.78,52.54,0
1379c820,1778977308,29.57,33.32,18.12,1
62f8d317,1778977368,55.62,13.49,78.65,1
a9f56680,1778977428,92.03,-9.81,44.98,0
af947a99,1778977488,11.86,37.65,85.25,1
03f7b2e6,1778977548,54.53,18.86,43.28,1
75f850cb,1778977608,35.89,24.8,63.69,1
f55788e4,1778977668,96.53,26.21,97.73,0
bfc77246,1778977728,75.6,6.19,71.85,0
81f9092a,1778977788,49.82,-5.38,86.25,1
6d0cd5eb,1778977848,45.75,37.09,50.94,1
01b3269f,1778977908,73.7,21.04,73.64,0
f75bd2d7,1778977968,21.46,9.69,56.13,1
ce423243,1778978028,28.92,3.24,57.3,1
c06b63c3,1778978088,87.84,49.9,72.62,0
2622b05f,1778978148,54.75,15.27,71.54,1
32121826,1778978208,80.53,-2.9,71.64,0
857a47d7,1778978268,78.69,13.03,53.92,0
de274023,1778978328,97.11,1.07,90.86,0
9e9ded3a,1778978388,14.73,-8.43,36.51,1
1ac1a1e9,1778978448,53.52,7.92,24.63,1
98af1dd1,1778978508,75.82,40.52,56.1,0
947ae842,1778978568,62.84,17.49,49.35,1
1d6cf9da,1778978628,22.21,-5.16,58.97,1
2024d182,1778978688,49.31,16.21,95.45,1
28605719,1778978748,72.5,-0.47,75.56,0
e03e56fb,1778978808,25.04,35.08,66.04,1
1b149a0c,1778978868,58.84,-5.86,62.43,1
2fc56e8f,1778978928,47.5,5.7,55.93,1
52cb9057,1778978988,58.88,4.97,55.58,1
f3d9ed5a,1778979048,72.84,16.98,43.94,0
58143c4a,1778979108,36.85,-6.24,59.72,1
a9851ed2,1778979168,0.0,10.84,77.68,1
0402f90b,1778979228,56.18,23.61,61.75,1
0fe94ed0,1778979288,10.94,33.85,49.42,1
857a14e4,1778979348,22.24,23.92,71.34,1
d26f9a3f,1778979408,61.66,26.51,59.29,1
79b024ca,1778979468,29.79,-0.93,53.69,1
582a95cf,1778979528,31.64,41.04,43.79,1
2bcd3f6a,1778979588,75.44,-3.11,100.0,0
264792cc,1778979648,60.72,-5.94,73.86,1
944b09a0,1778979708,59.49,-5.1,96.23,1
82b12720,1778979768,23.2,-0.05,1.57,1
fc9451bd,1778979828,38.79,14.71,100.0,1
5a7e5298,1778979888,65.48,-6.26,100.0,1
46207fb3,1778979948,84.93,17.55,61.14,0
571aa42a,1778980008,33.85,-0.12,44.02,1
d3c4970e,1778980068,79.05,21.16,44.63,0
93d40be8,1778980128,58.08,42.77,54.95,0
f188b948,1778980188,40.99,17.07,70.23,1
dd555c9a,1778980248,72.08,22.32,58.44,0
efa22fb0,1778980308,25.66,29.41,59.89,1
5ed70ca9,1778980368,39.34,36.54,82.97,1
6ad1c572,1778980428,4.23,37.57,64.01,1
1a44e086,1778980488,96.83,37.87,81.6,0
ed7fa2d3,1778980548,69.13,21.98,56.16,1
3c0432f7,1778980608,62.12,37.6,43.07,0
c52e54d6,1778980668,70.85,44.37,51.44,0
a3cab40d,1778980728,41.63,1.05,51.93,1
90db7630,1778980788,57.45,-0.87,75.22,1
5ff1106d,1778980848,100.0,-4.99,38.65,0
438ee0b5,1778980908,54.79,20.31,64.82,1
87b9f631,1778980968,48.01,49.05,69.05,1
2f96da5a,1778981028,78.72,-0.04,88.65,0
5c5a1dab,1778981088,45.32,-0.27,79.71,1
fbec7ed3,1778981148,50.82,21.64,54.66,1
3319cac2,1778981208,64.49,-5.24,66.52,1
08ed7e97,1778981268,29.87,41.49,71.93,1
0d30cc00,1778981328,54.21,32.61,86.35,0
5a96b1b6,1778981388,42.41,39.3,20.89,1
ce5c97ac,1778981448,0.0,19.65,47.84,1
aef2a7ca,1778981508,37.54,0.43,79.85,1
c5e2e87c,1778981568,71.02,-3.96,70.93,0
7fb1f84b,1778981628,35.87,10.88,51.79,1
c29fecf3,1778981688,90.38,29.07,53.55,0
9c9952c5,1778981748,12.04,40.49,84.88,1
b66101b7,1778981808,60.09,28.05,59.52,1
ceb3b733,1778981868,59.31,9.51,44.2,1
113f4a5a,1778981928,38.38,0.49,64.02,1
0bec115c,1778981988,39.95,40.22,70.49,1
ceda9aa1,1778982048,71.78,31.65,33.08,0
3bc0ef72,1778982108,1.6,2.76,62.52,1
80e726de,1778982168,62.85,42.27,63.59,0
a6268195,1778982228,68.09,29.9,73.35,1
4689d916,1778982288,60.25,30.24,55.17,1
bb73b68d,1778982348,25.84,16.82,63.0,1
3b9b6fa0,1778982408,77.68,22.8,57.59,0
1fcaa8ae,1778982468,56.32,-3.36,58.73,1
6b17ab2c,1778982528,36.62,34.39,58.19,1
f83e777f,1778982588,44.45,41.5,68.43,1
19e2a657,1778982648,62.83,35.24,54.81,0
d18b9b8f,1778982708,72.22,6.89,49.46,0
506d94cb,1778982768,59.18,-4.21,96.76,1
bf2e319e,1778982828,2.87,25.9,54.07,1
f4a9f9fc,1778982888,23.66,34.59,38.64,1
4bb7de61,1778982948,60.71,25.59,77.98,1
48639d63,1778983008,47.39,37.67,56.62,1
7cf7e842,1778983068,52.08,49.73,50.66,0
1a883a86,1778983128,51.75,-6.18,83.24,1
c5864a04,1778983188,58.69,-3.1,83.27,1
a0d33190,1778983248,74.38,42.74,70.02,0
ec40c354,1778983308,66.33,15.83,100.0,1
64cd0c57,1778983368,33.65,36.43,23.39,1
68e83d28,1778983428,72.15,16.6,64.6,0
2e3ffa98,1778983488,90.31,25.5,86.3,0
dc7e2905,1778983548,24.64,20.74,75.66,1
57a4bbe2,1778983608,43.85,19.26,43.14,1
47ee82b4,1778983668,60.61,26.04,62.87,1
fe31457d,1778983728,51.09,28.05,93.9,1
85f5a8c7,1778983788,47.36,11.71,56.31,1
1be138b6,1778983848,34.71,-1.6,59.26,1
3cbd9f15,1778983908,44.5,1.77,18.64,1
c1a2ae69,1778983968,12.38,2.42,75.2,1
ff974b24,1778984028,44.88,-9.54,60.14,1
c8d9652d,1778984088,42.27,38.16,44.96,1
265b8c66,1778984148,62.0,7.61,100.0,1
9296e061,1778984208,46.0,-4.77,73.43,1
c297b8a2,1778984268,27.84,10.71,65.37,1
102f41b5,1778984328,76.9,19.61,60.43,0
c87b4386,1778984388,40.02,13.67,46.94,1
e10a0d9f,1778984448,4.92,44.46,28.32,1
e847bd0a,1778984508,69.3,8.56,90.63,1
999f7c79,1778984568,37.92,5.46,62.94,1
449505e5,1778984628,53.62,31.2,47.7,1
1b69f09d,1778984688,43.29,17.37,42.18,1
b24d126b,1778984748,27.8,15.14,53.86,1
318e5386,1778984808,46.72,-5.19,61.54,1
e5325911,1778984868,62.8,30.11,56.63,1
eed80675,1778984928,22.74,25.62,88.22,1
3a11df3d,1778984988,55.17,42.42,75.18,0
8fa59414,1778985048,34.69,44.15,67.23,1
d13290ec,1778985108,51.46,-1.47,45.1,1
23a46963,1778985168,49.17,7.7,55.84,1
c2a314e6,1778985228,100.0,-7.38,50.29,0
8f5e2dc8,1778985288,54.0,10.59,39.45,1
97cd9718,1778985348,71.39,40.74,85.75,0
909a49b4,1778985408,33.84,30.38,95.51,1
d965ca6d,1778985468,26.4,37.34,38.11,1
09c11bfb,1778985528,84.81,39.35,55.0,0
57e12d0a,1778985588,4.52,24.93,46.14,1
65d3e6a1,1778985648,82.61,32.34,26.75,0
922ac4a8,1778985708,25.33,0.01,89.64,1
72f7c883,1778985768,22.36,43.41,55.7,1
0d02e4bc,1778985828,25.89,-8.47,51.4,1
237bc8d5,1778985888,82.76,10.44,87.91,0
62140e22,1778985948,46.23,8.67,45.72,1
acbc61e8,1778986008,74.12,11.88,92.31,0
68bb3746,1778986068,97.28,-1.57,50.76,0
47b9725f,1778986128,38.15,20.33,59.71,1
293e739d,1778986188,47.45,-7.66,68.19,1
40476b11,1778986248,47.79,-0.4,52.6,1
019bd973,1778986308,4.91,44.0,52.9,1
5d512bec,1778986368,67.42,26.18,53.32,1
8a848649,1778986428,11.51,10.42,30.27,1
de6d0386,1778986488,20.15,23.22,62.86,1
d49c378e,1778986548,89.32,40.02,65.01,0
638eb2d1,1778986608,4.97,5.56,49.15,1
4454f593,1778986668,18.46,47.99,42.7,1
c0c11096,1778986728,0.52,24.83,74.96,1
d5ca6780,1778986788,45.7,27.57,37.84,1
038c8dc3,1778986848,0.0,49.63,54.28,1
ff4ea6c1,1778986908,57.3,24.16,77.99,1
708ebbca,1778986968,19.26,13.71,69.93,1
e307b28b,1778987028,49.25,22.58,48.65,1
739891ec,1778987088,56.34,22.0,69.35,1
487f7aa2,1778987148,40.96,37.65,65.6,1
3a0afe2a,1778987208,65.54,46.64,52.61,0
13e3c782,1778987268,46.88,48.86,36.55,1
ff04be17,1778987328,78.15,25.32,58.97,0
51a05758,1778987388,13.8,2.19,43.15,1
5759027f,1778987448,35.11,20.68,87.49,1
c5054caf,1778987508,100.0,41.93,54.61,0
ebc5c62d,1778987568,48.63,39.65,65.71,1
6f3bf243,1778987628,60.37,47.36,89.84,0
33634d04,1778987688,45.07,41.24,56.97,1
1fcc938e,1778987748,79.15,43.59,55.91,0
1e809e3e,1778987808,64.84,27.6,1.19,1
93b16165,1778987868,98.93,33.36,55.17,0
066c2486,1778987928,30.68,7.96,68.14,1
a0dab7c0,1778987988,78.63,6.73,49.37,0
86f2a135,1778988048,73.83,7.68,70.26,0
e254bba3,1778988108,62.88,-1.43,74.31,1
753426bb,1778988168,70.01,29.51,75.09,0
73b41c2d,1778988228,64.61,26.82,68.99,1
7eb769b6,1778988288,49.34,-5.34,42.36,1
ad5bf824,1778988348,8.99,-6.04,27.35,1
21913d8c,1778988408,30.19,38.49,53.84,1
3aea191c,1778988468,50.75,7.97,72.17,1
c0f2af90,1778988528,50.03,37.67,43.66,0
71465dfa,1778988588,45.52,-5.63,61.65,1
cfd0c2e9,1778988648,9.81,3.94,44.75,1
f7b70c17,1778988708,71.82,45.75,47.4,0
b667b4ee,1778988768,70.74,9.29,56.12,0
10776b08,1778988828,11.48,28.43,57.35,1
f08646f1,1778988888,51.5,11.47,65.55,1
fb94bb5b,1778988948,28.63,43.32,66.7,1
74aa791f,1778989008,0.0,25.15,63.68,1
ccf49d4a,1778989068,33.78,30.96,63.78,1
fdcdf09a,1778989128,70.18,39.35,40.53,0
d62a2774,1778989188,55.91,21.21,87.39,1
97950981,1778989248,59.81,6.28,49.82,1
2d7c7fa8,1778989308,4.17,-1.97,59.44,1
d6d3ee40,1778989368,36.9,34.92,63.05,1
85a12af4,1778989428,34.35,6.57,60.31,1
df8baf80,1778989488,41.8,40.36,63.1,1
9123b2af,1778989548,28.54,-3.89,82.51,1
2a477145,1778989608,16.35,40.56,43.61,1
03e409d7,1778989668,75.69,43.51,46.73,0
46b018d1,1778989728,71.27,12.64,57.25,0
a8f04a0c,1778989788,48.36,13.26,99.63,1
eb47c818,1778989848,85.57,-9.74,78.52,0
231413f2,1778989908,63.06,29.98,43.67,1
8038e3e2,1778989968,52.22,7.88,63.95,1
0e06932e,1778990028,55.08,28.65,54.31,1
3ad54140,1778990088,46.51,47.41,51.0,1
ae322885,1778990148,0.0,17.46,60.34,1
9d356051,1778990208,36.24,12.19,35.59,1
fbb1f30a,1778990268,80.88,41.02,53.6,0
c5c66cb3,1778990328,65.56,18.34,37.22,1
14f598b9,1778990388,43.17,30.67,67.3,1
947f462a,1778990448,11.16,-1.8,76.36,1
ee2b01b5,1778990508,81.86,8.94,76.2,0
b88ae86b,1778990568,20.26,32.79,92.85,1
99fac9bb,1778990628,54.81,7.24,57.04,1
f4f55d41,1778990688,36.4,-3.31,56.74,1
595190cb,1778990748,6.4,40.13,62.38,1
79754dec,1778990808,44.29,19.57,40.11,1
4899cb9e,1778990868,69.47,25.71,11.8,1
127bf695,1778990928,49.52,47.81,54.74,1
88420a62,1778990988,100.0,8.71,64.33,0
fd9bbf4a,1778991048,67.88,21.28,74.36,1
d088fc23,1778991108,44.06,5.93,63.84,1
76bec7c0,1778991168,52.55,10.89,90.98,1
924f7f92,1778991228,74.72,48.45,32.97,0
03a9157d,1778991288,54.33,36.82,64.88,0
894df685,1778991348,0.0,8.17,41.27,1
9fd0221c,1778991408,47.42,34.85,27.14,1
a6bc110d,1778991468,32.62,47.47,59.18,1
01e0f756,1778991528,50.52,47.77,64.61,0
268a5ef7,1778991588,44.86,3.52,47.0,1
445af24e,1778991648,40.62,27.34,53.65,1
675fabec,1778991708,59.83,-1.18,88.26,1
4792bd8c,1778991768,62.46,13.29,82.8,1
68204969,1778991828,20.75,10.71,76.97,1
5425ce4a,1778991888,44.15,18.2,69.33,1
09105475,1778991948,58.25,-6.27,72.4,1
bba800fd,1778992008,29.12,-1.94,100.0,1
22c2f505,1778992068,50.95,4.51,71.69,1
bd84e1a8,1778992128,100.0,-5.43,60.14,0
91cfcf71,1778992188,71.04,17.58,47.65,0
13709b5e,1778992248,0.0,-7.37,90.67,1
7594a26d,1778992308,44.98,2.55,35.36,1
b888cb1f,1778992368,39.27,47.64,71.77,1
ce0250db,1778992428,51.2,5.57,66.64,1
959c858d,1778992488,100.0,-5.62,32.74,0
20308fb1,1778992548,54.07,1.41,60.83,1
94b4e7ce,1778992608,60.65,35.44,60.38,0
387451e3,1778992668,47.88,33.1,35.13,1
d420ebb8,1778992728,67.99,30.0,34.13,1
a3b746f1,1778992788,55.8,36.3,35.94,0
15e50755,1778992848,42.17,-9.46,59.99,1
fe4b196a,1778992908,65.46,3.72,55.85,1
0f98cb57,1778992968,18.74,9.3,72.09,1
14c9bf66,1778993028,61.74,-4.28,74.28,1
36f83774,1778993088,39.08,18.85,58.68,1
184ab05f,1778993148,30.1,7.33,66.78,1
1c02ca1f,1778993208,68.6,49.6,56.38,0
cee2ee09,1778993268,16.4,35.26,27.93,1
051f7e3e,1778993328,3.34,37.25,80.15,1
ad4e6e24,1778993388,60.16,11.51,28.41,1
87f1055b,1778993448,19.72,1.5,74.62,1
c419f22f,1778993508,11.84,-7.66,60.65,1
a2f11cce,1778993568,39.82,47.03,73.73,1
37243edb,1778993628,11.49,24.81,99.67,1
c2577502,1778993688,90.43,6.95,62.09,0
9e1d8ce0,1778993748,69.48,46.79,54.19,0
9309938f,1778993808,45.27,36.82,78.43,1
f044d253,1778993868,40.98,2.28,0.0,1
5aa3237d,1778993928,18.69,9.89,67.27,1
c50cb690,1778993988,40.84,-5.73,68.88,1
47c24b30,1778994048,0.0,38.65,63.98,1
e69999e3,1778994108,38.04,31.62,79.15,1
363a706d,1778994168,67.01,-0.9,83.85,1
8ebf697b,1778994228,52.74,6.95,81.05,1
7143cbb1,1778994288,37.4,-2.33,58.37,1
4c849060,1778994348,67.26,-6.72,8.83,1
bf4cfe17,1778994408,22.82,3.82,38.28,1
5133502c,1778994468,80.43,40.91,76.41,0
dae005c8,1778994528,6.85,9.52,46.45,1
8092ef09,1778994588,71.59,0.9,71.59,0
b8f2455b,1778994648,69.58,38.4,54.97,0
2642e043,1778994708,86.49,29.66,25.6,0
eb2e1eb9,1778994768,52.13,32.56,43.83,0
34099db0,1778994828,62.01,25.03,48.61,1
ecbfe73e,1778994888,66.26,7.79,29.94,1
7867a4bb,1778994948,74.26,-3.85,76.07,0
315fd6c9,1778995008,99.89,12.16,100.0,0
dfff4360,1778995068,77.05,17.7,79.91,0
09ba6acc,1778995128,55.75,33.74,69.95,0
7c1c1c91,1778995188,39.43,38.42,73.53,1
fb997edf,1778995248,36.04,10.14,38.0,1
eba0770f,1778995308,76.46,23.72,78.75,0
5170a57f,1778995368,49.86,12.83,73.37,1
5724b81c,1778995428,61.35,34.07,49.31,0
139ecf06,1778995488,42.65,40.34,58.57,1
0ee4e9aa,1778995548,48.49,4.1,69.1,1
c068a5cc,1778995608,72.26,22.79,71.5,0
28f611cb,1778995668,95.48,41.76,60.8,0
a499910f,1778995728,62.3,23.16,49.48,1
5124307d,1778995788,25.09,41.92,54.4,1
195af0b8,1778995848,38.03,7.4,42.74,1
173cf7e5,1778995908,59.41,37.8,76.2,0
5a16d241,1778995968,67.09,24.3,32.68,1
a6e0439d,1778996028,51.74,7.26,47.2,1
de011f35,1778996088,24.27,27.28,32.95,1
67dd3bd0,1778996148,80.44,14.27,42.63,0
d5395eea,1778996208,36.6,31.13,25.85,1
377173b6,1778996268,39.19,12.44,56.73,1
fc716643,1778996328,54.0,30.29,70.04,1
7a4c2304,1778996388,20.36,15.1,70.42,1
d041a74a,1778996448,39.66,6.67,65.21,1
c2febfa7,1778996508,37.32,48.82,26.63,1
4a625380,1778996568,50.82,0.76,44.83,1
94eef861,1778996628,87.84,32.27,47.73,0
af128c78,1778996688,3.85,13.86,41.41,1
8e00bbba,1778996748,29.29,18.98,46.74,1
787ce35f,1778996808,26.95,29.41,39.92,1
71896dc2,1778996868,52.19,-5.38,67.92,1
c67b3a40,1778996928,36.33,25.94,54.57,1
bf6258a5,1778996988,87.46,6.04,84.96,0
1cbdc700,1778997048,70.28,32.4,37.03,0
615155b6,1778997108,10.63,6.27,78.52,1
3f769676,1778997168,75.44,46.8,65.43,0
32658ec1,1778997228,44.63,25.26,65.54,1
28cf19b1,1778997288,76.18,14.49,83.39,0
2b514c0f,1778997348,51.09,5.19,54.88,1
0caffca3,1778997408,64.3,13.94,58.76,1
13a661b3,1778997468,40.37,30.35,68.41,1
65c79a73,1778997528,49.41,-4.44,56.51,1
b7fb7f2a,1778997588,57.91,16.04,63.79,1
95006f14,1778997648,39.08,33.41,27.87,1
456e1476,1778997708,50.4,26.8,58.26,1
f1cdd04d,1778997768,17.69,32.84,73.79,1
bd88be24,1778997828,58.98,-9.18,71.36,1
b707981e,1778997888,30.41,6.25,46.19,1
b842420d,1778997948,92.63,26.4,53.98,0
73d68811,1778998008,35.5,47.09,64.79,1
b54278f2,1778998068,60.2,39.38,69.05,0
cf1b4a8a,1778998128,51.9,2.02,74.85,1
911a8203,1778998188,85.43,34.28,73.63,0
717440f2,1778998248,30.92,12.27,60.76,1
d3ffbd35,1778998308,53.85,22.3,75.33,1
6fcdd6af,1778998368,30.35,43.72,32.38,1
cee08458,1778998428,77.67,17.26,72.82,0
4779bf1a,1778998488,16.53,32.33,73.86,1
477e12ce,1778998548,9.62,28.96,19.29,1
cf568faa,1778998608,36.26,16.64,77.19,1
a5f70e62,1778998668,32.74,19.47,60.08,1
22e4593e,1778998728,37.67,29.31,88.87,1
79deea61,1778998788,32.52,-0.37,50.15,1
d45bae53,1778998848,69.76,38.85,66.8,0
7c1e2df6,1778998908,32.64,7.35,66.6,1
c953e572,1778998968,22.87,20.9,43.49,1
e4819daa,1778999028,0.0,11.23,70.66,1
17ede9e7,1778999088,62.05,8.47,70.95,1
b3c31640,1778999148,21.36,20.34,32.73,1
7c6d1887,1778999208,44.26,23.2,42.97,1
aefe4cc2,1778999268,14.98,41.53,60.29,1
ee74e9ab,1778999328,73.05,41.53,69.65,0
60e1683f,1778999388,40.26,26.63,91.82,1
b541ab74,1778999448,61.84,0.76,41.47,1
e33655e5,1778999508,24.07,-2.95,74.88,1
0a23b081,1778999568,74.4,20.9,78.37,0
59b25cbd,1778999628,42.97,11.26,68.5,1
6f629806,1778999688,44.57,21.15,53.83,1
4c8f7be3,1778999748,14.56,-6.54,72.0,1
a262cafd,1778999808,15.56,3.17,48.7,1
67764371,1778999868,52.81,23.41,68.9,1
68d55d39,1778999928,10.35,22.45,22.4,1
299edc18,1778999988,77.15,0.3,81.1,0
d1b4a30c,1779000048,0.0,42.23,60.07,1
a7b2f414,1779000108,63.72,-3.08,100.0,1
f9c1b41f,1779000168,26.86,10.23,65.11,1
51bb6370,1779000228,60.84,2.38,43.88,1
ee58a6a9,1779000288,71.46,2.26,55.31,0
75138733,1779000348,0.0,-8.91,65.19,1
f60541f8,1779000408,100.0,27.71,37.76,0
dcabeb17,1779000468,22.59,-9.4,76.76,1
f04419b8,1779000528,57.02,40.17,95.17,0
40e1c56a,1779000588,59.04,19.11,66.77,1
29a737f4,1779000648,77.41,17.08,47.49,0
52b38fd7,1779000708,58.34,42.95,54.05,0
e4ee27d6,1779000768,30.0,13.27,58.73,1
a5a99b64,1779000828,43.11,22.51,78.81,1
f704afef,1779000888,34.83,12.53,64.23,1
64fec384,1779000948,42.63,49.83,86.92,1
50586b97,1779001008,3.09,3.21,72.39,1
219bab93,1779001068,18.64,-5.88,30.58,1
2cb4aeda,1779001128,34.88,33.36,15.89,1
bd14822e,1779001188,82.23,-9.5,79.36,0
be956451,1779001248,66.29,19.04,37.25,1
7c6ba381,1779001308,56.71,-6.01,90.26,1
9dd179ad,1779001368,61.43,36.92,89.12,0
06c4a6b6,1779001428,68.78,21.08,72.48,1
e24ebba2,1779001488,60.24,27.23,42.78,1
92ebe120,1779001548,31.98,1.7,70.58,1
8a0be1b6,1779001608,57.41,44.49,69.26,0
590fcc82,1779001668,63.54,29.25,88.83,1
ece8d83f,1779001728,54.77,27.94,78.83,1
89c9499d,1779001788,47.69,32.98,35.66,1
06efacec,1779001848,28.81,8.83,46.96,1
300c8014,1779001908,31.05,15.49,46.25,1
305aeef0,1779001968,50.39,1.28,78.05,1
7754779b,1779002028,55.56,12.97,50.41,1
e57ea90a,1779002088,62.77,37.77,80.61,0
e30c90b1,1779002148,73.17,5.84,38.03,0
339685d9,1779002208,54.3,9.47,71.07,1
285975a0,1779002268,29.56,31.68,47.81,1
e8eb0e92,1779002328,61.58,5.88,32.66,1
32a82377,1779002388,76.11,36.68,70.74,0
af696825,1779002448,32.58,-4.7,71.64,1
ef4e4043,1779002508,26.26,15.94,88.69,1
d7980708,1779002568,58.74,-7.66,28.7,1
cb716f23,1779002628,19.12,43.88,83.29,1
ecde7978,1779002688,41.76,44.06,74.64,1
dbc9b0d6,1779002748,38.27,24.6,72.89,1
a17f0368,1779002808,68.92,41.48,72.25,0
6236401d,1779002868,47.57,-2.2,49.92,1
2787f151,1779002928,49.02,37.02,57.31,1
379bf733,1779002988,4.7,29.26,72.81,1
b74c5b94,1779003048,65.55,35.74,86.58,0
39c4332f,1779003108,76.79,27.48,100.0,0
bb21feff,1779003168,56.23,24.86,80.9,1
9e7594b8,1779003228,94.22,13.35,50.16,0
e9729d53,1779003288,62.5,45.69,32.01,0
e4a48ac7,1779003348,44.84,21.66,71.21,1
e4248353,1779003408,65.64,25.59,77.7,1
294aa60b,1779003468,48.35,30.49,46.94,1
288d5e8a,1779003528,23.53,46.5,89.63,1
9b39eae7,1779003588,50.03,31.45,34.46,1
c0d5e3d1,1779003648,75.29,6.52,86.83,0
424580ea,1779003708,60.1,25.96,39.56,1
f7851401,1779003768,64.07,17.31,42.4,1
3d4fa65e,1779003828,73.81,0.18,69.47,0
6c14f4dd,1779003888,88.85,40.29,77.08,0
20a0834c,1779003948,25.49,14.11,100.0,1
a13f6b2c,1779004008,56.03,6.62,36.98,1
1691df5c,1779004068,53.78,25.57,75.31,1
83f7126f,1779004128,38.35,-8.1,56.98,1
1d705afc,1779004188,29.81,26.41,57.02,1
0658123c,1779004248,21.73,41.78,72.45,1
27d7d19f,1779004308,45.84,34.25,64.24,1
0013f9fe,1779004368,72.38,49.83,47.37,0
bf39d73e,1779004428,57.22,17.9,61.5,1
099242b0,1779004488,37.09,48.52,56.07,1
0185c50b,1779004548,58.58,46.28,66.17,0
5e93f6fe,1779004608,44.85,-5.74,45.07,1
7110f466,1779004668,33.51,18.15,45.9,1
850cfa2a,1779004728,37.72,0.05,54.3,1
fa4bb616,1779004788,7.44,37.9,50.74,1
ec87b7d1,1779004848,19.92,3.95,39.16,1
b4f53487,1779004908,40.46,11.32,48.4,1
09f88009,1779004968,38.6,2.63,63.63,1
3e8874d6,1779005028,40.51,10.56,66.64,1
11d16b5e,1779005088,49.21,8.15,43.03,1
e96e9830,1779005148,83.8,-1.77,65.64,0
58d6e987,1779005208,54.6,-1.36,100.0,1
1bf96d12,1779005268,14.34,19.27,75.63,1
0ee9ba6a,1779005328,47.99,8.39,43.34,1
0db7ce80,1779005388,20.35,33.5,13.56,1
91104deb,1779005448,95.81,36.62,76.28,0
dbc84811,1779005508,39.65,22.28,76.12,1
fd604ae3,1779005568,43.03,1.71,76.9,1
96fd89a4,1779005628,92.57,19.55,58.51,0
051f7648,1779005688,81.17,11.68,58.76,0
851e2656,1779005748,43.17,9.69,81.09,1
7d1c8853,1779005808,89.07,-2.44,54.52,0
bd2fe984,1779005868,56.55,24.76,34.9,1
06c7faab,1779005928,100.0,3.79,56.82,0
00f4239d,1779005988,0.0,29.7,77.28,1
9e12bdc8,1779006048,55.42,1.12,38.05,1
68400522,1779006108,27.28,0.97,45.7,1
f24d0845,1779006168,36.29,45.63,76.67,1
cc0b8e35,1779006228,51.69,-1.42,68.9,1
7befd6c9,1779006288,80.45,12.04,49.74,0
9b64f933,1779006348,52.9,40.71,43.1,0
8565d7f8,1779006408,36.72,30.37,69.68,1
74229303,1779006468,32.94,42.44,46.46,1
a0147c91,1779006528,29.04,-9.96,42.27,1
88bdb20a,1779006588,57.4,27.64,67.5,1
3df153f0,1779006648,34.07,17.5,69.17,1
be2d27fc,1779006708,32.14,19.17,54.77,1
d4caedb9,1779006768,26.59,4.29,46.64,1
6de53c8a,1779006828,48.26,17.98,77.8,1
d9d4f46f,1779006888,34.83,19.24,69.15,1
ac2d367e,1779006948,98.48,49.97,31.98,0
031e0271,1779007008,36.84,39.65,87.77,1
fdfecc99,1779007068,35.02,20.63,37.8,1
29d15fd4,1779007128,69.21,20.59,64.31,1
e2b59c3c,1779007188,33.73,-7.91,60.04,1
e6d0a1fb,1779007248,0.0,40.35,94.49,1
7864914e,1779007308,11.17,-7.02,53.97,1
68ad7156,1779007368,35.75,26.5,66.59,1
8a2404ce,1779007428,29.64,12.79,49.07,1
b7511b15,1779007488,38.75,35.05,85.14,1
0a726d2f,1779007548,58.13,4.22,51.08,1
91c0bc78,1779007608,67.14,45.75,96.97,0
640c2dc2,1779007668,34.0,-8.85,56.68,1
b5b00dbd,1779007728,52.45,36.51,85.92,0
26b26f2e,1779007788,32.43,-8.19,35.91,1
07462c5a,1779007848,52.29,45.99,65.04,0
9e8406c2,1779007908,67.38,30.71,30.76,1
e1dca9f1,1779007968,71.73,46.83,50.89,0
c6b28b2b,1779008028,58.28,6.65,70.67,1
0cbb7593,1779008088,71.9,49.41,89.45,0
ee27a74a,1779008148,22.79,-5.26,34.41,1
74d8c71a,1779008208,9.01,10.6,52.15,1
6a227831,1779008268,38.29,45.72,36.91,1
26cf944f,1779008328,58.1,-0.97,37.05,1
41035482,1779008388,48.62,20.09,69.7,1
090797a1,1779008448,45.33,29.71,27.39,1
3f9ef4e8,1779008508,70.62,24.67,76.32,0
2aa54863,1779008568,26.28,14.14,94.95,1
abf46b8f,1779008628,43.25,31.46,71.88,1
3a4b196a,1779008688,29.39,1.08,47.83,1
a6c8b96b,1779008748,29.1,39.86,22.3,1
0a02510f,1779008808,58.81,21.89,48.59,1
322585e9,1779008868,48.43,8.0,22.99,1
ac89e84c,1779008928,15.79,-0.14,99.75,1
c5d91096,1779008988,53.07,44.14,39.83,0
4767a945,1779009048,81.59,29.52,43.07,0
904a6492,1779009108,97.74,43.9,76.2,0
6ea3136f,1779009168,8.63,-9.35,40.8,1
b00c681a,1779009228,61.67,-3.73,70.13,1
9cf6dfef,1779009288,21.74,-2.88,100.0,1
c93164c8,1779009348,53.72,34.33,46.41,0
44d9bf2b,1779009408,51.8,21.94,55.76,1
693e33f3,1779009468,6.39,46.3,71.64,1
d02945e2,1779009528,2.3,-6.98,42.79,1
a4a00b8c,1779009588,53.24,17.48,53.97,1
afedb7ff,1779009648,63.91,5.17,33.29,1
7a5d718f,1779009708,3.36,39.41,80.57,1
3b93ccb2,1779009768,47.66,11.05,86.52,1
9943fd71,1779009828,78.84,9.69,49.63,0
d6eecbb4,1779009888,12.02,40.45,3.36,1
91078067,1779009948,36.11,38.5,33.97,1
77804f4c,1779010008,39.71,17.55,83.08,1
b1a70d67,1779010068,60.27,-2.88,56.26,1
3f3ca571,1779010128,54.76,21.89,68.98,1
a58324e9,1779010188,49.33,14.46,49.72,1
824dba57,1779010248,61.34,48.27,40.35,0
87cc7dde,1779010308,93.09,-5.89,69.98,0
7517f1b7,1779010368,25.93,26.77,55.87,1
09dc1841,1779010428,54.5,-5.39,69.75,1
97a252a4,1779010488,67.87,14.19,19.0,1
95aeff0b,1779010548,60.08,26.71,68.55,1
f9cd4131,1779010608,15.71,-3.65,45.81,1
3fae5b81,1779010668,23.27,30.55,24.26,1
b9fa5aef,1779010728,36.11,13.72,64.09,1
2a1a7508,1779010788,40.57,39.64,53.01,1
0728b148,1779010848,47.67,0.09,49.41,1
f0da1e70,1779010908,53.83,3.88,80.36,1
26c0440c,1779010968,93.87,47.49,60.37,0
2c5466af,1779011028,58.84,46.06,54.88,0
ef0ab9a3,1779011088,55.63,27.79,73.85,1
09449b5c,1779011148,86.61,21.88,48.77,0
1132ff54,1779011208,31.67,33.89,96.36,1
906d99d0,1779011268,42.54,39.98,65.48,1
dc2ed87f,1779011328,80.01,15.88,62.81,0
47a54e20,1779011388,68.31,5.07,55.73,1
c986cc6a,1779011448,48.59,20.85,84.38,1
2a15608e,1779011508,66.82,9.51,24.71,1
bbdf025c,1779011568,47.64,33.7,68.39,1
e2f0208c,1779011628,82.7,38.33,36.42,0
e57210d3,1779011688,46.76,37.0,71.6,1
e8ec8403,1779011748,51.84,29.57,53.27,1
e70e6305,1779011808,31.76,46.31,67.23,1
1ec1b351,1779011868,61.09,3.36,36.96,1
b52d0266,1779011928,61.27,15.03,22.6,1
5bdcd3b9,1779011988,41.8,15.09,53.23,1
02bc905b,1779012048,59.72,-4.95,65.03,1
e372e6cb,1779012108,28.99,-9.0,55.51,1
ef5053b8,1779012168,76.22,-0.22,93.11,0
7030c4f5,1779012228,40.66,42.1,49.85,1
b0840d09,1779012288,46.52,-6.96,74.79,1
8b521443,1779012348,52.09,13.57,49.6,1
937a1289,1779012408,51.82,-9.32,51.77,1
43eae886,1779012468,33.08,-7.58,80.09,1
9ab0fb81,1779012528,6.72,48.43,89.9,1
3ab038f5,1779012588,6.65,32.57,66.82,1
14da631f,1779012648,61.84,12.48,54.65,1
e5b9127b,1779012708,34.24,15.57,61.4,1
ec56d2ce,1779012768,60.81,3.46,69.4,1
a698a900,1779012828,65.89,45.82,49.03,0
c6a86c35,1779012888,47.23,10.25,42.07,1
f07f654d,1779012948,66.93,-6.92,44.5,1
837d107b,1779013008,0.0,10.06,52.5,1
20fdfc8e,1779013068,66.83,-0.32,12.59,1
650988c4,1779013128,83.22,35.61,66.26,0
c69d40f2,1779013188,45.7,6.09,56.61,1
3a6ec860,1779013248,21.14,30.78,24.96,1
dbda271e,1779013308,89.19,1.61,42.81,0
94389469,1779013368,17.07,43.17,75.52,1
eafb4f14,1779013428,42.19,3.8,72.2,1
fb47bac5,1779013488,13.33,30.34,49.97,1
dcccca7a,1779013548,62.91,39.46,79.46,0
adb37de9,1779013608,22.41,34.28,53.38,1
31ea9316,1779013668,85.04,6.24,37.17,0
ff847205,1779013728,72.32,41.97,96.59,0
edcfa9d5,1779013788,42.99,27.16,23.48,1
1e28e0cc,1779013848,11.62,9.82,22.4,1
6f4bbb85,1779013908,78.62,2.09,64.19,0
2b5b2091,1779013968,54.63,39.4,68.51,0
83363679,1779014028,86.74,-9.03,65.91,0
e6df88b6,1779014088,26.19,35.92,46.46,1
8ea9310a,1779014148,64.66,-3.83,52.08,1
2fa7771b,1779014208,72.51,9.46,69.02,0
5ba945fe,1779014268,72.54,26.19,93.77,0
71b89adf,1779014328,68.39,15.74,95.64,1
eaeda236,1779014388,72.95,3.58,44.68,0
22d29b4b,1779014448,23.75,27.52,75.15,1
68ac4dd8,1779014508,29.79,-6.4,74.2,1
b15bf2da,1779014568,57.09,40.97,40.24,0
f549842e,1779014628,42.85,45.73,17.7,1
f0fa0898,1779014688,39.55,-9.18,19.48,1
dfb8165b,1779014748,45.36,-8.33,53.57,1
14813745,1779014808,23.23,22.89,98.23,1
fdf9b39c,1779014868,36.35,29.83,42.59,1
3f5810ef,1779014928,54.62,23.84,78.76,1
632f2350,1779014988,30.67,-4.61,60.01,1
4f2562d4,1779015048,8.29,45.04,81.17,1
0a15dda0,1779015108,23.31,32.88,54.41,1
da66f0b7,1779015168,55.72,31.87,22.84,1
091809cd,1779015228,52.78,30.58,63.05,1
1db31881,1779015288,59.19,7.75,62.96,1
fa97ae51,1779015348,66.32,28.02,37.25,1
cd6f5419,1779015408,44.05,33.73,60.92,1
fc402695,1779015468,79.13,23.39,35.09,0
d0f3e8ea,1779015528,28.04,-4.33,52.44,1
db0ba519,1779015588,31.0,14.12,65.74,1
4900af49,1779015648,72.04,-2.91,74.42,0
b4bf7a80,1779015708,17.56,-9.23,44.84,1
b9c1068a,1779015768,79.25,47.46,62.69,0
5d90d425,1779015828,65.21,-4.9,100.0,1
f7c8bff9,1779015888,0.0,26.43,77.53,1
69a4a809,1779015948,15.28,-4.3,48.1,1
b0df8169,1779016008,34.31,0.61,54.24,1
eb444d92,1779016068,49.21,21.91,65.49,1
81173a55,1779016128,81.92,9.62,66.76,0
cccd31d7,1779016188,29.56,30.35,27.35,1
0c7ddc14,1779016248,21.17,-2.01,82.75,1
df28bd42,1779016308,27.08,24.71,66.53,1
52455364,1779016368,77.52,35.21,81.23,0
241752e7,1779016428,50.0,33.81,81.67,1
4168920c,1779016488,20.45,-8.46,68.99,1
c342be32,1779016548,38.51,27.03,25.24,1
f552a09a,1779016608,40.96,-2.47,68.33,1
ae9caac2,1779016668,100.0,22.48,47.16,0
11ffa043,1779016728,54.9,22.66,41.92,1
4f25534a,1779016788,66.43,39.2,34.59,0
ed16cff5,1779016848,49.94,31.36,48.21,1
286372fa,1779016908,29.06,26.82,38.41,1
072af2cc,1779016968,89.75,11.89,71.48,0
897dbbef,1779017028,37.02,1.4,100.0,1
ff256694,1779017088,62.57,11.52,95.93,1
f9f42b46,1779017148,40.65,35.99,56.89,1
8996675b,1779017208,24.34,30.54,84.6,1
b3e4ff77,1779017268,85.65,17.25,48.42,0
52256558,1779017328,66.97,5.05,57.26,1
d3824b05,1779017388,55.45,48.16,40.42,0
f75f4db3,1779017448,35.15,10.36,56.69,1
03626174,1779017508,18.73,29.49,60.44,1
2f520c92,1779017568,21.17,-3.09,26.25,1
02b36e83,1779017628,44.67,13.24,79.2,1
ff119274,1779017688,32.27,28.89,99.07,1
3d92d9f0,1779017748,54.31,47.27,70.22,0
07604518,1779017808,48.06,26.11,36.09,1
49a7b59c,1779017868,5.08,10.29,89.81,1
87e550ab,1779017928,43.0,-0.24,40.71,1
33785bb7,1779017988,28.99,-6.49,73.53,1
25529024,1779018048,100.0,42.31,83.81,0
a2f805c2,1779018108,3.85,38.18,78.39,1
2e7bd39a,1779018168,29.59,23.95,61.56,1
1bdcbaa5,1779018228,44.89,7.78,76.08,1
113f66e8,1779018288,48.15,15.97,58.49,1
1c741501,1779018348,31.09,46.37,63.45,1
c4649bc8,1779018408,62.64,39.71,89.78,0
ba021ac5,1779018468,48.85,27.81,43.37,1
6e2c383d,1779018528,62.29,6.62,71.4,1
985c2682,1779018588,63.99,-7.58,43.73,1
c4e71af7,1779018648,60.9,24.84,9.36,1
7370fa88,1779018708,54.67,18.88,69.45,1
a052a0d1,1779018768,33.13,16.39,51.94,1
37f196d2,1779018828,18.38,-6.73,90.59,1
04740e97,1779018888,71.02,12.99,64.16,0
64604ba2,1779018948,42.66,-7.1,31.01,1
e695550d,1779019008,60.65,25.28,68.36,1
e083bda3,1779019068,78.54,23.28,48.81,0
708a4cad,1779019128,61.1,37.06,82.03,0
ff244937,1779019188,11.96,47.48,94.93,1
60430c4f,1779019248,100.0,3.23,77.78,0
8b6f700a,1779019308,77.57,1.09,98.71,0
ddf38558,1779019368,53.64,35.82,47.72,0
ef027a1c,1779019428,11.39,29.99,62.65,1
a660118c,1779019488,47.21,-0.2,43.9,1
39ada271,1779019548,37.07,13.2,49.04,1
ab75d8d1,1779019608,46.81,20.7,48.79,1
94da66ad,1779019668,0.0,40.35,53.23,1
6c314234,1779019728,50.47,-6.28,36.57,1
4933de51,1779019788,53.16,23.96,45.31,1
2bcc9561,1779019848,53.92,47.59,80.47,0
dedf7ef7,1779019908,100.0,-7.26,71.93,0
ca025946,1779019968,38.64,0.19,55.63,1
36485f2f,1779020028,9.06,11.49,62.39,1
4ba3df61,1779020088,74.45,-5.39,17.89,0
fd0e5df7,1779020148,22.16,19.38,95.4,1
17799985,1779020208,40.97,10.12,58.72,1
3c0656e9,1779020268,52.76,33.72,70.15,0
4ab3fb3f,1779020328,26.89,4.22,28.05,1
5d4dc6b9,1779020388,65.52,22.82,80.8,1
3df78fe0,1779020448,70.39,-5.64,59.04,0
4b5fabe1,1779020508,27.56,36.95,33.76,1
9b689a64,1779020568,51.13,3.48,61.02,1
2a33a81a,1779020628,11.82,48.69,25.96,1
acfacda2,1779020688,62.51,10.05,49.33,1
caa7ae5f,1779020748,36.15,24.7,91.98,1
3f8bfe13,1779020808,60.87,41.99,69.51,0
b95ff27c,1779020868,53.99,-1.6,52.68,1
73fab261,1779020928,81.99,14.16,15.66,0
51839f59,1779020988,53.93,-1.89,60.12,1
762516ee,1779021048,25.86,-2.02,92.58,1
c244898c,1779021108,84.2,19.03,36.63,0
2cb1eaa3,1779021168,4.21,25.63,38.97,1
594197d0,1779021228,20.49,18.3,65.27,1
a3f07003,1779021288,100.0,2.61,91.89,0
85968611,1779021348,80.12,23.83,47.52,0
b2a229d8,1779021408,71.99,24.04,38.45,0
5fb883fc,1779021468,66.42,26.61,76.56,1
07aa9698,1779021528,22.21,5.68,59.28,1
077c242c,1779021588,95.24,20.82,30.52,0
e5f5cbf0,1779021648,4.0,34.08,59.35,1
041c1b67,1779021708,51.6,46.49,52.8,0
9e793d37,1779021768,47.17,-4.51,34.02,1
13078cd9,1779021828,71.31,14.44,100.0,0
119a20a9,1779021888,73.96,1.78,61.03,0
ad71cdf3,1779021948,73.41,25.82,63.7,0
5b9bfa55,1779022008,42.56,34.99,86.24,1
7d8c378b,1779022068,53.61,0.85,76.53,1
e80cd7a5,1779022128,29.2,4.81,47.23,1
0da197bd,1779022188,63.06,25.28,23.3,1
0af2b7c6,1779022248,98.01,-5.11,35.54,0
51a99477,1779022308,12.77,7.0,61.88,1
e848dc13,1779022368,80.99,-9.17,52.08,0
b37573b4,1779022428,83.42,37.92,83.65,0
7eb5cc49,1779022488,100.0,29.78,30.41,0
9106e2db,1779022548,61.99,49.82,63.98,0
32191f18,1779022608,25.67,42.79,80.14,1
cb4ef6dd,1779022668,43.08,3.24,69.02,1
c6c0f644,1779022728,100.0,4.34,60.01,0
3baad678,1779022788,69.79,8.76,75.72,1
4e8e64b6,1779022848,16.26,48.59,51.7,1
e92233d4,1779022908,63.99,8.2,63.75,1
2c471026,1779022968,67.32,31.5,74.69,1
922c626f,1779023028,47.62,-2.16,68.34,1
ba1555ec,1779023088,79.87,24.5,77.89,0
fa1f3ebd,1779023148,50.56,8.73,30.78,1
44e477ab,1779023208,97.44,34.71,41.04,0
9610be49,1779023268,37.47,6.15,31.64,1
97c1857f,1779023328,64.91,44.56,47.31,0
d1de3d83,1779023388,83.54,43.82,46.14,0
5fa07c43,1779023448,41.52,47.38,67.4,1
9d530b7f,1779023508,12.3,-6.25,36.86,1
2192246b,1779023568,25.25,4.91,59.3,1
06eb1b36,1779023628,74.76,42.53,48.26,0
8fa74e22,1779023688,69.57,41.43,51.38,0
601accc3,1779023748,35.88,31.42,68.46,1
e2f990e6,1779023808,53.73,9.9,67.28,1
229fc0a7,1779023868,100.0,20.63,60.18,0
5ab6cca9,1779023928,41.0,38.14,45.44,1
b70f7391,1779023988,46.78,29.74,66.81,1
f8542e13,1779024048,68.28,46.74,71.81,0
3c479e0d,1779024108,70.42,-2.1,51.47,0
2865c014,1779024168,75.74,30.66,77.45,0
11044182,1779024228,63.83,0.13,52.65,1
e40592a0,1779024288,51.83,18.53,57.0,1
22e71e55,1779024348,41.23,0.1,81.0,1
366237a5,1779024408,54.47,1.35,84.58,1
6fdc2824,1779024468,52.28,26.26,96.13,1
1843a572,1779024528,81.88,39.77,56.97,0
d7fb13f2,1779024588,35.17,40.33,66.29,1
4bfc228c,1779024648,80.45,11.78,81.15,0
20f95a86,1779024708,59.04,-3.24,72.16,1
b591e791,1779024768,73.33,-7.17,55.55,0
540135ed,1779024828,51.82,27.88,63.75,1
5b7c864c,1779024888,27.09,46.52,43.26,1
28177c99,1779024948,74.91,13.59,45.41,0
86629fc9,1779025008,60.6,12.15,60.79,1
049b9725,1779025068,15.79,21.23,34.93,1
afc5cf37,1779025128,75.32,20.33,56.84,0
25e87b6a,1779025188,21.56,48.96,60.49,1
5f593a07,1779025248,45.46,29.79,57.87,1
a4bff8d6,1779025308,11.16,15.33,94.92,1
d8af782d,1779025368,34.45,39.22,71.65,1
46008d5c,1779025428,25.11,17.48,96.55,1
d46d066d,1779025488,71.45,20.77,43.44,0
4f9061c6,1779025548,72.41,49.74,26.56,0
9b3952d0,1779025608,69.83,10.7,57.56,1
38f07412,1779025668,14.77,-9.99,51.83,1
776a641d,1779025728,32.13,-2.78,70.43,1
36661f59,1779025788,53.74,45.73,54.23,0
22191397,1779025848,25.12,20.74,56.37,1
84bfcc76,1779025908,19.16,27.28,30.21,1
e662a27c,1779025968,35.35,-7.86,66.58,1
96cce1a1,1779026028,47.34,38.14,50.92,1
9bdbfff6,1779026088,32.69,30.54,20.62,1
387e746d,1779026148,78.46,41.96,60.56,0
3682a85f,1779026208,56.93,18.99,59.55,1
e0850884,1779026268,56.21,49.53,27.49,0
c26d5172,1779026328,25.62,-9.58,86.07,1
dd91bc2b,1779026388,14.47,39.13,49.66,1
40d6538f,1779026448,75.05,-9.96,50.05,0
1007f5eb,1779026508,23.41,4.01,44.2,1
2087d923,1779026568,5.72,15.04,69.43,1
dd966bf7,1779026628,73.0,44.32,53.97,0
609f2cbd,1779026688,0.0,-3.59,58.28,1
9ae16851,1779026748,23.59,9.22,38.83,1
e06785f8,1779026808,61.61,-2.65,48.99,1
80c851d3,1779026868,27.72,-5.77,66.39,1
ad049ff8,1779026928,54.53,-5.33,86.07,1
d730749b,1779026988,44.93,41.24,64.41,1
5a52d709,1779027048,50.2,36.17,53.49,0
29e17987,1779027108,34.02,7.34,42.18,1
7b8f7873,1779027168,15.29,22.67,27.99,1
6b05e0fd,1779027228,62.2,0.05,42.64,1
f280d780,1779027288,50.87,37.79,20.63,0
55fdc192,1779027348,69.76,-0.65,86.01,1
c15b1678,1779027408,28.59,12.64,61.95,1
f2169d3a,1779027468,37.41,6.44,58.11,1
ee21f9b8,1779027528,40.43,0.75,57.53,1
e1dfcf04,1779027588,63.93,-1.53,57.32,1
ad72390f,1779027648,40.0,48.88,65.39,1
6c7f9e1e,1779027708,82.87,10.56,48.69,0
88c9f674,1779027768,20.6,-1.24,69.75,1
b0f1e913,1779027828,56.97,38.5,77.24,0
32ec14b0,1779027888,44.94,8.82,49.43,1
24562fd4,1779027948,14.95,-1.09,86.4,1
c57607af,1779028008,80.94,12.93,67.6,0
f0eab989,1779028068,43.05,4.25,53.26,1
15f41231,1779028128,74.47,26.06,32.57,0
cd20211d,1779028188,25.37,39.44,88.1,1
bf36e359,1779028248,46.25,38.06,31.34,1
b1973dd8,1779028308,41.8,31.03,76.02,1
a78c61c8,1779028368,40.86,26.59,56.97,1
72868a8f,1779028428,34.9,-5.17,32.33,1
0ee9c672,1779028488,38.7,-4.61,44.21,1
e5e22285,1779028548,23.47,8.46,59.09,1
1e4324fb,1779028608,57.99,43.07,93.07,0
e93a88cb,1779028668,88.63,1.73,100.0,0
765a1803,1779028728,22.57,35.59,30.46,1
c82c446b,1779028788,59.53,34.28,57.28,0
aa3a9bdb,1779028848,73.75,-7.02,64.86,0
dc428edd,1779028908,43.99,3.62,26.6,1
50a84139,1779028968,57.54,15.43,63.51,1
faae05a6,1779029028,57.43,16.69,57.97,1
dcbe1d03,1779029088,0.0,44.57,56.76,1
5ebfc3cb,1779029148,87.83,38.71,67.96,0
096475d3,1779029208,30.0,40.91,21.84,1
edf2cd8e,1779029268,79.84,46.46,48.89,0
4f85bda8,1779029328,84.84,38.31,74.21,0
85e48b3f,1779029388,41.68,-6.92,81.87,1
f2f9e61e,1779029448,91.73,17.02,41.15,0
278c5b12,1779029508,31.45,28.08,85.83,1
a4f23d52,1779029568,64.65,22.74,45.26,1
aa49b60c,1779029628,33.64,34.92,41.39,1
c67a1190,1779029688,12.52,48.04,58.16,1
589a0d6a,1779029748,27.9,43.88,8.23,1
801eeef2,1779029808,96.39,5.13,64.48,0
f1be2cc2,1779029868,24.1,2.36,57.07,1
8eda4168,1779029928,74.01,23.04,69.25,0
6e42d199,1779029988,61.85,26.02,45.59,1
d5bfedc7,1779030048,72.19,48.52,75.22,0
7c0cb0b7,1779030108,3.49,28.91,77.28,1
c9576c54,1779030168,41.26,38.94,44.55,1
dc3939ca,1779030228,8.86,18.41,90.11,1
c9399531,1779030288,39.69,42.18,78.27,1
34efc31e,1779030348,52.42,40.85,57.11,0
78e470c5,1779030408,43.0,-0.07,34.42,1
32e96d40,1779030468,57.86,28.12,96.76,1
fbf0d629,1779030528,35.48,-7.51,47.77,1
ee7af5dd,1779030588,65.75,41.48,22.47,0
9834e655,1779030648,31.71,47.19,97.81,1
8c697f7e,1779030708,58.33,21.66,63.4,1
60db3cef,1779030768,34.79,8.17,67.26,1
3f393e04,1779030828,100.0,26.03,85.05,0
e6bf6445,1779030888,40.07,27.03,37.95,1
e83ea41c,1779030948,51.92,25.5,62.48,1
f7e6d78c,1779031008,64.2,27.4,39.01,1
2718411e,1779031068,43.77,21.72,100.0,1
fbce1d92,1779031128,56.07,1.85,18.36,1
ee1b9020,1779031188,36.95,-4.9,70.14,1
0680a261,1779031248,98.09,16.26,44.51,0
da2bfbc3,1779031308,61.09,10.82,25.96,1
888ebf5b,1779031368,0.0,34.23,60.57,1
e194a6d7,1779031428,49.26,10.18,49.08,1
c0549cad,1779031488,91.08,19.1,67.21,0
d3f052aa,1779031548,100.0,4.2,67.54,0
fccd2d8b,1779031608,0.0,-5.51,47.4,1
1a73fce6,1779031668,32.12,20.29,47.8,1
0b0b167b,1779031728,25.38,-7.81,63.97,1
1d31ad77,1779031788,79.44,5.74,55.75,0
06398cf0,1779031848,37.06,16.94,58.24,1
c24482c6,1779031908,92.11,9.95,96.88,0
e4870c3b,1779031968,33.03,12.01,53.64,1
31eb4cd5,1779032028,55.44,47.98,53.47,0
2505680a,1779032088,89.96,7.11,76.04,0
8dfb2987,1779032148,31.78,18.92,100.0,1
9af9061d,1779032208,29.77,9.08,79.13,1
10959117,1779032268,71.84,26.62,59.39,0
6acce3c1,1779032328,9.6,10.6,65.99,1
36094d9f,1779032388,54.81,20.88,82.9,1
1f0d9ea0,1779032448,47.39,26.19,67.87,1
7ac37596,1779032508,55.88,45.95,49.2,0
e629294a,1779032568,24.51,24.9,64.13,1
4c7ea536,1779032628,37.47,42.79,88.53,1
439bbb0b,1779032688,68.75,27.41,65.59,1
513db7e0,1779032748,40.1,2.11,44.65,1
2dd5be03,1779032808,54.73,30.58,65.94,1
b0a85dc6,1779032868,27.14,35.39,48.48,1
25d8b0f8,1779032928,11.56,27.0,57.1,1
bcbdb5f0,1779032988,47.68,18.11,55.08,1
174168ef,1779033048,40.29,2.21,53.89,1
087f327a,1779033108,39.82,23.92,89.43,1
530c42a4,1779033168,82.78,43.11,55.51,0
66df8300,1779033228,51.99,44.79,42.82,0
45902114,1779033288,78.49,-1.98,52.25,0
7e49218b,1779033348,54.18,11.8,68.35,1
fc6a8831,1779033408,47.16,9.93,64.43,1
2970fd36,1779033468,75.44,45.76,75.41,0
371fcf72,1779033528,64.89,34.31,48.2,0
aecb7ca9,1779033588,45.96,6.97,47.5,1
905c7511,1779033648,83.78,48.6,77.72,0
0badbb1a,1779033708,80.3,16.07,50.14,0
d6a1f238,1779033768,44.99,46.86,64.64,1
c2b371f1,1779033828,33.09,35.37,38.11,1
b4b9e3cb,1779033888,88.97,16.67,29.39,0
513cd038,1779033948,28.98,-6.49,75.0,1
43a450a4,1779034008,43.93,0.08,22.2,1
c94020ce,1779034068,21.04,-6.56,26.37,1
14174d29,1779034128,73.94,-0.9,64.15,0
c691b657,1779034188,92.11,15.16,80.0,0
d4679bf3,1779034248,31.62,20.28,93.12,1
0e7135a7,1779034308,42.95,12.1,61.97,1
ed3394ce,1779034368,48.6,20.12,66.76,1
16e9724d,1779034428,56.41,24.92,69.67,1
c4961bce,1779034488,59.53,17.41,66.23,1
0b6d65fd,1779034548,0.0,48.0,49.7,1
2dce528a,1779034608,37.13,41.78,64.87,1
f39433c4,1779034668,30.85,22.98,59.31,1
c75d9205,1779034728,74.75,2.24,55.66,0
474e9447,1779034788,55.58,-6.72,85.25,1
289eda56,1779034848,50.32,7.45,69.6,1
bdec98c2,1779034908,78.65,8.29,58.04,0
449e4283,1779034968,42.57,7.87,55.07,1
64e2f0f2,1779035028,46.18,3.65,90.16,1
bfafb35e,1779035088,37.9,46.4,40.68,1
7eebd591,1779035148,16.77,43.47,58.78,1
47da3fe3,1779035208,95.34,49.02,53.14,0
5c0ebfdf,1779035268,25.7,1.06,79.65,1
3f80163f,1779035328,38.03,18.06,67.19,1
5018ee1a,1779035388,17.28,-8.37,98.69,1
0c90b6b8,1779035448,59.89,15.97,65.27,1
a2deefe6,1779035508,7.3,13.35,100.0,1
20c539e0,1779035568,77.43,45.61,28.69,0
b5878eb9,1779035628,50.27,17.17,71.22,1
7a4466f9,1779035688,56.09,6.95,38.2,1
547e1ccb,1779035748,33.1,49.93,28.57,1
8ed6e50d,1779035808,52.76,-5.05,47.47,1
3a81843f,1779035868,44.87,20.63,36.54,1
96158f6a,1779035928,28.58,-4.78,37.48,1
95d1b272,1779035988,46.01,24.25,68.6,1
bb177ff0,1779036048,51.14,-9.15,71.17,1
3335fb60,1779036108,41.52,31.57,27.15,1
b91e4ec2,1779036168,58.11,22.0,23.92,1
b26385fa,1779036228,20.6,48.65,53.29,1
151f68d3,1779036288,49.86,26.19,83.57,1
b7866633,1779036348,56.11,31.7,29.58,1
e5c77163,1779036408,56.91,26.68,60.17,1
96ad31b6,1779036468,82.17,0.23,47.8,0
4cd02989,1779036528,10.92,15.91,36.41,1
5f37b571,1779036588,47.88,37.64,90.2,1
9a6920ac,1779036648,3.95,38.6,77.84,1
93a8f8a0,1779036708,31.01,20.27,45.58,1
dbb3d5d2,1779036768,54.11,16.73,100.0,1
5f70ce40,1779036828,51.8,41.81,69.43,0
b69dcadb,1779036888,55.24,42.08,38.17,0
33f75956,1779036948,90.79,12.32,72.44,0
59f07268,1779037008,47.71,13.67,42.24,1
9f170ff2,1779037068,40.48,48.0,70.93,1
2b695740,1779037128,68.99,48.0,54.16,0
63115353,1779037188,2.81,21.57,48.07,1
2c07d868,1779037248,21.97,34.19,78.59,1
76cda578,1779037308,10.66,8.94,35.58,1
c8bea6ad,1779037368,0.0,1.54,57.97,1
4a16e1bd,1779037428,16.98,24.59,17.53,1
d689d0fa,1779037488,78.98,26.44,79.46,0
d3593d07,1779037548,56.56,-6.15,47.8,1
450f1ae7,1779037608,87.73,2.66,72.11,0
fa5f15db,1779037668,46.52,3.06,84.1,1
b42516b2,1779037728,80.17,22.69,29.46,0
cff1f33b,1779037788,40.44,4.33,46.39,1
31f452d9,1779037848,39.41,32.24,32.69,1
5ea45283,1779037908,35.37,13.46,35.19,1
8fcce063,1779037968,34.25,-5.92,74.64,1
c5f35f53,1779038028,21.57,20.36,42.14,1
527e7da5,1779038088,62.37,40.69,67.67,0
5b56b338,1779038148,84.87,8.77,39.1,0
0d0a8d51,1779038208,53.86,-9.41,53.27,1
21c4b6bf,1779038268,6.97,31.6,41.68,1
8a091135,1779038328,30.94,38.7,80.73,1
87abbc66,1779038388,38.36,33.62,24.24,1
09fbdd79,1779038448,67.03,26.58,36.93,1
8e41c4a9,1779038508,60.55,6.48,91.14,1
63786df9,1779038568,0.0,24.76,53.65,1
c7da1ee8,1779038628,54.26,27.9,79.11,1
2e468195,1779038688,33.65,3.97,60.55,1
9340a3cf,1779038748,0.85,0.91,58.34,1
edd224c9,1779038808,0.0,5.49,60.95,1
cc654067,1779038868,22.51,45.66,57.84,1
ae497136,1779038928,60.11,-3.63,74.32,1
c896b536,1779038988,66.24,36.07,71.64,0
f297dba9,1779039048,57.69,40.06,43.51,0
6f85a44e,1779039108,96.47,17.5,79.64,0
55fc4bf4,1779039168,36.86,28.34,60.65,1
2c6ba9ec,1779039228,46.88,7.56,43.9,1
a0ca9a2a,1779039288,22.7,31.5,62.71,1
2488279f,1779039348,37.49,-3.74,68.77,1
1c39e1b4,1779039408,0.0,-3.6,100.0,1
92421bc9,1779039468,72.22,39.69,67.22,0
3213fdf0,1779039528,33.33,-3.26,63.96,1
2bceee0b,1779039588,39.84,13.1,47.66,1
c2c873c9,1779039648,53.65,40.1,71.71,0
7329ef01,1779039708,34.42,34.16,66.77,1
4fc990c0,1779039768,70.99,10.46,32.85,0
b1e5187b,1779039828,58.02,-8.52,56.71,1
f2acc6d9,1779039888,77.0,40.18,78.86,0
5e71bb9f,1779039948,83.26,-2.3,86.42,0
6d422ef2,1779040008,46.87,-7.6,76.94,1
b8a565eb,1779040068,77.04,32.09,50.87,0
b6b1919c,1779040128,33.29,15.61,58.78,1
ed0536cb,1779040188,69.42,28.47,58.88,1
8aec0b17,1779040248,56.55,-6.04,21.01,1
881158e6,1779040308,48.3,18.67,64.6,1
cc1a9c61,1779040368,84.24,29.73,38.28,0
b184211a,1779040428,25.22,8.94,78.41,1
3643e6c6,1779040488,58.76,-7.61,43.11,1
cee7e8d5,1779040548,75.03,43.45,65.29,0
a0526dd6,1779040608,5.47,-5.38,15.39,1
5cc2dce1,1779040668,74.89,4.68,70.59,0
949bc63a,1779040728,79.34,42.63,54.55,0
bab20f31,1779040788,57.77,1.55,28.43,1
e8534419,1779040848,63.8,-7.07,73.6,1
1def8807,1779040908,44.69,10.54,83.58,1
0d2db40c,1779040968,28.04,35.4,62.0,1
6b844350,1779041028,18.16,1.29,66.7,1
7cee7088,1779041088,78.74,-8.95,65.93,0
e73ffa87,1779041148,52.39,39.17,48.13,0
8bdb8f2f,1779041208,21.07,25.78,33.34,1
ae2de9aa,1779041268,68.68,24.85,87.97,1
23754449,1779041328,71.08,2.35,83.26,0
62d80b2f,1779041388,28.27,-2.21,53.14,1
1c1c3084,1779041448,71.25,47.76,68.35,0
57c39b72,1779041508,21.34,-3.66,69.32,1
7a5c2077,1779041568,58.08,27.1,85.68,1
9c67a80a,1779041628,67.68,40.07,79.58,0
ad5cb8a9,1779041688,38.47,28.43,75.13,1
7b7a85e5,1779041748,54.99,-7.99,58.38,1
0e3bd8dd,1779041808,20.14,32.73,65.72,1
d200523e,1779041868,36.65,19.66,46.92,1
08b726a6,1779041928,60.52,20.04,48.44,1
5647d2b2,1779041988,19.09,-0.59,73.51,1
1ecb13f6,1779042048,71.42,35.29,93.55,0
d1906d00,1779042108,37.31,14.33,22.81,1
734d0272,1779042168,26.03,23.88,32.95,1
70c8c4dc,1779042228,57.86,5.94,56.25,1
221594a9,1779042288,67.26,0.12,65.31,1
62622911,1779042348,48.77,46.74,69.78,1
0dcb91af,1779042408,20.33,1.3,81.16,1
4c5967c0,1779042468,35.67,-1.37,54.47,1
aa80bf6c,1779042528,45.55,37.73,41.74,1
e32c63fc,1779042588,21.41,-4.14,70.83,1
b62c7e0d,1779042648,37.81,29.35,81.49,1
b7f7092d,1779042708,99.32,30.96,68.3,0
ef5b09cc,1779042768,15.3,-7.66,75.28,1
799b3cf2,1779042828,74.32,24.17,57.79,0
ec6d5ae9,1779042888,62.52,30.46,42.43,1
f8fafa4a,1779042948,22.73,37.91,75.89,1
b0664420,1779043008,55.42,44.61,53.93,0
90d9c996,1779043068,88.09,15.81,32.67,0
8810dcdf,1779043128,4.47,35.73,48.05,1
23e4a8d5,1779043188,53.3,34.25,57.71,0
5d613860,1779043248,47.49,6.08,58.85,1
63350896,1779043308,55.82,33.26,74.42,0
c35c2a1c,1779043368,71.82,-8.31,40.68,0
00ad1aa2,1779043428,86.25,-1.23,31.48,0
13627931,1779043488,36.56,29.14,73.11,1
7cd73d71,1779043548,90.72,-3.55,27.84,0
0a198392,1779043608,69.8,49.96,48.59,0
8d4b8358,1779043668,32.84,29.77,43.13,1
46a9e265,1779043728,86.3,-1.86,60.28,0
69b9e4a0,1779043788,37.33,-3.99,43.01,1
fb07f79b,1779043848,70.22,12.7,48.31,0
5445713f,1779043908,43.65,48.88,46.74,1
2a6d40b8,1779043968,20.58,-0.01,96.41,1
c66a3659,1779044028,41.53,-6.6,56.56,1
7e6d0629,1779044088,55.24,45.73,40.31,0
e5c5e53a,1779044148,80.7,16.75,59.77,0
362671d9,1779044208,75.54,0.44,78.38,0
be3c7cb6,1779044268,84.1,-5.76,32.42,0
80c271da,1779044328,63.64,49.77,16.57,0
c4b5fbf6,1779044388,83.63,15.92,57.83,0
e9b54be4,1779044448,60.54,43.2,86.2,0
6cf6728c,1779044508,93.25,27.8,30.46,0
4875022d,1779044568,22.7,-4.39,54.93,1
ab4ae580,1779044628,31.67,34.16,46.6,1
38586dfa,1779044688,51.7,-0.25,19.6,1
82311ef8,1779044748,43.36,35.74,80.73,1
4f4d4439,1779044808,51.4,17.32,53.81,1
f154aa72,1779044868,44.01,15.36,60.18,1
cc547666,1779044928,38.66,33.93,94.52,1
33be330f,1779044988,66.79,25.31,48.55,1
8818abe7,1779045048,33.32,27.68,45.34,1
64f4dc84,1779045108,42.32,5.5,84.02,1
36084866,1779045168,59.66,16.89,76.76,1
f602c624,1779045228,13.83,27.61,58.82,1
2cd0f863,1779045288,0.0,23.95,3.35,1
6570ba3f,1779045348,93.71,25.17,52.19,0
e3f0dea3,1779045408,15.18,17.84,59.31,1
e9a76bb2,1779045468,57.05,10.12,56.55,1
90e14ffc,1779045528,51.14,27.89,72.47,1
84d86599,1779045588,23.13,12.55,62.49,1
984c799b,1779045648,56.15,16.81,43.95,1
20c3ee59,1779045708,32.72,-0.13,73.75,1
a038033a,1779045768,67.96,32.63,56.85,0
ce2d06a2,1779045828,63.97,-4.95,7.56,1
da60f8dc,1779045888,66.31,-3.43,27.37,1
b0cd3eb7,1779045948,18.55,33.05,74.63,1
44309d82,1779046008,67.32,26.87,82.12,1
aaf4e040,1779046068,20.65,49.28,44.23,1
ed65b82e,1779046128,86.78,31.08,46.01,0
235ed33a,1779046188,33.14,6.88,45.12,1
3cd6af03,1779046248,13.91,-8.82,50.34,1
d7562435,1779046308,18.21,-9.57,35.05,1
01d3ac8b,1779046368,73.78,-1.2,70.54,0
229d71c0,1779046428,60.84,26.98,49.83,1
f1ca88e2,1779046488,53.16,8.54,50.62,1
d80ec2a2,1779046548,82.13,38.66,47.49,0
d58d5c54,1779046608,64.43,14.39,57.43,1
78ec3d2a,1779046668,47.69,43.85,91.13,1
ec0edfc7,1779046728,34.79,38.31,71.85,1
eca11fba,1779046788,38.42,47.14,75.38,1
8050359a,1779046848,100.0,28.71,83.69,0
784db40e,1779046908,50.94,45.94,54.53,0
6a39c763,1779046968,75.18,-9.2,70.36,0
d0d27068,1779047028,0.0,19.94,100.0,1
6512b972,1779047088,55.27,20.19,50.23,1
4a0b1bb4,1779047148,47.8,-1.04,91.77,1
be726892,1779047208,23.85,42.34,69.47,1
c978954d,1779047268,22.9,47.74,67.15,1
cf6a1664,1779047328,30.23,27.61,60.68,1
0aaa5f3b,1779047388,69.21,39.07,47.51,0
a8dc493f,1779047448,50.04,17.3,68.3,1
4570ce9c,1779047508,36.15,22.81,67.64,1
8c18b846,1779047568,28.29,15.08,61.96,1
5f789d8a,1779047628,64.62,-2.27,52.6,1
913081da,1779047688,36.63,27.39,65.9,1
a1bc54e5,1779047748,79.61,4.02,48.2,0
3ada1533,1779047808,18.25,32.82,73.38,1
5ea5eba4,1779047868,56.53,-2.37,80.46,1
9b9bfb18,1779047928,20.42,32.02,54.94,1
cbb79fe2,1779047988,39.89,20.37,65.31,1
8110dc26,1779048048,66.14,22.14,60.39,1
f7996f43,1779048108,76.96,19.58,53.45,0
5826caf4,1779048168,22.62,40.81,0.0,1
33a34ecb,1779048228,41.52,10.0,83.34,1
8cbfcbba,1779048288,100.0,4.3,53.89,0
a44227b7,1779048348,48.33,10.04,89.09,1
aa10170b,1779048408,43.36,46.96,52.0,1
cae25e60,1779048468,27.89,17.64,49.59,1
b89a83e1,1779048528,62.15,23.1,21.01,1
87a48014,1779048588,31.23,47.93,19.12,1
857df30f,1779048648,15.11,4.61,45.84,1
ae9fc552,1779048708,89.56,2.36,54.85,0
ff6638d4,1779048768,85.68,10.32,51.61,0
01a540ac,1779048828,15.28,34.52,66.0,1
2ebd367c,1779048888,57.68,11.15,55.04,1
0e24e010,1779048948,26.51,44.35,83.15,1
48fdd104,1779049008,46.04,19.58,56.32,1
9397ae14,1779049068,67.01,22.69,56.02,1
cef0c770,1779049128,73.09,29.53,38.99,0
50e733b2,1779049188,40.54,-3.18,62.91,1
cf8d2480,1779049248,64.7,20.58,72.39,1
d87110f8,1779049308,29.74,7.08,50.71,1
5a2552b2,1779049368,83.77,22.38,46.93,0
c7797047,1779049428,45.04,45.99,42.36,1
f7d8a20b,1779049488,79.16,17.98,70.62,0
cd1aa21a,1779049548,29.69,42.56,54.26,1
f29063c4,1779049608,35.95,20.74,69.59,1
750b0011,1779049668,100.0,46.77,55.28,0
d01c1d22,1779049728,79.54,-6.98,100.0,0
c9e736af,1779049788,33.07,40.16,68.31,1
dad8257e,1779049848,38.11,4.94,43.48,1
8d440b8f,1779049908,15.87,19.34,45.79,1
b2b2df17,1779049968,54.77,-6.64,59.27,1
54fd11f4,1779050028,36.64,40.19,63.02,1
322aea2b,1779050088,100.0,23.7,87.2,0
c095dab1,1779050148,38.67,9.13,50.13,1
b2ba87fc,1779050208,16.5,-3.02,68.64,1
17fb5673,1779050268,64.6,7.83,72.28,1
1c3b6d05,1779050328,74.84,36.96,87.48,0
27a2ad9f,1779050388,54.29,-0.65,67.82,1
7288fab5,1779050448,65.81,2.56,50.52,1
634d7eb8,1779050508,55.03,14.15,51.55,1
fee05489,1779050568,55.69,-4.57,72.72,1
790fef18,1779050628,24.67,-6.93,26.26,1
12a68f0b,1779050688,23.39,14.06,59.8,1
80f7c1c3,1779050748,80.22,38.19,46.77,0
c6c5d9fe,1779050808,40.2,12.4,39.64,1
e24e0fc8,1779050868,59.52,32.43,51.1,0
5b4e543d,1779050928,37.59,-3.65,36.93,1
09d5700f,1779050988,27.6,49.16,66.07,1
6a553b94,1779051048,37.04,24.71,86.51,1
922189bf,1779051108,52.82,0.47,77.13,1
009af2c8,1779051168,76.57,28.65,52.49,0
1eddddec,1779051228,72.26,43.64,67.32,0
fdf17b6b,1779051288,91.59,35.42,66.1,0
273d7a70,1779051348,21.55,37.85,67.29,1
3955fcb2,1779051408,38.79,17.83,64.77,1
bf50a3d5,1779051468,37.45,-8.92,39.86,1
90fe1254,1779051528,77.41,27.17,16.17,0
bdc375e4,1779051588,74.24,2.93,69.43,0
fb6bf3df,1779051648,50.08,48.89,84.6,0
b2c1d113,1779051708,42.74,28.29,48.12,1
37a09928,1779051768,64.68,-6.06,55.89,1
608d3a61,1779051828,100.0,29.16,83.99,0
3b88d5f8,1779051888,31.51,40.62,33.31,1
aca7c764,1779051948,62.22,23.76,50.87,1
4e286a7c,1779052008,69.75,2.45,79.39,1
cfa45cd4,1779052068,76.47,15.93,63.96,0
b93a7361,1779052128,48.71,-1.43,70.06,1
45a644f4,1779052188,63.08,9.18,57.44,1
9592a788,1779052248,33.61,33.47,55.29,1
5b204296,1779052308,75.85,16.56,46.23,0
ce74e981,1779052368,88.22,12.94,58.38,0
a38846b0,1779052428,0.0,12.04,40.96,1
fad726b7,1779052488,84.46,11.71,62.32,0
b50428a7,1779052548,100.0,6.17,65.8,0
398f51e2,1779052608,57.17,33.41,57.06,0
74ed07f4,1779052668,96.45,-8.24,79.42,0
19e94706,1779052728,54.81,22.74,100.0,1
72724283,1779052788,33.28,1.6,55.51,1
46d702dd,1779052848,47.13,18.0,71.34,1
a7a199bb,1779052908,57.82,20.52,95.65,1
1b600e94,1779052968,70.2,0.09,43.04,0
377359a4,1779053028,45.69,7.18,32.8,1
3ca3c046,1779053088,68.32,29.06,34.52,1
063ed58e,1779053148,42.22,-5.61,84.56,1
f75d0c32,1779053208,89.96,-9.56,74.67,0
a2aa3133,1779053268,36.11,24.15,60.44,1
bbae08b9,1779053328,0.0,46.7,100.0,1
4084a8d0,1779053388,38.15,17.94,63.78,1
2b375a8d,1779053448,45.35,17.33,28.01,1
4595191b,1779053508,4.35,-0.14,80.95,1
b4e3bfdc,1779053568,82.2,29.84,60.29,0
a0a50e9c,1779053628,62.71,44.73,56.23,0
5c533497,1779053688,68.28,48.07,70.77,0
ebb7a9a0,1779053748,55.81,21.8,78.03,1
7da1ee58,1779053808,100.0,23.44,46.27,0
d2536aae,1779053868,28.16,23.9,79.25,1
7286d06a,1779053928,45.74,35.01,43.74,1
c24837eb,1779053988,49.63,9.77,23.97,1
c0819ebf,1779054048,78.05,31.05,56.27,0
6f4e54a6,1779054108,44.46,42.4,65.72,1
b3fd04a4,1779054168,19.59,20.73,37.57,1
14500006,1779054228,73.5,13.76,52.21,0
07fa6627,1779054288,41.62,13.13,33.18,1
7b8c2850,1779054348,53.57,20.31,64.53,1
a9b1e12a,1779054408,49.49,-6.51,65.78,1
e66685b5,1779054468,39.07,-0.59,27.48,1
347ec93b,1779054528,65.24,33.29,28.89,0
ae25fc27,1779054588,88.59,23.73,61.71,0
629afdcc,1779054648,25.16,-2.43,62.72,1
868c8d65,1779054708,6.66,-8.74,64.43,1
9b74435a,1779054768,73.91,48.13,100.0,0
1aa9dae6,1779054828,31.61,23.1,59.47,1
e74769bb,1779054888,4.48,44.4,45.88,1
c09f3331,1779054948,61.3,14.34,35.82,1
f072f784,1779055008,47.12,5.91,53.08,1
75679d1e,1779055068,57.83,6.08,62.6,1
600a9c88,1779055128,30.83,46.04,61.36,1
02302cc1,1779055188,67.65,39.43,83.81,0
196e0642,1779055248,56.21,32.84,61.56,0
b68f2ed7,1779055308,50.81,-2.98,76.11,1
717c28ca,1779055368,23.16,25.55,61.62,1
74c0687e,1779055428,100.0,-9.4,53.32,0
d0712732,1779055488,49.0,47.03,31.92,1
b17062a2,1779055548,19.16,32.88,22.03,1
8a5e38ce,1779055608,10.44,14.65,76.34,1
fee198ef,1779055668,41.87,-8.45,41.26,1
c3506851,1779055728,67.23,2.07,46.33,1
61c510c9,1779055788,48.74,-9.4,43.41,1
e7b73edc,1779055848,53.74,41.27,61.96,0
14493384,1779055908,41.57,36.97,62.76,1
eac1be06,1779055968,59.82,20.51,69.07,1
94676fec,1779056028,64.57,33.63,50.99,0
e81bb368,1779056088,32.69,37.55,46.82,1
95ecfab6,1779056148,39.38,40.5,81.16,1
38043e2f,1779056208,72.7,45.57,62.47,0
f30ce388,1779056268,69.95,43.3,36.47,0
37afaf99,1779056328,100.0,1.31,42.96,0
339548e7,1779056388,49.02,-4.83,24.9,1
777d0e11,1779056448,53.43,-1.33,100.0,1
9f9ac1e7,1779056508,1.73,21.31,46.51,1
79ce31d9,1779056568,47.7,35.66,60.32,1
fab5de31,1779056628,27.96,-6.82,88.08,1
fddc4fa5,1779056688,30.85,1.03,37.44,1
98609d4a,1779056748,21.28,11.37,65.12,1
81d01969,1779056808,63.74,13.19,96.03,1
3beef470,1779056868,88.85,-9.65,20.1,0
f754f4f4,1779056928,55.47,45.2,51.07,0
051e261f,1779056988,30.31,24.14,32.11,1
0a7b6ccc,1779057048,40.78,30.15,64.28,1
8058d00c,1779057108,29.95,-7.05,10.9,1
ae4ee268,1779057168,63.9,17.24,48.17,1
541eb510,1779057228,27.74,41.26,29.55,1
45ed4455,1779057288,28.84,-2.95,78.51,1
9d25f3cc,1779057348,56.6,24.9,56.89,1
8b4adb7e,1779057408,100.0,11.96,76.54,0
8a66ed4d,1779057468,52.63,-3.0,87.76,1
67bdfd9b,1779057528,52.68,46.19,38.43,0
325c3667,1779057588,69.0,35.85,52.12,0
01e7e17e,1779057648,57.27,1.98,49.86,1
0e9e0402,1779057708,50.77,33.53,13.41,0
e80699d3,1779057768,44.38,19.1,41.42,1
52912c53,1779057828,83.02,0.3,63.39,0
01b50373,1779057888,65.01,23.35,79.16,1
98feca2d,1779057948,31.62,-1.7,93.34,1
766f1e03,1779058008,57.7,28.36,100.0,1
33ddc00e,1779058068,66.91,25.24,54.61,1
4b4b2df3,1779058128,47.45,35.38,43.15,1
4ed4a576,1779058188,49.33,43.68,89.13,1
a9f7a3f2,1779058248,35.0,43.92,28.82,1
69c66083,1779058308,57.75,41.54,73.22,0
666da36c,1779058368,25.86,4.36,49.23,1
52c28cd3,1779058428,11.82,9.23,49.93,1
565c115f,1779058488,39.69,24.34,45.23,1
74a860d6,1779058548,0.63,34.79,45.02,1
bdeb5c8b,1779058608,56.81,9.92,68.35,1
c1b63f18,1779058668,33.54,-2.18,69.25,1
e933f863,1779058728,77.3,4.78,49.04,0
04b1fd4f,1779058788,59.03,5.19,79.36,1
ea75b40c,1779058848,82.27,29.33,100.0,0
9eef0309,1779058908,62.87,8.56,52.46,1
224632ae,1779058968,13.24,22.61,34.74,1
96a3df54,1779059028,66.93,38.19,38.41,0
adfd981b,1779059088,90.47,29.71,68.32,0
2c92c090,1779059148,78.02,7.68,49.51,0
f1c24604,1779059208,89.34,12.74,69.13,0
01ac192d,1779059268,40.37,39.08,22.64,1
d7ca8ff7,1779059328,51.99,29.69,75.18,1
a56996b4,1779059388,69.11,39.42,40.39,0
36126c0b,1779059448,43.57,-4.64,81.64,1
97e483d1,1779059508,12.49,7.47,53.07,1
f86e4c4a,1779059568,43.19,25.76,84.67,1
51bf653d,1779059628,43.5,-4.62,46.87,1
5a1ad3f1,1779059688,12.25,46.01,55.59,1
e96aec5d,1779059748,25.39,23.79,50.97,1
38d00fe6,1779059808,77.1,18.63,64.21,0
3ce22884,1779059868,9.76,23.47,46.05,1
81c1378c,1779059928,36.53,-9.91,54.9,1
f26cf9b4,1779059988,80.64,24.34,56.33,0
d35c003e,1779060048,30.71,-0.16,50.04,1
3de0b648,1779060108,72.8,44.35,46.62,0
a0ad7246,1779060168,41.32,-3.23,75.42,1
3e1515bb,1779060228,58.41,-0.12,78.3,1
2435b777,1779060288,7.45,34.21,48.77,1
2a82cf96,1779060348,56.52,-6.72,59.5,1
1c65dc17,1779060408,43.13,20.19,15.98,1
aa229157,1779060468,78.41,42.48,41.75,0
ad8a49f1,1779060528,54.19,39.55,83.25,0
7291b89d,1779060588,29.27,9.01,27.9,1
ed1f47cc,1779060648,4.82,47.7,54.5,1
d8a5dc89,1779060708,34.29,21.61,54.15,1
7d83789f,1779060768,45.24,16.0,30.05,1
b4bd5014,1779060828,66.07,15.58,76.09,1
5302a6e1,1779060888,18.94,36.44,37.49,1
36fe82a3,1779060948,47.21,-2.15,88.84,1
c244a754,1779061008,60.79,18.93,74.79,1
4ffb139a,1779061068,61.16,47.95,60.38,0
11ae79b7,1779061128,65.22,1.83,48.86,1
19bf474e,1779061188,66.49,14.3,38.54,1
9d7ca2a5,1779061248,71.06,44.25,60.46,0
2b8417f7,1779061308,40.0,27.15,39.4,1
d1a329fb,1779061368,16.73,25.94,16.44,1
7d8c0206,1779061428,77.3,6.51,30.47,0
e1393ca0,1779061488,55.99,-5.69,74.66,1
8f1b43e8,1779061548,51.56,8.2,43.75,1
3ef37d96,1779061608,20.31,24.68,52.05,1
2d881ae5,1779061668,50.1,-5.03,71.85,1
d1161cfa,1779061728,11.71,41.36,83.01,1
01bb7001,1779061788,16.65,1.47,54.33,1
0ed95282,1779061848,30.9,36.03,77.52,1
f1b0d454,1779061908,34.14,17.93,39.08,1
cde425db,1779061968,35.74,-1.04,36.42,1
643dee43,1779062028,0.0,44.05,75.56,1
b50fc014,1779062088,45.56,19.5,73.12,1
a538df32,1779062148,13.58,1.97,51.57,1
1652ed78,1779062208,52.68,5.75,53.1,1
b397b437,1779062268,60.46,18.98,67.19,1
a5f0f188,1779062328,58.55,2.03,58.8,1
17c8658a,1779062388,32.56,0.37,40.92,1
f0c9c100,1779062448,68.89,26.92,55.56,1
0d323361,1779062508,67.01,-7.09,57.24,1
e7396bc8,1779062568,58.0,26.93,31.86,1
0ee21c21,1779062628,47.46,28.95,50.35,1
503d717d,1779062688,74.4,9.23,87.99,0
a5d07277,1779062748,46.14,-2.27,42.78,1
af15307a,1779062808,49.09,9.04,73.19,1
270586c5,1779062868,49.69,8.6,91.75,1
27252cd7,1779062928,57.34,30.38,64.99,1
df5444e7,1779062988,52.15,35.8,48.26,0
04876982,1779063048,40.67,42.95,50.0,1
80d5671b,1779063108,0.0,-9.57,34.19,1
0ccbe2cf,1779063168,37.94,22.45,81.98,1
71cfa002,1779063228,79.6,47.36,80.72,0
6173b5f7,1779063288,0.0,47.22,74.9,1
77b1c62e,1779063348,15.65,-2.41,79.35,1
bcb9c6db,1779063408,39.72,29.63,80.43,1
c55aebb0,1779063468,14.72,26.1,57.26,1
5d5aac1e,1779063528,46.79,22.8,46.97,1
3cfed2d6,1779063588,89.53,39.68,51.87,0
488ebdb4,1779063648,54.14,46.09,32.36,0
b9c94f03,1779063708,57.39,8.19,65.78,1
433907f1,1779063768,23.72,-0.56,9.36,1
96693b7e,1779063828,30.33,-5.0,44.31,1
579369c5,1779063888,53.39,30.02,74.57,1
5dc0e21b,1779063948,43.7,27.29,73.44,1
0d99d952,1779064008,62.61,11.04,72.53,1
c652b1c5,1779064068,65.35,-9.99,14.91,1
0e275653,1779064128,31.35,5.03,46.77,1
448a5d1c,1779064188,34.47,1.49,77.25,1
c0fa2ceb,1779064248,77.97,4.48,60.26,0
a28c9546,1779064308,44.51,34.86,47.11,1
f59acb2e,1779064368,82.89,47.58,64.21,0
201030de,1779064428,61.54,19.6,86.02,1
06c61f7f,1779064488,23.61,30.0,52.93,1
3883d5b8,1779064548,66.18,25.21,27.44,1
d4f6839d,1779064608,80.6,5.9,56.05,0
68a1817f,1779064668,92.46,29.82,13.71,0
a9f5a9b3,1779064728,37.7,28.76,86.56,1
0d41cc29,1779064788,86.28,-8.78,45.21,0
dda56fa3,1779064848,48.41,42.7,30.98,1
88cea2c7,1779064908,69.27,19.03,60.98,1
c20161a5,1779064968,23.86,38.16,59.47,1
f653fb36,1779065028,59.96,44.65,54.96,0
48662874,1779065088,50.79,30.63,73.8,1
de4f6bc9,1779065148,38.83,26.06,66.75,1
ed0de6f1,1779065208,49.93,-0.71,49.34,1
cab6e00b,1779065268,38.05,15.95,37.55,1
b5e12e14,1779065328,33.3,20.22,63.87,1
6003dfd2,1779065388,57.43,28.24,34.51,1
be309761,1779065448,91.09,10.14,67.82,0
1a2e8ae4,1779065508,40.45,19.05,90.12,1
e7aeb6f8,1779065568,79.65,8.59,90.81,0
ba5fb2c1,1779065628,55.61,-2.37,70.04,1
f67d865a,1779065688,78.12,40.13,25.14,0
34dd0797,1779065748,13.91,-5.98,73.74,1
935c7b3d,1779065808,44.65,33.22,79.41,1
c81892fb,1779065868,45.78,1.48,75.37,1
c36e3973,1779065928,72.47,38.26,60.75,0
d0b121cf,1779065988,54.59,24.31,51.71,1
96661408,1779066048,75.97,14.6,61.86,0
aad73f85,1779066108,30.59,6.69,59.35,1
577b476f,1779066168,59.76,6.96,56.92,1
91172b57,1779066228,99.85,-0.27,50.89,0
a5e3ce4b,1779066288,92.9,42.01,58.05,0
d4653f45,1779066348,87.21,-2.42,82.23,0
adbe16bb,1779066408,31.49,46.02,77.3,1
9bc8d0a3,1779066468,73.83,3.14,76.52,0
2ce6b8db,1779066528,100.0,36.2,39.84,0
c3c82e78,1779066588,42.01,39.37,70.86,1
ea454ef1,1779066648,0.0,8.87,87.18,1
3775e69f,1779066708,89.98,14.66,71.26,0
9104946a,1779066768,86.19,32.67,78.77,0
7d7dcc4d,1779066828,7.96,4.51,54.09,1
817f3b99,1779066888,75.26,12.7,59.11,0
f730aebb,1779066948,40.23,18.56,64.84,1
d7379938,1779067008,50.18,4.02,30.43,1
6c06bd51,1779067068,84.64,36.27,51.05,0
003da879,1779067128,6.74,20.12,86.68,1
1c454c0b,1779067188,79.5,19.18,100.0,0
9dca1fec,1779067248,17.03,38.76,60.4,1
1ef0c31b,1779067308,22.89,35.97,62.45,1
c82f8f21,1779067368,26.22,21.1,53.16,1
bc6510cc,1779067428,35.58,14.4,45.24,1
3d777747,1779067488,81.38,17.38,50.05,0
4d5b608f,1779067548,36.61,20.55,44.85,1
4363c298,1779067608,58.29,23.94,39.06,1
7a1748d6,1779067668,57.13,44.74,62.8,0
ea7f6031,1779067728,40.0,43.71,45.1,1
e98a2c81,1779067788,45.94,16.54,59.49,1
aa778ef1,1779067848,51.46,10.31,47.92,1
f36d5890,1779067908,100.0,42.13,48.96,0
de6d0455,1779067968,30.66,39.17,97.97,1
898c3dcb,1779068028,4.92,-7.18,65.34,1
ec7e3ee2,1779068088,71.42,-0.23,67.96,0
5b9a18c8,1779068148,59.04,44.86,66.4,0
e186438e,1779068208,61.26,9.24,54.76,1
6e4fa4cc,1779068268,34.31,-7.37,61.46,1
d0f94bb0,1779068328,39.15,5.38,94.44,1
e0bc7618,1779068388,64.19,-9.98,39.33,1
cef29b51,1779068448,38.8,19.09,35.7,1
ed944a6b,1779068508,15.8,47.83,37.87,1
3c2042cf,1779068568,46.38,15.81,60.86,1
08341c44,1779068628,40.52,-4.33,74.32,1
53829636,1779068688,64.48,24.22,88.24,1
87781cfb,1779068748,18.86,20.24,70.45,1
af5ce249,1779068808,5.77,46.91,67.33,1
7c5b0af0,1779068868,62.25,-5.32,75.1,1
41ffce2b,1779068928,49.55,-0.36,40.47,1
41edaf49,1779068988,0.0,28.36,55.81,1
60bd3a83,1779069048,45.11,6.48,39.15,1
e654c9ea,1779069108,74.16,-8.13,46.47,0
b90c15ae,1779069168,50.74,8.2,70.33,1
85c3c396,1779069228,35.34,49.36,56.28,1
f6ee0d2d,1779069288,52.68,16.56,53.62,1
ee0ba9e1,1779069348,11.05,32.17,100.0,1
65fa54d3,1779069408,67.44,1.35,43.28,1
60428d9f,1779069468,14.73,41.7,67.28,1
30c95b5a,1779069528,50.73,11.14,73.96,1
d4a9b08b,1779069588,71.23,22.02,34.51,0
eaf1b2f0,1779069648,46.55,31.63,71.82,1
c4284b8b,1779069708,100.0,6.07,12.18,0
0a3f0da5,1779069768,9.36,32.4,9.87,1
f154f9d9,1779069828,45.71,-7.47,68.86,1
9d41934a,1779069888,100.0,0.11,54.84,0
10e87ff6,1779069948,59.47,17.23,73.91,1
8913c62b,1779070008,79.43,18.81,62.73,0
76de002c,1779070068,46.89,24.75,13.24,1
41c37fae,1779070128,77.58,-4.03,88.84,0
9a6ad828,1779070188,26.35,-5.28,65.2,1
caf9ae38,1779070248,0.0,25.33,73.68,1
0705c870,1779070308,46.46,0.49,43.14,1
50e03dd9,1779070368,50.84,31.25,65.37,1
1e404d8f,1779070428,33.77,48.55,54.41,1
2c56ea3e,1779070488,35.08,28.99,26.51,1
db4e2d5c,1779070548,5.89,-6.3,65.82,1
7d7307df,1779070608,22.42,-6.06,76.41,1
620733e2,1779070668,66.82,14.27,95.41,1
c6b54ad2,1779070728,19.31,30.18,48.17,1
43a2c00d,1779070788,13.59,16.8,97.32,1
69c4a769,1779070848,68.02,19.12,49.1,1
f943871d,1779070908,3.28,0.91,68.31,1
b42b54be,1779070968,56.08,1.77,50.6,1
cfa66372,1779071028,27.33,14.95,91.45,1
24d6d8cb,1779071088,0.0,-3.96,49.64,1
3d9aebdb,1779071148,77.06,29.95,34.83,0
4ca5ef59,1779071208,41.63,1.61,24.12,1
cf07762b,1779071268,46.03,3.65,64.35,1
58bbf3a5,1779071328,33.66,28.36,52.27,1
9dc801f0,1779071388,16.0,32.48,84.56,1
8ab96c58,1779071448,9.55,29.05,67.62,1
99f1e5de,1779071508,52.41,16.23,39.69,1
2c26107e,1779071568,66.81,42.28,29.99,0
80d922f6,1779071628,15.23,5.43,50.35,1
6acdce5e,1779071688,0.0,44.83,52.98,1
aec0b3b4,1779071748,15.24,13.01,31.06,1
94668d69,1779071808,61.27,26.85,80.13,1
b6b544ad,1779071868,75.56,-7.7,49.33,0
56544e8d,1779071928,50.94,13.9,81.84,1
fe6948d6,1779071988,100.0,-9.23,59.29,0
9035c784,1779072048,46.2,10.58,81.2,1
b82ca59e,1779072108,45.41,19.78,38.04,1
034924d3,1779072168,91.78,15.25,41.97,0
07f808f3,1779072228,52.53,38.45,69.39,0
f6822ba4,1779072288,44.13,10.21,42.13,1
097e6172,1779072348,77.22,-5.3,64.19,0
606f734c,1779072408,66.15,22.57,38.02,1
d0bb0f6a,1779072468,54.08,46.78,38.75,0
c9aa1c38,1779072528,6.19,26.4,42.79,1
6af41da0,1779072588,56.34,39.23,42.05,0
0269aae8,1779072648,25.83,37.22,44.08,1
ab9b1f87,1779072708,46.05,20.35,49.28,1
b47a4301,1779072768,91.84,11.29,68.83,0
ba36a3f0,1779072828,83.94,22.86,95.83,0
57bc4a43,1779072888,16.98,-4.92,75.43,1
56b9f3ff,1779072948,42.7,20.01,51.92,1
9f83ecae,1779073008,62.32,37.34,76.67,0
789b93ec,1779073068,22.53,13.62,25.66,1
b5c44c9b,1779073128,53.41,0.01,60.51,1
3efa8752,1779073188,67.58,32.24,49.45,0
24f8a0ac,1779073248,46.92,29.72,72.05,1
7442d8b5,1779073308,100.0,16.98,48.11,0
20c1e979,1779073368,50.87,21.72,32.49,1
78f47eb0,1779073428,65.07,29.83,75.9,1
f31c8af0,1779073488,58.45,20.02,48.16,1
c744a641,1779073548,47.28,22.54,52.43,1
0a1d0cf8,1779073608,61.17,-9.5,47.23,1
7c1ecfe7,1779073668,57.32,32.86,35.97,0
abc1c01e,1779073728,56.0,30.31,69.73,1
d2bc0fab,1779073788,52.36,30.51,39.27,1
50633f0d,1779073848,89.76,21.31,48.62,0
a6f589b0,1779073908,62.47,43.69,75.07,0
88dbe718,1779073968,25.04,24.81,70.38,1
d9f4857f,1779074028,42.88,30.22,72.8,1
7007ff88,1779074088,61.7,10.19,36.59,1
24dbac8e,1779074148,33.39,0.73,39.46,1
bf69f5c0,1779074208,44.65,4.72,76.74,1
ac7b90b2,1779074268,2.31,34.67,49.03,1
6b03e947,1779074328,48.53,41.66,68.93,1
d189f423,1779074388,20.56,31.44,64.53,1
9e6037d8,1779074448,100.0,43.38,63.89,0
19be7259,1779074508,72.63,35.04,57.31,0
b2717966,1779074568,100.0,9.53,54.5,0
2ebaeba1,1779074628,47.23,27.4,54.17,1
5e026f0d,1779074688,0.86,16.3,48.26,1
9b90134b,1779074748,31.9,31.35,49.75,1
ea53f537,1779074808,14.33,9.18,61.39,1
49a74dca,1779074868,32.14,-1.15,63.07,1
360359ab,1779074928,70.51,32.98,76.35,0
58beebfd,1779074988,43.03,28.54,100.0,1
2557cc01,1779075048,52.74,36.67,51.67,0
e6dd333e,1779075108,0.0,6.65,60.11,1
30338602,1779075168,84.43,42.26,80.4,0
9ed71ef3,1779075228,79.6,23.68,46.16,0
a511aec7,1779075288,51.86,21.06,80.51,1
73fbab84,1779075348,88.46,47.88,69.61,0
33429ce0,1779075408,51.23,26.89,74.45,1
765ac2f0,1779075468,27.3,36.09,59.21,1
5dd6017d,1779075528,29.11,8.37,81.94,1
478bafd3,1779075588,41.47,25.58,70.69,1
2a8bfa3a,1779075648,54.62,14.87,69.06,1
5f7709f3,1779075708,23.2,6.64,86.05,1
492b6a62,1779075768,16.59,-7.05,86.73,1
7b6bd72d,1779075828,51.38,35.72,50.47,0
3331be08,1779075888,80.53,-7.99,62.68,0
f14b7e96,1779075948,17.58,16.84,46.86,1
e218f0a0,1779076008,56.61,23.24,59.19,1
eda1b059,1779076068,59.96,-1.62,64.91,1
14bcf11b,1779076128,45.93,46.02,42.58,1
ef5401f7,1779076188,91.16,-1.53,100.0,0
0b512252,1779076248,55.83,44.88,45.64,0
209c34f1,1779076308,65.61,-5.28,37.98,1
21ff6e8d,1779076368,21.66,34.16,67.0,1
c6c53e11,1779076428,41.38,25.97,22.56,1
28f65628,1779076488,63.36,8.16,45.47,1
e532564d,1779076548,26.15,31.29,69.07,1
ebbaf084,1779076608,44.83,4.83,39.38,1
15251e84,1779076668,28.84,42.9,77.66,1
fb865f0d,1779076728,47.14,26.83,62.96,1
02e9b744,1779076788,44.92,32.8,44.55,1
d00c3fd9,1779076848,79.3,6.95,89.96,0
726d65eb,1779076908,29.42,33.14,54.94,1
7f9c1170,1779076968,96.72,4.94,60.7,0
04cdedf4,1779077028,20.71,-8.46,35.19,1
c2f87637,1779077088,77.25,43.84,48.58,0
a4735a0c,1779077148,0.0,-8.15,83.19,1
b6f97f34,1779077208,49.59,10.52,73.67,1
f71c5c36,1779077268,83.19,3.16,100.0,0
d6c2afeb,1779077328,97.3,33.63,42.33,0
fc48b862,1779077388,37.78,5.81,47.69,1
2c2a723b,1779077448,68.11,5.42,68.97,1
ff3bd4e6,1779077508,12.94,20.96,52.48,1
1c90c07a,1779077568,53.59,11.27,77.43,1
92a1b6e4,1779077628,17.13,33.65,24.55,1
08e08719,1779077688,78.4,46.65,56.92,0
45e7d991,1779077748,67.78,-4.3,21.55,1
102addcd,1779077808,40.46,2.37,33.59,1
319ae650,1779077868,100.0,31.51,41.22,0
80539c83,1779077928,74.1,24.1,53.89,0
11bdb88f,1779077988,31.82,17.88,57.97,1
94a195d1,1779078048,60.42,39.93,83.34,0
aa68fef0,1779078108,24.01,-9.18,59.67,1
e55d8e91,1779078168,77.07,37.42,38.47,0
7712babf,1779078228,48.99,15.27,22.17,1
31ecfa13,1779078288,14.23,-1.82,50.47,1
858656f1,1779078348,13.11,48.39,80.45,1
a1dd575a,1779078408,36.19,11.47,38.06,1
d97e1dcc,1779078468,52.21,22.62,79.48,1
81800df0,1779078528,20.95,28.83,91.64,1
9f04cb29,1779078588,100.0,43.27,22.77,0
5c4e9621,1779078648,38.09,9.0,33.91,1
1f770a1d,1779078708,22.85,20.21,53.8,1
4d3bceed,1779078768,43.36,19.44,87.4,1
bcfc8550,1779078828,61.67,19.43,75.8,1
e3dc8eee,1779078888,63.02,24.62,53.44,1
73b0cb97,1779078948,31.88,38.19,42.49,1
946d9881,1779079008,57.28,13.69,52.73,1
46a59d16,1779079068,76.1,14.77,59.57,0
2d62df0d,1779079128,34.21,-9.86,61.05,1
40f58e14,1779079188,69.79,-2.72,37.62,1
dd5adb40,1779079248,44.59,28.87,41.22,1
bfd79c11,1779079308,28.68,-5.22,71.25,1
baced682,1779079368,34.88,39.31,69.96,1
36a38cf4,1779079428,62.63,10.23,88.13,1
d0ff8310,1779079488,35.76,20.59,52.84,1
33cc8c4e,1779079548,4.91,18.52,81.86,1
dc19a501,1779079608,84.74,44.08,33.1,0
8864e285,1779079668,40.32,-1.55,38.05,1
0a9ad1f1,1779079728,85.41,45.91,75.46,0
7cfc758a,1779079788,53.78,-6.57,47.19,1
f6fbfb00,1779079848,51.83,30.16,79.38,1
ec4d46ba,1779079908,43.03,-7.68,65.29,1
9926b501,1779079968,40.94,-2.26,74.84,1
6b1c984d,1779080028,100.0,-8.14,44.65,0
40e14dc1,1779080088,72.76,48.96,56.33,0
a57d449f,1779080148,24.01,44.35,68.42,1
1dd3af56,1779080208,19.77,45.3,61.13,1
27d6970b,1779080268,70.26,32.55,78.01,0
704f7227,1779080328,35.14,31.3,47.68,1
b56df0ce,1779080388,42.03,36.92,30.88,1
afa1174f,1779080448,43.96,37.53,89.34,1
f1c8abb5,1779080508,61.29,3.71,79.75,1
c28460bb,1779080568,26.77,-2.99,37.32,1
5434b509,1779080628,28.24,17.32,46.4,1
0251ce92,1779080688,73.97,-4.25,82.55,0
d10b628b,1779080748,53.15,11.82,75.56,1
59922786,1779080808,29.74,31.61,77.14,1
0a8388ba,1779080868,100.0,3.27,44.27,0
93527d86,1779080928,77.53,18.39,74.33,0
78e908df,1779080988,29.56,43.65,100.0,1
f0ba6549,1779081048,80.84,38.08,59.85,0
6c5088b9,1779081108,14.35,14.36,50.54,1
6759a35e,1779081168,37.08,21.47,72.38,1
27c702fd,1779081228,36.56,28.53,82.46,1
2e797536,1779081288,38.92,37.66,54.23,1
6ceb527f,1779081348,43.0,41.31,50.18,1
d2af16b8,1779081408,53.48,48.78,59.1,0
7a1acb6a,1779081468,39.2,-3.95,96.15,1
618a4e74,1779081528,46.41,47.62,56.7,1
46569b31,1779081588,74.33,13.86,72.48,0
193aa87f,1779081648,20.76,18.84,45.58,1
d38477d6,1779081708,100.0,5.43,76.44,0
c63c5b8e,1779081768,0.0,16.95,55.29,1
ab12f9e2,1779081828,6.68,14.89,98.02,1
d8870eae,1779081888,72.46,40.0,82.5,0
fbb5d573,1779081948,65.61,25.11,31.5,1
99d11d11,1779082008,43.84,8.83,13.97,1
e19c912c,1779082068,40.81,-3.67,50.8,1
d50f4892,1779082128,77.97,47.04,85.49,0
b900d737,1779082188,100.0,48.56,32.29,0
3b560700,1779082248,72.66,-5.02,61.45,0
67c27101,1779082308,43.59,25.09,33.26,1
06b4826f,1779082368,37.12,38.07,57.47,1
8346f7c0,1779082428,18.33,19.69,68.77,1
73a41f1e,1779082488,71.06,19.98,75.1,0
5efd8c41,1779082548,25.74,6.83,94.55,1
0039ddf8,1779082608,27.43,0.3,76.19,1
654e68fe,1779082668,4.16,27.73,65.21,1
ead1372b,1779082728,58.25,7.0,43.72,1
da04d7b6,1779082788,68.44,26.51,45.88,1
2a75d839,1779082848,47.94,30.89,66.13,1
141d2908,1779082908,46.19,47.83,47.19,1
3cfa3a63,1779082968,4.91,-2.78,66.63,1
6f297b49,1779083028,74.15,12.44,87.15,0
47976548,1779083088,62.29,9.26,55.42,1
7e857136,1779083148,55.69,39.43,27.02,0
99d6fc19,1779083208,36.24,32.72,70.19,1
2294548c,1779083268,14.58,37.0,26.63,1
79bcff3e,1779083328,34.28,12.58,7.64,1
49dfe16d,1779083388,37.74,31.13,57.0,1
54984f24,1779083448,16.37,38.96,54.38,1
e84d9b9f,1779083508,48.41,7.91,88.29,1
553c1b14,1779083568,15.42,4.16,78.03,1
04f6d681,1779083628,39.01,46.17,48.09,1
408686ea,1779083688,0.0,42.4,66.72,1
9ba427e1,1779083748,9.13,2.44,39.19,1
9aaaf9b7,1779083808,12.34,30.64,39.91,1
285520e1,1779083868,65.43,-6.05,26.36,1
ec25149d,1779083928,40.48,46.22,34.61,1
16b9a28f,1779083988,87.81,5.31,37.37,0
1f5b0fec,1779084048,28.76,0.44,50.34,1
98f24775,1779084108,0.0,20.39,79.87,1
616db745,1779084168,4.26,7.71,72.32,1
3f3386b6,1779084228,65.33,1.55,67.71,1
fdc825c8,1779084288,67.33,11.57,19.45,1
e14cdec9,1779084348,55.94,21.51,40.08,1
80d12433,1779084408,44.3,37.82,31.86,1
1d2517a2,1779084468,28.68,22.88,63.83,1
1eacd960,1779084528,73.95,27.75,73.27,0
1df3d7c6,1779084588,61.81,30.64,44.38,1
cf184120,1779084648,48.34,9.98,52.84,1
c476cd20,1779084708,22.38,25.45,73.19,1
04b34b00,1779084768,76.63,5.11,54.84,0
c3404cae,1779084828,51.23,37.61,64.17,0
c78fa150,1779084888,19.42,26.69,88.49,1
f4721f2b,1779084948,24.04,-3.52,85.85,1
b1792d63,1779085008,53.64,21.24,45.93,1
48f422c9,1779085068,51.71,15.35,94.01,1
68ef9f94,1779085128,41.3,10.13,58.5,1
6bf5cfb4,1779085188,72.39,40.84,25.19,0
ad078bfa,1779085248,41.52,-5.53,59.17,1
9d4aaea1,1779085308,62.53,31.59,60.22,1
db400072,1779085368,64.47,27.06,69.2,1
e9a566c9,1779085428,44.44,39.71,61.36,1
052abf42,1779085488,32.86,32.52,76.41,1
95c30ce7,1779085548,36.78,10.26,50.16,1
d0d4554a,1779085608,57.0,18.61,6.51,1
27e94bfd,1779085668,11.15,7.92,91.33,1
4b6a5524,1779085728,59.78,41.47,71.64,0
3dec35f3,1779085788,22.46,31.77,59.7,1
4ffffd23,1779085848,42.99,-6.1,31.94,1
e42e1867,1779085908,46.51,44.19,62.43,1
74f85620,1779085968,47.3,34.66,82.24,1
b1f3326e,1779086028,80.45,15.91,69.6,0
760f4cc3,1779086088,45.17,46.46,89.43,1
282fe606,1779086148,0.0,37.1,38.2,1
bee7ec90,1779086208,55.46,0.79,85.78,1
09f5cc1f,1779086268,62.58,35.18,59.31,0
405576c7,1779086328,100.0,39.8,50.6,0
70f5bbdb,1779086388,15.46,9.04,64.42,1
f1ba0d9f,1779086448,56.34,-6.9,24.14,1
de203a18,1779086508,59.36,-2.04,51.82,1
140c8249,1779086568,43.25,21.03,29.13,1
bd533f1e,1779086628,42.28,37.39,90.9,1
b683f418,1779086688,28.0,-0.62,65.38,1
2391cb85,1779086748,0.0,34.61,35.16,1
aad30298,1779086808,3.99,0.25,86.56,1
81190dd6,1779086868,60.04,15.41,30.95,1
e2aa32e8,1779086928,17.76,29.77,61.17,1
fe141d56,1779086988,38.81,19.49,73.04,1
a8ca6b0f,1779087048,29.76,26.36,63.76,1
9c90ff1b,1779087108,72.95,32.25,73.74,0
1e346717,1779087168,19.35,41.5,100.0,1
ab7b33cd,1779087228,49.97,45.89,72.02,1
85c1e406,1779087288,77.24,17.27,100.0,0
51b2c5e6,1779087348,51.53,12.8,27.55,1
950fd6e4,1779087408,59.13,11.02,59.22,1
9dc43530,1779087468,22.74,-7.12,57.16,1
47f76011,1779087528,59.34,35.64,89.11,0
4ef391ea,1779087588,55.82,5.22,37.3,1
94b1775f,1779087648,40.17,-2.99,44.75,1
52422205,1779087708,43.1,25.26,53.22,1
6d3e8734,1779087768,40.07,28.44,59.17,1
eceb27c6,1779087828,10.51,2.41,48.17,1
edf4685c,1779087888,25.54,0.78,95.97,1
29890400,1779087948,65.57,41.52,96.21,0
337a315c,1779088008,56.43,30.41,53.11,1
f02db7c3,1779088068,58.67,16.49,46.3,1
5e2f4702,1779088128,18.27,47.41,90.72,1
4cc9918d,1779088188,55.78,44.09,58.3,0
f54222c9,1779088248,70.83,49.74,47.4,0
cc995788,1779088308,39.85,21.21,28.23,1
b9d110ea,1779088368,32.0,16.62,41.52,1
f2465c07,1779088428,52.66,32.29,58.12,0
0b1fc9e4,1779088488,56.02,29.22,46.69,1
087019c5,1779088548,53.59,45.93,58.31,0
5d82e4b8,1779088608,73.4,-4.51,75.54,0
fb789ee9,1779088668,10.66,0.87,61.63,1
7a0553be,1779088728,42.12,18.12,65.36,1
39df5689,1779088788,18.74,8.97,64.22,1
73b251bc,1779088848,6.11,6.84,46.1,1
7b917d29,1779088908,69.36,7.28,63.58,1
3b586c13,1779088968,63.02,32.76,38.41,0
7edd71c4,1779089028,22.05,5.13,83.27,1
39439f9b,1779089088,79.78,17.14,57.06,0
f883593b,1779089148,21.01,15.58,54.89,1
edd2dcc9,1779089208,39.66,16.65,60.65,1
a7ce6895,1779089268,67.12,28.11,81.4,1
c51ad0df,1779089328,85.86,22.48,65.7,0
fe2a7f96,1779089388,29.24,43.25,51.96,1
632444b2,1779089448,76.21,25.15,58.38,0
91a58bbc,1779089508,75.85,29.55,71.84,0
61df33ef,1779089568,58.33,38.18,10.14,0
33fc0565,1779089628,15.46,-4.26,28.79,1
8427c818,1779089688,23.88,14.34,95.68,1
9b74875b,1779089748,38.25,25.62,63.9,1
52cd412f,1779089808,65.37,0.23,70.19,1
e56364b4,1779089868,57.26,42.91,74.79,0
32a6a5c0,1779089928,100.0,45.14,39.44,0
62c25910,1779089988,47.02,6.46,78.39,1
c840902c,1779090048,10.8,7.21,30.15,1
7132e296,1779090108,66.49,-5.81,51.54,1
4529c1dd,1779090168,26.13,10.67,70.36,1
9d45652d,1779090228,47.7,36.11,56.5,1
a19375d5,1779090288,43.39,17.81,67.32,1
da1b1fa2,1779090348,76.76,35.77,58.3,0
93caf99a,1779090408,100.0,40.84,63.16,0
fcf079f3,1779090468,49.94,44.43,59.77,1
2b6e15f1,1779090528,57.43,21.78,93.35,1
e81bc653,1779090588,57.26,29.32,16.93,1
2b47b77c,1779090648,91.26,41.67,47.42,0
fc3ac22f,1779090708,45.83,14.48,36.22,1
75292feb,1779090768,22.58,28.42,76.44,1
8ddede40,1779090828,44.62,44.66,79.86,1
1d8fd05d,1779090888,80.05,-8.78,60.18,0
ba0b7747,1779090948,11.9,41.74,74.28,1
52789e8f,1779091008,74.41,30.45,37.36,0
22b58b5d,1779091068,9.47,38.54,46.04,1
c169d6bf,1779091128,44.99,26.39,87.98,1
c5293922,1779091188,79.2,15.5,67.45,0
01778c26,1779091248,26.28,22.17,41.86,1
50325ac4,1779091308,0.0,-4.53,24.78,1
8df33017,1779091368,27.24,1.82,73.9,1
e7432834,1779091428,14.4,25.03,50.87,1
7f33da91,1779091488,29.06,22.23,17.86,1
c49b38bd,1779091548,38.27,42.83,51.92,1
6ecebe28,1779091608,0.89,-7.86,30.38,1
7c595f72,1779091668,100.0,23.53,57.77,0
0e966834,1779091728,28.3,5.13,71.14,1
7f355baa,1779091788,49.82,2.85,37.47,1
9b96448e,1779091848,45.68,-1.38,51.28,1
381874d7,1779091908,57.33,-1.37,96.52,1
0d64378e,1779091968,59.65,10.22,36.47,1
001c8b96,1779092028,6.96,-4.78,75.97,1
66cff0c5,1779092088,34.09,15.68,48.7,1
a51a56f6,1779092148,18.79,-9.28,76.73,1
beab8c8d,1779092208,100.0,47.77,68.74,0
8c70e477,1779092268,30.18,24.4,100.0,1
5985b8b9,1779092328,21.99,5.76,44.9,1
e8f92d5b,1779092388,92.33,20.19,60.61,0
cec6d8b0,1779092448,53.79,38.36,54.15,0
92e9c2b2,1779092508,74.36,15.6,35.01,0
f5edbc72,1779092568,98.33,43.0,65.14,0
5d177837,1779092628,0.4,35.22,59.09,1
77d25381,1779092688,36.84,41.94,33.55,1
a5ba166b,1779092748,33.32,2.88,91.13,1
0cb7ff8b,1779092808,16.32,0.57,42.02,1
7bb26102,1779092868,28.47,17.25,76.91,1
a5d1e641,1779092928,54.67,13.47,59.11,1
e366744b,1779092988,92.3,15.13,90.9,0
0ccc4e0c,1779093048,34.17,20.99,58.06,1
2a25a795,1779093108,20.2,-3.77,60.32,1
94ec0160,1779093168,18.89,5.09,69.0,1
bb1bb449,1779093228,39.71,9.65,70.83,1
430b5415,1779093288,48.97,-8.82,30.51,1
99fec804,1779093348,56.9,43.92,100.0,0
cd7c0208,1779093408,60.56,37.52,50.68,0
6d287901,1779093468,43.33,0.21,40.4,1
8c27bddd,1779093528,28.51,23.37,42.19,1
e9890811,1779093588,64.81,-2.42,57.66,1
441db558,1779093648,32.84,-1.42,83.27,1
f0aaaf17,1779093708,39.23,29.53,76.13,1
ee5a6d50,1779093768,22.79,19.75,100.0,1
9d58af23,1779093828,39.76,30.09,64.61,1
be902ebe,1779093888,60.81,16.24,45.66,1
da48078b,1779093948,24.16,20.41,54.51,1
94068cdd,1779094008,48.32,35.82,38.51,1
97441ba4,1779094068,46.63,49.52,26.08,1
9aebdc88,1779094128,71.97,14.89,69.61,0
99976f3a,1779094188,43.74,14.12,53.64,1
deb2195a,1779094248,39.28,29.28,79.3,1
2ef48b7e,1779094308,66.95,11.43,92.93,1
52866395,1779094368,4.04,-4.97,77.96,1
28a294e5,1779094428,75.25,9.74,33.37,0
84859ccc,1779094488,13.38,10.58,46.63,1
742fa738,1779094548,89.95,20.69,47.05,0
d5864e39,1779094608,100.0,45.21,61.94,0
72c750bf,1779094668,52.42,41.22,48.13,0
a922a3b1,1779094728,62.47,-8.86,53.16,1
cceffbaf,1779094788,55.75,29.43,62.47,1
8fe8c77e,1779094848,35.54,45.21,58.45,1
456b29f9,1779094908,38.01,31.39,59.39,1
46ee9c01,1779094968,23.35,2.86,58.97,1
52fe1693,1779095028,52.96,27.32,46.13,1
d984e5e4,1779095088,83.73,41.66,60.49,0
8686b790,1779095148,32.05,23.93,94.18,1
74e8b211,1779095208,17.11,45.03,86.19,1
b8fc39b1,1779095268,59.78,-9.74,43.3,1
7b32f63d,1779095328,43.08,12.41,46.57,1
f66648c1,1779095388,60.27,16.57,32.43,1
0bf859a9,1779095448,49.44,38.63,58.84,1
d3682840,1779095508,77.83,31.89,78.78,0
9012089f,1779095568,34.23,6.35,54.04,1
15cc253b,1779095628,43.02,-1.6,59.93,1
88a3ce25,1779095688,69.63,-5.49,24.45,1
925097c4,1779095748,45.99,44.76,70.55,1
852b3182,1779095808,67.69,26.4,75.54,1
b6573a20,1779095868,86.48,27.72,86.81,0
64e07978,1779095928,57.28,33.94,60.64,0
dc36db55,1779095988,60.95,2.94,66.51,1
5b9d251e,1779096048,49.12,20.84,42.92,1
488ae929,1779096108,44.65,24.25,85.05,1
7d2b019a,1779096168,36.08,26.91,60.65,1
d46ac330,1779096228,41.7,25.66,66.36,1
5b9b226e,1779096288,21.08,-2.59,66.45,1
a055321d,1779096348,48.6,3.65,65.06,1
7d877afd,1779096408,62.52,26.57,40.35,1
70d6d2b7,1779096468,32.57,43.61,64.86,1
396ad4df,1779096528,10.71,17.74,41.35,1
ea5b8437,1779096588,75.09,45.76,53.93,0
cb98eef2,1779096648,69.16,36.89,51.72,0
5424676d,1779096708,9.26,39.45,71.13,1
3c07dda8,1779096768,50.3,10.35,58.14,1
175debe9,1779096828,77.96,41.09,32.63,0
0331cf18,1779096888,76.25,5.88,66.49,0
3de0411f,1779096948,0.0,-9.3,81.96,1
7ff4b507,1779097008,98.83,25.51,73.74,0
2bed14d6,1779097068,62.14,-5.99,92.17,1
34a251ae,1779097128,55.91,6.5,41.22,1
23b4a3c5,1779097188,46.7,23.26,44.24,1
6887cfb6,1779097248,80.15,28.63,41.26,0
1537707f,1779097308,79.41,28.92,44.57,0
767ba03f,1779097368,70.02,-9.32,100.0,0
bd48a877,1779097428,26.65,46.56,89.62,1
13a30d12,1779097488,58.57,5.13,84.87,1
bcd8d7a6,1779097548,35.08,18.59,37.84,1
b022b8ce,1779097608,53.45,-0.08,22.28,1
f9646194,1779097668,94.23,16.16,63.99,0
c05c88b8,1779097728,13.49,8.07,83.83,1
faeb6f77,1779097788,48.37,24.77,100.0,1
760a3ae7,1779097848,28.06,-4.97,31.86,1
7843e394,1779097908,18.55,42.29,77.58,1
ba9f47a0,1779097968,1.63,21.06,57.01,1
f5362807,1779098028,77.41,-3.13,19.74,0
13be26c5,1779098088,82.85,11.83,41.03,0
56f830cf,1779098148,45.72,33.17,84.95,1
828ecb03,1779098208,28.99,-1.28,73.74,1
84367fc7,1779098268,42.55,-8.2,26.95,1
07cb7499,1779098328,83.55,47.19,21.32,0
f29343ad,1779098388,83.41,22.83,61.4,0
7bd757ad,1779098448,48.14,24.53,56.31,1
ffe95119,1779098508,32.12,2.07,46.12,1
4339eef5,1779098568,36.8,20.26,87.06,1
890b7805,1779098628,8.7,20.3,55.22,1
16b15b6f,1779098688,57.74,15.37,69.52,1
437df2f2,1779098748,0.0,34.45,66.05,1
10c7135c,1779098808,67.16,33.36,74.82,0
156c717b,1779098868,34.9,18.19,37.97,1
481cb6b6,1779098928,79.19,9.76,44.5,0
8862b160,1779098988,42.81,48.79,39.39,1
a8e87f18,1779099048,63.7,15.98,33.21,1
974b10b1,1779099108,49.45,32.13,44.37,1
4a0acde3,1779099168,77.13,7.34,60.77,0
b57f04fe,1779099228,79.66,37.52,22.17,0
4edc7e1d,1779099288,79.68,-1.87,40.7,0
2958c8ac,1779099348,31.04,38.67,51.09,1
3b27b7f0,1779099408,68.24,46.6,41.38,0
dce4e3de,1779099468,100.0,17.66,94.79,0
416875f7,1779099528,42.92,26.17,19.5,1
ea94bf83,1779099588,100.0,43.7,51.47,0
7e33bbb1,1779099648,61.25,14.95,57.91,1
1abd12c7,1779099708,89.37,47.04,75.18,0
45820269,1779099768,70.33,21.25,43.12,0
b35c2cda,1779099828,71.92,23.13,45.33,0
2c43d746,1779099888,18.24,18.88,83.09,1
505be293,1779099948,15.56,1.9,94.0,1
d8a245ed,1779100008,50.35,34.04,71.28,0
45d7f329,1779100068,5.74,14.43,38.26,1
6b0ef7cf,1779100128,77.67,22.61,14.51,0
03dcb5d2,1779100188,21.98,19.76,59.83,1
3758fa61,1779100248,48.57,45.96,58.98,1
281df6d1,1779100308,90.98,14.11,81.57,0
cc898154,1779100368,56.13,36.15,74.54,0
6bdb18b1,1779100428,60.1,39.23,57.69,0
d010ac6b,1779100488,43.57,6.26,65.55,1
f7eadc82,1779100548,25.08,41.32,41.34,1
08edb47d,1779100608,28.65,3.91,47.14,1
597b13fe,1779100668,57.3,-9.65,87.55,1
eb3ac16a,1779100728,2.07,-3.16,30.58,1
176da731,1779100788,79.76,33.25,80.75,0
9f77408e,1779100848,67.98,46.74,96.4,0
2fc9bf60,1779100908,100.0,18.58,35.8,0
d9286423,1779100968,99.59,37.51,60.24,0
730ad8c3,1779101028,70.84,46.52,63.38,0
d1b9b4fe,1779101088,46.32,-8.59,46.87,1
c37b20e4,1779101148,60.84,44.65,19.89,0
0e5609a4,1779101208,54.57,21.93,43.31,1
1944f77c,1779101268,62.01,45.64,54.38,0
d921242d,1779101328,72.62,13.04,55.48,0
a155d66b,1779101388,45.65,-2.65,94.28,1
7c217f71,1779101448,47.94,34.07,75.4,1
ebcbc911,1779101508,47.97,-3.97,59.55,1
ac8248c9,1779101568,99.17,10.08,59.22,0
b072246b,1779101628,77.24,32.24,81.45,0
22ae93f5,1779101688,71.59,19.35,59.69,0
36f93513,1779101748,15.28,8.46,55.41,1
cba8b74e,1779101808,53.06,4.91,51.62,1
d2042cad,1779101868,75.72,9.63,45.12,0
e27f4e2d,1779101928,33.47,36.49,49.7,1
b054fd88,1779101988,46.65,20.42,38.53,1
9e8a0430,1779102048,75.54,38.64,88.73,0
08672be3,1779102108,48.95,6.81,58.13,1
85071e06,1779102168,38.74,8.59,44.88,1
64c85d30,1779102228,100.0,12.87,65.58,0
92b1a4f4,1779102288,26.79,7.42,84.87,1
d1a54e4f,1779102348,39.45,-5.21,60.73,1
db8c757e,1779102408,65.88,33.29,57.65,0
6b70cda0,1779102468,67.56,39.22,89.41,0
18d220ba,1779102528,15.61,20.72,50.53,1
5f6687d7,1779102588,94.58,23.9,100.0,0
03a5ef23,1779102648,56.05,46.61,66.03,0
67b6df0b,1779102708,43.21,19.7,50.72,1
22e81cfc,1779102768,50.45,34.88,84.21,0
7a8990e5,1779102828,39.69,33.91,47.97,1
4892a273,1779102888,38.72,5.89,39.64,1
57f8da9e,1779102948,83.11,12.07,40.91,0
0d36bb4e,1779103008,27.11,38.3,62.53,1
a6f33589,1779103068,86.25,33.52,34.6,0
73dd304f,1779103128,57.65,26.97,55.38,1
5fb92a4a,1779103188,18.04,46.54,54.26,1
0e1d9ab5,1779103248,31.01,10.26,73.27,1
07860137,1779103308,64.9,35.95,78.86,0
af3dcfa6,1779103368,93.2,13.19,50.61,0
ccc3b6bf,1779103428,64.06,48.56,35.53,0
d5de9c90,1779103488,40.16,30.44,21.82,1
2be17ef0,1779103548,80.13,35.7,62.91,0
28a4f92e,1779103608,64.31,29.07,67.94,1
285ab4e4,1779103668,71.15,2.1,53.16,0
537ff463,1779103728,42.1,41.26,66.29,1
de50e2e1,1779103788,55.29,39.82,99.35,0
883b32df,1779103848,17.31,7.09,53.1,1
0dd1b9e6,1779103908,100.0,38.33,70.8,0
3ce5605b,1779103968,59.53,36.85,87.31,0
0d0df923,1779104028,70.41,14.57,38.83,0
3e234c2e,1779104088,40.61,-9.29,73.99,1
d7ad3e47,1779104148,66.79,12.56,25.7,1
91423cf9,1779104208,76.31,44.75,61.95,0
258c1a8d,1779104268,43.1,22.95,25.89,1
5cfbc2a3,1779104328,69.55,12.68,41.77,1
42d62e9f,1779104388,27.58,-8.65,0.0,1
d1e23f2b,1779104448,21.65,23.59,80.58,1
822ae7a1,1779104508,28.37,14.43,49.65,1
3b8c973b,1779104568,55.06,1.93,28.86,1
ddd9529a,1779104628,19.28,30.26,60.6,1
1dab458c,1779104688,38.73,18.07,65.88,1
eb3e060f,1779104748,53.98,5.86,46.09,1
e52ec815,1779104808,94.12,45.46,100.0,0
d61b87ad,1779104868,100.0,14.1,86.12,0
d3ea8e99,1779104928,69.41,15.94,50.32,1
67b167dd,1779104988,60.02,1.33,68.16,1
2156e726,1779105048,23.42,7.85,80.43,1
b898aa6a,1779105108,76.19,3.79,41.09,0
b4400204,1779105168,34.58,18.55,33.04,1
ab1bb8f3,1779105228,25.83,9.12,83.63,1
63d9349a,1779105288,100.0,-1.22,42.79,0
3e00b0b4,1779105348,58.5,5.38,54.11,1
2b5f9b52,1779105408,73.7,29.79,53.88,0
f63b53f8,1779105468,82.22,-8.82,37.79,0
4bbfc1cb,1779105528,47.62,38.79,94.61,1
ad69e886,1779105588,50.66,11.61,77.87,1
319cbc68,1779105648,97.97,43.04,52.93,0
79212bc0,1779105708,40.99,-3.64,72.45,1
192f604b,1779105768,41.55,26.85,47.45,1
807b0277,1779105828,50.56,-7.4,14.45,1
9ae0d909,1779105888,23.52,28.82,49.99,1
f3585bf0,1779105948,39.46,15.66,0.0,1
c8bf27fe,1779106008,93.14,23.41,62.44,0
073121b8,1779106068,45.38,17.82,73.0,1
a210bb9d,1779106128,55.14,7.29,44.49,1
22b0c9f1,1779106188,54.0,21.94,35.61,1
e79d58e9,1779106248,55.43,27.43,50.7,1
c29f28a9,1779106308,46.65,33.22,32.71,1
c70fa963,1779106368,0.0,9.34,73.4,1
f92b67e4,1779106428,65.27,30.3,63.07,1
f1fcc8bc,1779106488,48.17,43.45,44.18,1
2e37f1b2,1779106548,45.35,40.68,71.78,1
4d7a84d0,1779106608,12.87,28.05,19.01,1
cb514320,1779106668,18.75,10.76,67.43,1
94c0cd6b,1779106728,39.21,10.05,17.6,1
f9036f83,1779106788,49.18,47.27,49.65,1
22008114,1779106848,69.87,28.72,86.98,1
abf47495,1779106908,98.22,25.21,60.93,0
114409ea,1779106968,58.55,12.75,98.35,1
7b9961ee,1779107028,78.85,43.46,29.49,0
e8c57cd5,1779107088,82.84,14.13,59.69,0
ff7805c8,1779107148,46.49,10.23,49.5,1
baf49919,1779107208,74.31,-6.95,77.46,0
9d54742b,1779107268,31.88,22.86,42.09,1
b04797ff,1779107328,41.04,11.34,35.5,1
c36e751b,1779107388,51.29,-2.33,89.39,1
4b9b4814,1779107448,34.0,5.78,89.67,1
48b55b22,1779107508,48.94,10.59,12.85,1
edeba54b,1779107568,35.95,-8.85,31.42,1
9fbfc819,1779107628,34.73,-7.37,70.12,1
c86e852e,1779107688,79.73,38.83,73.34,0
73cb40af,1779107748,13.66,34.23,59.36,1
a880e117,1779107808,24.02,44.2,76.36,1
992d8405,1779107868,60.53,46.32,76.16,0
44b0ebaf,1779107928,28.84,16.53,72.16,1
110f90fd,1779107988,45.64,34.5,46.46,1
0664d472,1779108048,10.68,25.72,38.95,1
adfbf05a,1779108108,22.88,31.72,52.73,1
550438c8,1779108168,57.64,7.17,45.37,1
91cb873c,1779108228,48.9,-8.7,53.19,1
44784097,1779108288,55.89,9.3,0.0,1
9c0916ac,1779108348,41.98,30.34,40.91,1
fdf8c163,1779108408,54.07,25.39,89.9,1
57382830,1779108468,33.91,-0.29,41.88,1
da423e02,1779108528,29.92,21.17,45.36,1
6fe3f1a5,1779108588,66.18,1.73,61.82,1
d6a5b7d5,1779108648,77.54,23.61,69.84,0
ccd5977c,1779108708,28.49,-7.64,42.24,1
e394297d,1779108768,76.82,-7.15,42.93,0
2d984462,1779108828,67.8,36.96,40.62,0
569c6682,1779108888,96.3,13.28,51.64,0
09bd70a3,1779108948,41.61,24.8,37.58,1
239e38ca,1779109008,0.0,20.5,61.79,1
d35aca33,1779109068,55.47,17.03,85.94,1
ac5a13b5,1779109128,25.07,12.99,38.82,1
b57a0787,1779109188,0.0,40.79,36.38,1
133288db,1779109248,88.0,3.86,17.28,0
df6f6fb9,1779109308,55.49,38.54,93.44,0
ff4e82a8,1779109368,33.18,32.94,73.26,1
54b89a70,1779109428,35.68,0.36,82.34,1
5a5cd11e,1779109488,49.9,11.15,59.17,1
ca25694b,1779109548,16.73,41.58,64.68,1
cf5f059e,1779109608,29.04,18.84,45.15,1
74fdb5c0,1779109668,12.5,6.31,59.88,1
54b40e48,1779109728,63.32,36.21,43.89,0
1d9d0bab,1779109788,94.94,34.16,53.67,0
52170a54,1779109848,37.5,1.17,70.86,1
8069ef0f,1779109908,44.95,36.98,93.05,1
4ac25dc7,1779109968,65.46,31.18,89.11,1
768cfd27,1779110028,21.71,31.28,77.75,1
14584122,1779110088,33.57,-7.84,79.89,1
0801dc20,1779110148,45.11,-3.61,70.93,1
37438e5e,1779110208,89.4,3.3,59.04,0
aa2bf0be,1779110268,27.35,49.5,43.77,1
40b4e138,1779110328,58.32,45.52,33.34,0
a2236ce6,1779110388,64.43,35.65,35.42,0
07865974,1779110448,32.15,0.54,83.57,1
8f023dd1,1779110508,84.05,17.89,52.71,0
cffd3300,1779110568,54.13,13.95,60.25,1
d0b9bcbb,1779110628,11.34,13.57,86.48,1
b2202a4f,1779110688,59.32,22.54,63.33,1
f1e37518,1779110748,44.27,2.67,63.0,1
2c79c850,1779110808,39.9,5.17,60.04,1
d635fb53,1779110868,41.38,5.87,60.25,1
3fc87d51,1779110928,100.0,45.55,70.4,0
c58a5902,1779110988,23.62,45.82,95.98,1
3c6597e6,1779111048,34.22,-2.15,71.99,1
83e62ae5,1779111108,66.04,37.38,97.68,0
f803e952,1779111168,68.25,49.18,87.84,0
6f250e35,1779111228,24.96,39.7,61.74,1
ac49ca88,1779111288,70.25,47.43,45.5,0
15fb357a,1779111348,69.92,17.62,92.66,1
b1240850,1779111408,14.82,28.18,34.04,1
632a78fe,1779111468,70.14,1.9,82.68,0
dc478f84,1779111528,86.7,18.54,59.39,0
0f65f496,1779111588,88.48,29.68,64.16,0
8ba45035,1779111648,72.28,-0.25,55.91,0
0d12059a,1779111708,70.52,38.66,41.77,0
0446ca8f,1779111768,76.0,-3.08,39.62,0
3e941ee1,1779111828,77.65,12.06,54.08,0
8ffe8ebc,1779111888,52.7,28.76,100.0,1
91fc3092,1779111948,76.83,18.88,64.37,0
c808f406,1779112008,52.85,9.92,44.13,1
3d3a77ec,1779112068,54.84,21.3,56.17,1
eb7a6571,1779112128,16.49,44.65,53.6,1
8032cf98,1779112188,36.27,21.01,43.29,1
af7d9df8,1779112248,29.16,25.95,46.4,1
d66da7d7,1779112308,85.51,23.29,43.55,0
28483915,1779112368,90.98,11.93,21.54,0
349f66a8,1779112428,68.03,38.23,66.39,0
1caa564a,1779112488,35.53,33.02,42.07,1
382ac14b,1779112548,74.41,-3.99,78.62,0
b72b371c,1779112608,74.06,39.86,83.31,0
1e99a897,1779112668,24.6,23.5,52.65,1
0941e2b9,1779112728,45.16,40.7,74.89,1
3bef86e3,1779112788,25.0,46.31,100.0,1
33653c2a,1779112848,43.1,-8.23,52.77,1
45acc9c8,1779112908,7.98,42.19,50.0,1
cd31dec5,1779112968,89.82,21.91,89.3,0
d7be49b9,1779113028,47.06,49.97,42.54,1
43ec8589,1779113088,33.73,18.37,53.47,1
c34ca67d,1779113148,69.6,34.95,67.42,0
971f8e08,1779113208,24.98,9.85,42.9,1
ff2290be,1779113268,52.18,16.41,24.84,1
18f95bb2,1779113328,100.0,13.23,62.96,0
59bd93d5,1779113388,32.83,10.97,49.77,1
a47ded52,1779113448,71.5,30.01,76.21,0
cb62ffd5,1779113508,61.96,24.24,31.1,1
3c52e958,1779113568,100.0,19.51,41.96,0
2af11715,1779113628,92.72,-3.42,70.38,0
9d8900a0,1779113688,35.45,-6.0,67.98,1
2638badc,1779113748,47.78,1.17,46.23,1
f6116791,1779113808,82.14,47.04,58.86,0
ebbe5df8,1779113868,14.61,26.2,86.02,1
9875245d,1779113928,64.61,42.22,54.64,0
ef6d3fac,1779113988,2.64,7.6,72.59,1
fab1e67c,1779114048,1.61,18.27,49.02,1
082887a8,1779114108,45.3,41.46,63.19,1
d427e37a,1779114168,16.5,12.42,50.29,1
e56a5e84,1779114228,25.01,26.44,49.68,1
d98fdb81,1779114288,77.82,-8.07,58.58,0
b01f3e3e,1779114348,81.38,35.57,73.73,0
196c960d,1779114408,58.38,45.67,71.3,0
cbcff3e4,1779114468,51.0,-9.16,18.16,1
f872ff0a,1779114528,43.13,0.62,50.86,1
37b331cd,1779114588,57.52,30.33,75.35,1
270ed7e4,1779114648,18.59,43.62,85.78,1
6588ada1,1779114708,63.13,-4.02,25.07,1
b7f9166e,1779114768,57.84,35.85,30.31,0
48598ba2,1779114828,16.64,-9.94,71.89,1
b67f24a4,1779114888,45.63,44.23,87.2,1
2a899e85,1779114948,67.26,18.63,10.09,1
ce54aeeb,1779115008,87.39,21.61,54.31,0
61f8bf1a,1779115068,21.84,-7.74,42.93,1
d444bfaa,1779115128,13.9,-1.11,68.9,1
419a041b,1779115188,82.87,35.13,82.32,0
a7988d50,1779115248,74.4,46.18,60.18,0
829b78ae,1779115308,62.73,8.22,83.08,1
5fe17a34,1779115368,43.24,-6.59,32.2,1
921cd6a2,1779115428,51.5,23.42,66.48,1
05d6548d,1779115488,48.97,-8.08,100.0,1
f701a441,1779115548,87.62,15.0,75.64,0
521c6b45,1779115608,30.5,3.28,74.71,1
7497764b,1779115668,39.95,40.82,38.73,1
06a27edc,1779115728,39.88,25.35,82.66,1
ad9526f2,1779115788,26.4,0.09,76.11,1
235243e6,1779115848,52.0,48.88,66.42,0
830962bd,1779115908,81.6,3.36,39.8,0
c70775af,1779115968,52.14,9.18,25.69,1
c4bf62ae,1779116028,36.93,-7.86,45.34,1
1b0f220b,1779116088,48.18,-4.35,97.79,1
ac6079c9,1779116148,30.04,35.26,64.43,1
c94ecb76,1779116208,58.12,-5.62,71.61,1
64457850,1779116268,49.28,40.81,86.6,1
efdee219,1779116328,90.97,49.61,78.16,0
5208961f,1779116388,65.26,17.62,33.63,1
24400027,1779116448,58.17,24.03,43.3,1
1937f3c0,1779116508,37.9,18.16,61.11,1
d6a290ce,1779116568,45.69,27.5,74.29,1
f1067d5c,1779116628,66.95,21.16,73.36,1
e9cd1e46,1779116688,42.18,43.32,80.62,1
0bcfbb2b,1779116748,29.97,-6.81,41.06,1
bfba4cf8,1779116808,40.57,3.75,86.9,1
78384120,1779116868,57.79,40.03,55.84,0
81e2d691,1779116928,100.0,18.46,79.56,0
e137a896,1779116988,68.88,-2.46,56.06,1
4d7492ae,1779117048,4.7,19.89,40.99,1
3dce05c1,1779117108,81.39,-1.6,3.67,0
9c48f4dc,1779117168,9.37,1.06,61.66,1
dfed355c,1779117228,98.14,33.66,37.93,0
13887cf4,1779117288,41.83,13.27,99.71,1
aff565c9,1779117348,87.11,19.69,33.7,0
7e2a54f2,1779117408,44.94,27.82,56.34,1
47491a2b,1779117468,43.49,45.76,67.41,1
4f3ef6bc,1779117528,73.83,2.09,75.78,0
8c3df117,1779117588,53.16,0.33,28.39,1
1660912b,1779117648,22.99,-0.42,36.45,1
fa065d9e,1779117708,65.34,0.03,47.46,1
618f3286,1779117768,51.98,48.56,54.24,0
9c470670,1779117828,30.52,24.22,53.1,1
0855fb28,1779117888,52.63,27.35,63.01,1
010ae49b,1779117948,60.87,-4.53,21.59,1
f2732bd9,1779118008,79.11,47.9,78.51,0
929cfd46,1779118068,95.26,37.42,67.99,0
c537df62,1779118128,34.54,20.76,44.1,1
b14acf3f,1779118188,71.58,18.43,51.89,0
d971ea8f,1779118248,58.98,36.39,86.68,0
2f6ed434,1779118308,74.35,6.47,50.16,0
8b101265,1779118368,13.53,18.53,64.7,1
1f8d8783,1779118428,21.43,48.02,42.18,1
06d6bf0e,1779118488,61.01,49.05,49.58,0
3423a4b6,1779118548,66.51,-9.29,57.05,1
ec370e14,1779118608,51.05,42.4,100.0,0
d6d6114b,1779118668,56.22,30.81,48.59,1
628d8594,1779118728,60.89,39.39,63.33,0
388ebb58,1779118788,49.08,13.88,48.31,1
180fbaf5,1779118848,37.99,13.05,22.5,1
8c5b1052,1779118908,58.92,-4.68,58.99,1
33166836,1779118968,49.04,27.42,76.38,1
b5479ccb,1779119028,38.77,15.83,81.26,1
901983e1,1779119088,6.08,45.53,34.62,1
e98cdf79,1779119148,45.69,-4.08,41.26,1
b53a9c23,1779119208,24.65,21.34,66.78,1
582c9650,1779119268,45.44,48.7,100.0,1
3aeed13f,1779119328,41.66,-7.27,77.71,1
2c694175,1779119388,44.94,49.87,63.49,1
9059e527,1779119448,71.98,44.48,41.07,0
da5a070e,1779119508,56.98,8.57,56.38,1
3df6af03,1779119568,57.03,18.67,96.65,1
db93d995,1779119628,68.2,1.45,40.41,1
b07246bb,1779119688,9.57,47.34,66.93,1
c78c90d2,1779119748,37.64,3.96,30.36,1
d986a821,1779119808,77.11,32.72,59.5,0
535d917b,1779119868,29.33,31.64,63.22,1
79259914,1779119928,61.68,5.0,49.11,1
33ab8f18,1779119988,4.71,41.53,39.9,1
7c01cee4,1779120048,54.55,-1.48,39.28,1
75f8d5aa,1779120108,63.88,16.08,65.61,1
c9c43bda,1779120168,69.77,21.26,59.56,1
b55c16ef,1779120228,100.0,31.35,51.51,0
2483bef9,1779120288,31.17,37.17,57.73,1
8691c7d1,1779120348,29.8,28.03,55.02,1
0236b2ea,1779120408,38.23,26.09,82.42,1
5d31180c,1779120468,9.4,44.27,85.58,1
e93f8c88,1779120528,0.0,49.85,65.94,1
e1df340f,1779120588,16.8,20.78,59.46,1
2794f931,1779120648,63.94,37.31,72.64,0
13a076ef,1779120708,24.68,41.73,77.14,1
90a01941,1779120768,48.23,-2.17,61.82,1
b7ac576a,1779120828,100.0,22.72,71.95,0
4d897092,1779120888,100.0,20.16,61.59,0
0b49757f,1779120948,17.58,6.72,59.35,1
37c189d8,1779121008,40.04,48.38,51.07,1
0365618e,1779121068,38.17,25.44,45.77,1
4b44f35a,1779121128,23.06,37.62,66.86,1
665336dc,1779121188,32.92,7.32,74.84,1
356b24ce,1779121248,37.33,15.1,64.8,1
32a02e56,1779121308,16.97,16.89,65.01,1
54297c42,1779121368,8.69,36.86,79.34,1
1ebf86c8,1779121428,38.15,40.32,78.3,1
2ff12e8f,1779121488,39.18,44.47,100.0,1
5e476cf6,1779121548,15.29,20.04,42.15,1
0b6537da,1779121608,0.0,31.62,48.42,1
a977b436,1779121668,64.64,48.37,68.61,0
55c35e8c,1779121728,72.85,13.66,40.26,0
c0806f9d,1779121788,43.18,49.63,100.0,1
426a2749,1779121848,45.65,5.11,86.77,1
1204f8ef,1779121908,46.24,21.44,59.19,1
7f1387f0,1779121968,100.0,48.44,73.53,0
f2b10aae,1779122028,22.6,11.63,22.2,1
75366eef,1779122088,52.87,24.33,88.55,1
204a22b5,1779122148,58.54,-2.07,67.88,1
a22b4f66,1779122208,37.03,7.68,94.37,1
0ce69b20,1779122268,49.54,11.33,47.04,1
73de26ae,1779122328,70.91,36.17,38.65,0
11a53169,1779122388,54.29,9.31,71.74,1
13a88872,1779122448,36.7,26.73,52.23,1
16b44367,1779122508,52.71,25.41,34.75,1
b0844cb4,1779122568,28.39,37.78,82.71,1
4f48a18a,1779122628,11.99,20.77,15.83,1
906a7441,1779122688,24.9,-2.7,78.89,1
ef4db973,1779122748,2.17,16.55,72.4,1
0604418c,1779122808,47.79,27.22,100.0,1
02d8cf67,1779122868,91.67,32.36,66.14,0
8e398568,1779122928,99.35,42.41,67.55,0
625956ed,1779122988,1.47,35.85,29.86,1
32a506f3,1779123048,31.96,43.53,62.78,1
f37bc76f,1779123108,53.21,15.67,48.17,1
07385163,1779123168,33.97,23.76,54.7,1
9c53cfd3,1779123228,25.89,26.75,58.98,1
97e78e74,1779123288,71.6,44.32,75.38,0
98bf2ad0,1779123348,63.78,41.93,57.8,0
14fff080,1779123408,29.37,16.12,50.14,1
002f7ee0,1779123468,86.08,25.0,22.6,0
3255312e,1779123528,51.64,-3.71,93.26,1
7ee52785,1779123588,39.28,48.28,76.15,1
919d15b4,1779123648,46.0,-7.21,55.13,1
baac9605,1779123708,69.7,16.04,69.23,1
fe980c11,1779123768,53.75,27.8,74.25,1
8fc170d0,1779123828,38.07,11.26,76.22,1
3e69e112,1779123888,53.72,14.59,56.57,1
02335429,1779123948,49.63,23.23,65.2,1
b48d42ab,1779124008,0.25,-5.5,66.65,1
7e0ec8c8,1779124068,51.85,-1.63,61.93,1
7f44dd8f,1779124128,64.6,14.55,85.68,1
27e66362,1779124188,65.3,32.01,51.63,0
5431e41a,1779124248,100.0,-4.54,79.11,0
09b9e2a4,1779124308,15.25,2.5,57.63,1
20be2a60,1779124368,66.38,14.23,65.14,1
3d72d1b2,1779124428,64.73,42.27,36.85,0
7908871c,1779124488,64.22,22.19,67.66,1
12026679,1779124548,35.26,10.9,68.25,1
3e9ff4b3,1779124608,56.24,45.74,11.19,0
c159f478,1779124668,38.41,7.44,38.7,1
8ba6d070,1779124728,70.24,47.74,64.61,0
74a5b91e,1779124788,74.82,21.51,69.02,0
d5270d49,1779124848,53.09,23.3,30.84,1
2c5fef57,1779124908,29.3,12.1,74.33,1
9e9a4022,1779124968,59.9,16.64,57.66,1
5bf0c33a,1779125028,70.28,5.93,76.5,0
dea63c94,1779125088,73.13,18.51,63.37,0
2601041b,1779125148,61.08,39.62,63.64,0
f67e4b70,1779125208,55.85,12.94,83.3,1
5761d8d2,1779125268,47.24,22.33,74.15,1
7018e220,1779125328,100.0,18.23,25.88,0
be14add2,1779125388,100.0,-1.65,33.5,0
248d3513,1779125448,35.54,44.53,65.9,1
873ddae6,1779125508,34.01,0.89,47.66,1
2b1ffe2e,1779125568,57.18,1.29,78.87,1
110d1473,1779125628,44.9,47.26,23.59,1
b37e2c33,1779125688,70.76,16.37,41.88,0
59dfbf04,1779125748,39.99,-5.73,23.29,1
f1dedff7,1779125808,34.08,33.52,74.82,1
3ef4acb1,1779125868,55.36,38.57,56.56,0
3d098eb0,1779125928,49.4,33.64,70.21,1
06556b1f,1779125988,21.39,16.58,50.62,1
9d49acc2,1779126048,54.7,27.59,42.98,1
ed47495e,1779126108,100.0,-3.03,69.59,0
515d06a2,1779126168,6.11,46.41,69.08,1
e26457cf,1779126228,69.47,3.87,37.55,1
8d31d687,1779126288,75.18,31.63,60.47,0
50aad01d,1779126348,9.46,17.34,33.2,1
107b7ab9,1779126408,61.46,11.85,37.9,1
ec3afdb2,1779126468,60.9,26.63,71.98,1
dcd6415f,1779126528,19.78,36.57,48.68,1
31f6f8c4,1779126588,11.46,1.71,58.48,1
abc0221b,1779126648,61.95,3.74,48.46,1
7c00e1db,1779126708,0.0,24.78,88.6,1
f2e6fe59,1779126768,41.96,15.59,59.35,1
8e7a7475,1779126828,78.47,29.08,100.0,0
61ed443d,1779126888,60.43,0.96,40.31,1
01a6d969,1779126948,30.55,32.59,84.23,1
1668fe91,1779127008,47.17,32.3,48.89,1
a55c0fff,1779127068,67.12,27.85,47.33,1
a8cc5d9b,1779127128,5.5,18.95,81.28,1
705dcf6d,1779127188,32.8,31.9,100.0,1
8991dcfb,1779127248,15.69,2.84,53.89,1
d5304502,1779127308,69.48,2.15,73.19,1
1075abc5,1779127368,50.08,45.02,71.69,0
5176705f,1779127428,75.86,-4.9,79.23,0
89c3004b,1779127488,26.82,37.2,85.77,1
cc6a19d2,1779127548,75.84,-2.16,49.57,0
8e494ccf,1779127608,37.63,14.51,39.68,1
f2c7e08d,1779127668,80.59,-4.18,45.96,0
4faaf922,1779127728,75.26,-5.99,51.08,0
5577e615,1779127788,43.58,12.34,49.88,1
cd5e5ad6,1779127848,62.0,28.66,87.66,1
93fcba3e,1779127908,38.14,39.99,66.4,1
39821410,1779127968,65.96,43.38,93.95,0
b6ecc416,1779128028,26.14,15.78,72.82,1
8bb63d7c,1779128088,32.9,47.28,59.82,1
f3dbcbfd,1779128148,59.76,20.37,45.32,1
11c6b0d2,1779128208,52.03,3.74,83.58,1
8e20300b,1779128268,42.08,5.33,42.46,1
84cc819d,1779128328,63.17,24.5,60.15,1
784ff191,1779128388,57.63,18.51,75.78,1
4045fe41,1779128448,47.65,42.12,83.26,1
980cf27d,1779128508,32.51,41.32,52.14,1
02ca2ffd,1779128568,73.2,46.27,64.17,0
0dfc70c9,1779128628,50.04,12.5,46.53,1
87fb47d5,1779128688,80.76,6.84,70.55,0
4a919f5c,1779128748,94.16,-1.93,69.61,0
93b5d510,1779128808,60.26,46.97,84.29,0
14303374,1779128868,31.14,20.39,53.82,1
a1b51c84,1779128928,0.0,-6.05,68.62,1
6240a57a,1779128988,81.48,6.85,96.1,0
d7c7bd98,1779129048,43.35,16.98,71.14,1
c9ecaf57,1779129108,26.81,45.93,62.03,1
4e914f7d,1779129168,32.51,13.24,55.81,1
a7159ea2,1779129228,58.53,31.67,100.0,1
f8d5042e,1779129288,47.6,39.15,56.04,1
a8524a8e,1779129348,81.82,-0.83,28.42,0
8d26ec7e,1779129408,40.4,20.86,44.76,1
fa96609e,1779129468,83.82,29.37,68.28,0
36cee0be,1779129528,14.47,18.43,95.05,1
5abf9211,1779129588,78.66,3.8,54.27,0
f4008b9c,1779129648,55.47,41.54,56.66,0
c8f072a9,1779129708,100.0,6.49,57.82,0
111f3828,1779129768,67.34,9.49,91.69,1
494d7002,1779129828,63.65,15.22,50.69,1
7a8cc937,1779129888,75.55,41.82,64.22,0
1cf3e831,1779129948,19.25,36.51,49.14,1
4358a125,1779130008,16.81,44.27,54.23,1
2a34cc02,1779130068,51.23,29.7,56.14,1
f422b907,1779130128,22.19,10.37,36.64,1
bc372b69,1779130188,39.99,45.75,63.26,1
0ac27d47,1779130248,62.73,3.4,47.68,1
1afeec5a,1779130308,42.93,32.14,81.06,1
7d0f0509,1779130368,78.58,8.9,63.7,0
facaa536,1779130428,5.33,11.23,100.0,1
19d3140e,1779130488,56.17,29.45,37.5,1
651b645e,1779130548,38.92,46.79,35.22,1
389d537d,1779130608,69.51,34.41,36.52,0
57d3f089,1779130668,67.66,34.2,58.33,0
4785289d,1779130728,100.0,31.56,32.01,0
4a7c8779,1779130788,74.25,11.41,64.72,0
a9aabbe9,1779130848,25.45,-7.73,46.27,1
0518833b,1779130908,78.65,26.88,85.47,0
a19f1614,1779130968,48.31,42.22,83.87,1
91160ab9,1779131028,65.53,31.92,55.91,1
3dea2162,1779131088,60.59,21.98,27.91,1
5fc10667,1779131148,56.6,8.89,39.04,1
f6782644,1779131208,71.79,30.56,66.54,0
4fcc67e0,1779131268,54.94,30.54,15.49,1
7f955fb9,1779131328,62.76,13.87,64.03,1
3f6486eb,1779131388,51.75,-7.48,63.13,1
93e18ecc,1779131448,49.14,17.62,78.11,1
26d008b7,1779131508,21.47,18.15,64.33,1
65d66871,1779131568,89.8,37.93,48.25,0
1f29ca1f,1779131628,53.5,5.28,71.48,1
46f7a0e6,1779131688,93.61,45.46,73.27,0
3300c2c0,1779131748,28.06,32.78,88.32,1
e364d16d,1779131808,47.2,14.38,50.95,1
2d40790f,1779131868,59.29,38.14,42.38,0
74217ca4,1779131928,66.11,0.02,62.93,1
c9cad2d0,1779131988,74.05,-4.66,76.42,0
0b102912,1779132048,56.94,-8.0,66.4,1
5000635b,1779132108,52.95,21.94,18.01,1
b07f5320,1779132168,60.33,12.1,55.34,1
d03cccd1,1779132228,48.29,21.87,56.9,1
14f11539,1779132288,10.77,-2.12,47.26,1
bc5f526a,1779132348,23.26,27.08,29.19,1
16fd72f9,1779132408,31.22,44.3,90.4,1
acd7303b,1779132468,6.55,28.8,100.0,1
8b60d087,1779132528,47.52,18.23,54.55,1
90c924b1,1779132588,78.54,39.58,38.85,0
38919d6e,1779132648,65.48,36.0,52.49,0
08f3c7d7,1779132708,83.65,-3.76,44.15,0
b6aafd40,1779132768,54.08,7.54,89.23,1
5063a734,1779132828,81.28,2.57,87.53,0
9a818f0a,1779132888,48.39,24.17,50.9,1
9b112bd4,1779132948,90.72,16.36,63.7,0
db6947bb,1779133008,30.3,12.26,73.14,1
79ced9e7,1779133068,69.4,13.95,70.29,1
c4427cc0,1779133128,78.93,36.54,56.57,0
9cee03a6,1779133188,25.33,30.73,36.24,1
f3c8ad8e,1779133248,19.9,8.6,64.51,1
70aa90db,1779133308,57.47,49.16,72.71,0
ad91b3f4,1779133368,66.98,-8.79,45.8,1
81732488,1779133428,40.89,10.81,100.0,1
7fe7e4f7,1779133488,51.58,12.07,54.48,1
1e1efa97,1779133548,79.8,8.59,53.94,0
2ccc0fce,1779133608,81.4,5.13,83.75,0
5b24ed3b,1779133668,73.44,35.71,50.18,0
64ae7793,1779133728,60.0,-6.3,19.72,1
d33af9b0,1779133788,48.21,-4.84,30.66,1
bf3dd0bb,1779133848,62.18,46.62,75.35,0
e1732b0b,1779133908,59.0,23.27,63.16,1
825daa2c,1779133968,57.82,28.53,61.31,1
3d22395d,1779134028,94.09,49.41,77.26,0
dbaaee79,1779134088,56.63,7.0,47.02,1
e1471eb1,1779134148,81.07,-0.79,92.35,0
b058f362,1779134208,62.91,-2.31,35.1,1
e6135171,1779134268,68.32,9.63,49.73,1
3ed93f17,1779134328,67.66,3.63,59.62,1
69cba6d7,1779134388,87.74,35.32,28.7,0
3f61ac30,1779134448,32.33,-8.51,74.39,1
e29fc68c,1779134508,24.71,32.62,53.44,1
b2d2fccb,1779134568,41.41,40.2,62.43,1
4d4535bc,1779134628,39.48,30.08,28.79,1
b9d615d0,1779134688,8.37,-6.06,19.97,1
f360bb69,1779134748,85.4,44.91,49.46,0
f1591f45,1779134808,9.92,32.16,23.7,1
4f8909d1,1779134868,84.8,26.58,54.37,0
655748c5,1779134928,56.95,1.2,43.05,1
d16188e4,1779134988,100.0,42.57,82.11,0
192f259f,1779135048,5.8,3.86,53.99,1
b1a1b6ef,1779135108,48.07,15.55,61.76,1
56f0fdb0,1779135168,64.16,18.46,47.03,1
d79523cf,1779135228,17.67,41.13,32.28,1
69b4f600,1779135288,93.45,43.82,68.58,0
c588b2f7,1779135348,42.78,47.15,73.52,1
41aa3262,1779135408,48.29,43.75,54.73,1
38b32a0d,1779135468,26.28,8.16,41.16,1
1f1e9b25,1779135528,21.92,33.6,100.0,1
307ff3ac,1779135588,57.74,2.27,74.03,1
ab410187,1779135648,47.09,-1.01,64.28,1
739fac60,1779135708,53.3,-3.17,42.93,1
d3b64673,1779135768,39.4,6.9,44.69,1
39f08adc,1779135828,80.23,35.68,67.96,0
cf1225a2,1779135888,28.01,47.95,43.59,1
af48faae,1779135948,31.56,32.43,20.99,1
56d5eddb,1779136008,7.12,23.23,76.52,1
57b8e804,1779136068,49.41,-2.09,54.51,1
711ee671,1779136128,22.04,15.97,72.86,1
d6fa3cfa,1779136188,55.54,-3.04,32.34,1
84fd6a06,1779136248,40.84,-3.51,63.54,1
412db7b5,1779136308,0.0,47.09,75.88,1
76e77363,1779136368,25.29,11.37,100.0,1
0ce5337f,1779136428,53.29,24.74,71.43,1
cd54fba9,1779136488,46.37,16.56,66.95,1
d37e4df3,1779136548,31.23,23.95,70.29,1
96cdc712,1779136608,26.54,41.55,49.07,1
a98c6b02,1779136668,9.12,0.19,28.9,1
2103939c,1779136728,73.83,11.79,54.0,0
84b74316,1779136788,43.17,41.76,53.99,1
b85164a1,1779136848,66.68,37.96,29.1,0
71b62c21,1779136908,53.41,25.39,64.59,1
b1ffaf71,1779136968,40.22,35.51,89.59,1
0275ed2a,1779137028,16.61,33.74,46.62,1
dc75ae54,1779137088,57.68,10.97,58.98,1
b2bbd22f,1779137148,68.41,15.98,47.25,1
1daf852f,1779137208,47.53,34.66,76.53,1
8496682d,1779137268,11.53,1.96,56.26,1
0e07afe2,1779137328,88.11,26.3,51.1,0
f7be3a07,1779137388,21.94,18.89,79.45,1
bd7a3d77,1779137448,49.52,-9.34,62.03,1
31812d05,1779137508,61.83,26.72,39.52,1
8ff0ad9b,1779137568,32.88,35.82,76.02,1
7b778e09,1779137628,22.13,22.73,83.65,1
58a9ecda,1779137688,46.11,42.87,36.89,1
9bf2e16d,1779137748,79.25,25.42,54.57,0
064d9ebf,1779137808,58.54,20.36,34.03,1
6d86e82e,1779137868,26.37,15.0,54.96,1
f336245d,1779137928,7.48,45.53,45.31,1
773fbec0,1779137988,83.64,21.81,47.03,0
45f4c999,1779138048,24.11,46.51,77.62,1
9bc1430d,1779138108,81.78,11.9,62.31,0
51e57dc1,1779138168,57.38,-9.53,46.41,1
12396961,1779138228,15.33,27.64,57.77,1
51424197,1779138288,49.27,39.05,67.91,1
49e94cd4,1779138348,2.65,45.83,100.0,1
96810e58,1779138408,55.42,7.78,65.91,1
48b24763,1779138468,12.39,16.64,64.9,1
b8ad2f3e,1779138528,81.96,43.76,58.78,0
7d45f709,1779138588,42.93,41.71,59.0,1
4c8cc15a,1779138648,60.56,-8.5,37.43,1
62ef6418,1779138708,54.25,-3.96,59.3,1
8a731bbb,1779138768,6.39,44.31,46.19,1
f6afef47,1779138828,40.9,-5.13,70.25,1
98ac8fa7,1779138888,12.94,30.33,83.03,1
2393491b,1779138948,24.21,41.46,73.37,1
e883ec7c,1779139008,27.59,26.59,71.47,1
65c685f1,1779139068,26.78,39.73,82.64,1
bf7cd03a,1779139128,10.06,23.46,89.8,1
ec4fd2ab,1779139188,20.1,14.16,65.49,1
db048795,1779139248,23.36,35.67,26.33,1
fcd21465,1779139308,67.76,7.62,59.44,1
4c184f3e,1779139368,84.39,22.76,51.92,0
c53f53e8,1779139428,33.71,13.92,61.37,1
612684be,1779139488,67.43,30.57,53.05,1
35d5e717,1779139548,63.9,40.43,19.37,0
1716026f,1779139608,18.43,-7.48,35.41,1
6c67bc9f,1779139668,76.66,12.89,65.9,0
bb0621d7,1779139728,68.33,12.54,87.56,1
8681f447,1779139788,60.84,41.27,45.13,0
c528fe06,1779139848,88.31,-3.37,68.41,0
05ff15b3,1779139908,54.97,31.4,84.25,1
a3fa3d33,1779139968,76.55,44.38,53.53,0
ee712025,1779140028,100.0,32.49,63.49,0
11c2cc1e,1779140088,47.92,17.04,87.55,1
fe8caae8,1779140148,58.23,46.7,5.62,0
e44de5b8,1779140208,65.14,0.82,61.29,1
73a8e277,1779140268,70.83,30.75,71.96,0
da4734d0,1779140328,80.51,41.66,100.0,0
8b01d589,1779140388,46.63,40.92,62.29,1
47063b73,1779140448,11.92,42.19,49.37,1
85636055,1779140508,83.1,5.8,54.16,0
acb3a516,1779140568,49.96,-3.99,56.46,1
542c9ace,1779140628,29.4,16.62,78.72,1
65d6f3d3,1779140688,43.8,36.89,50.4,1
fd045f72,1779140748,60.28,45.05,40.53,0
3d0338a9,1779140808,74.89,-3.46,71.51,0
91056e33,1779140868,61.1,32.91,54.39,0
8fe08ceb,1779140928,84.95,14.85,83.82,0
6eec6cb0,1779140988,42.41,43.99,99.89,1
7c06c520,1779141048,18.65,42.37,40.02,1
1af6ca31,1779141108,51.82,-2.16,88.8,1
d40fab9d,1779141168,65.78,13.1,36.98,1
09757f75,1779141228,37.98,37.32,84.0,1
a82a1655,1779141288,24.33,-8.0,50.84,1
3ae3b010,1779141348,70.17,4.34,55.43,0
6f5c4e76,1779141408,45.72,45.07,58.68,1
336853ce,1779141468,54.01,6.44,37.7,1
77d1e621,1779141528,47.77,10.57,92.21,1
6f212c44,1779141588,68.08,44.65,57.25,0
6fe91261,1779141648,65.45,9.18,66.93,1
e71e1db7,1779141708,86.44,27.42,29.52,0
a0fd45ec,1779141768,0.0,49.17,50.84,1
a9aac564,1779141828,43.55,33.64,85.49,1
108bd5f1,1779141888,37.73,11.15,54.34,1
f546c7c2,1779141948,44.22,38.89,59.07,1
f7d55271,1779142008,76.31,-5.56,23.14,0
33b02d00,1779142068,63.44,49.93,62.59,0
9878bcce,1779142128,13.72,41.5,41.51,1
e203fb0a,1779142188,65.57,11.32,73.04,1
6c631518,1779142248,80.16,31.29,65.38,0
0052bf07,1779142308,39.71,44.33,49.04,1
8f86d06e,1779142368,73.47,22.05,29.4,0
29000f14,1779142428,36.1,4.21,50.67,1
9b2386d3,1779142488,5.8,46.86,60.39,1
0581c03f,1779142548,32.61,33.76,58.86,1
5d640cdb,1779142608,79.43,6.78,33.75,0
5d39432f,1779142668,86.71,45.68,67.63,0
cd4b4aa8,1779142728,29.04,17.86,35.75,1
fa240d59,1779142788,25.52,10.73,59.78,1
6457e236,1779142848,59.59,46.97,40.18,0
fd46b42b,1779142908,76.46,-2.95,65.88,0
db17b938,1779142968,29.84,2.37,93.54,1
46cc10fd,1779143028,31.82,31.72,56.66,1
625f9fab,1779143088,29.1,-2.74,38.08,1
b0b8c447,1779143148,49.5,24.33,82.46,1
df629515,1779143208,1.86,1.55,89.87,1
d196d6f5,1779143268,35.92,-3.77,67.41,1
189d0c96,1779143328,26.67,8.41,73.47,1
dec66cd5,1779143388,0.0,32.51,34.04,1
84d4a1ff,1779143448,87.39,32.84,85.57,0
ee0213b7,1779143508,24.7,16.28,36.38,1
a290eb89,1779143568,39.39,-9.66,67.95,1
e69a599e,1779143628,52.18,41.48,39.84,0
608ce221,1779143688,28.92,13.96,74.04,1
a431bbf9,1779143748,84.52,40.35,60.7,0
9052bd91,1779143808,50.5,31.66,77.83,1
7954d20b,1779143868,54.06,4.92,40.71,1
762cb8b7,1779143928,98.83,5.42,40.1,0
fde6b1bb,1779143988,42.94,3.27,51.55,1
a3489d9d,1779144048,53.25,41.48,38.74,0
d473c00f,1779144108,20.5,23.7,80.61,1
7ac6c5ef,1779144168,74.88,29.99,78.75,0
e1150acb,1779144228,8.58,28.49,97.29,1
d325a212,1779144288,76.95,3.5,58.28,0
61ecffb3,1779144348,22.39,13.7,58.61,1
fdfc2e21,1779144408,38.4,12.41,38.04,1
23396d02,1779144468,58.5,-6.9,48.4,1
86ce03d4,1779144528,38.78,4.43,51.88,1
4bc3cc17,1779144588,100.0,3.3,72.15,0
9638018a,1779144648,30.06,45.33,81.49,1
53e869e6,1779144708,30.41,37.39,98.58,1
2b96966b,1779144768,35.64,10.38,77.43,1
885f6b50,1779144828,48.56,38.07,48.53,1
925100ed,1779144888,50.82,21.99,60.42,1
25e67f45,1779144948,54.83,36.7,42.57,0
aa15dc42,1779145008,50.78,43.2,56.76,0
b8b343f6,1779145068,35.71,48.41,79.32,1
c2287321,1779145128,65.23,42.84,53.36,0
ff9ecab1,1779145188,59.52,-2.8,90.91,1
b48ea7b4,1779145248,0.0,37.53,69.65,1
6bb93b32,1779145308,57.39,-9.11,63.71,1
4258cf2b,1779145368,40.12,-5.12,66.18,1
8029aca9,1779145428,51.14,27.78,56.6,1
45146194,1779145488,49.27,9.91,62.79,1
ada93dab,1779145548,78.05,46.21,68.58,0
1be0db8b,1779145608,41.92,28.09,86.71,1
4fb1b972,1779145668,49.23,3.0,83.26,1
9247a9ff,1779145728,35.25,4.63,66.62,1
db7abab1,1779145788,63.29,13.88,24.4,1
4e4f1cf6,1779145848,40.01,-2.56,63.14,1
4d4e9ba7,1779145908,0.0,7.75,59.8,1
f9095519,1779145968,31.92,-6.1,67.33,1
4ccb9def,1779146028,92.17,35.38,46.2,0
e643cfab,1779146088,47.01,15.79,90.29,1
be4e3a9f,1779146148,17.83,45.18,68.96,1
402efc36,1779146208,65.92,39.38,50.5,0
80092d97,1779146268,42.36,48.77,55.9,1
78aab753,1779146328,67.88,-9.75,52.13,1
2591a1c4,1779146388,49.29,4.32,51.98,1
1a5aa2da,1779146448,65.59,-5.35,96.11,1
9c9608ba,1779146508,40.8,1.14,37.82,1
f8560572,1779146568,40.26,-4.39,87.12,1
a870a6cc,1779146628,27.67,-2.26,59.32,1
cf7bef24,1779146688,63.97,45.48,51.91,0
88a9e672,1779146748,37.34,6.35,79.91,1
7d0e3186,1779146808,93.35,49.6,67.68,0
0cb667d0,1779146868,72.07,40.78,70.33,0
2b565672,1779146928,57.3,20.66,62.3,1
6734e712,1779146988,38.39,1.77,76.95,1
6fb03d40,1779147048,0.52,42.67,100.0,1
910618b7,1779147108,43.3,35.11,51.15,1
9b2e7f42,1779147168,42.95,13.23,47.26,1
c1840124,1779147228,23.39,41.64,67.63,1
4837d059,1779147288,70.67,18.07,57.92,0
aaa03adb,1779147348,32.68,-9.78,51.3,1
4758e57e,1779147408,25.7,13.5,61.59,1
30508059,1779147468,10.36,0.51,72.62,1
004d959a,1779147528,40.46,46.32,74.8,1
7dc70281,1779147588,77.65,-5.2,33.75,0
3857b771,1779147648,69.44,21.72,45.35,1
2f99f76f,1779147708,46.91,42.19,74.86,1
5f6856eb,1779147768,59.53,47.59,59.19,0
0aa021ff,1779147828,68.82,40.86,53.33,0
63cc67e4,1779147888,63.42,-5.64,35.01,1
9fae876e,1779147948,41.11,-5.75,67.36,1
95e4a605,1779148008,85.84,41.3,22.81,0
37146c4e,1779148068,48.66,-6.37,68.4,1
691915bc,1779148128,60.31,16.87,91.52,1
5834ef62,1779148188,50.62,10.32,20.74,1
52f90521,1779148248,56.79,42.61,91.82,0
5c9d34a5,1779148308,10.74,41.07,65.23,1
b5ac0cfb,1779148368,14.78,27.41,65.5,1
3b4d0628,1779148428,75.06,17.2,51.72,0
6620dcc4,1779148488,37.99,13.76,65.38,1
a44fb68d,1779148548,37.54,9.79,44.74,1
1d12690c,1779148608,81.07,34.97,74.54,0
624b4e7a,1779148668,84.44,16.22,60.88,0
f3f921d7,1779148728,54.39,47.14,39.5,0
baf68ea0,1779148788,59.17,28.81,87.31,1
c4f20fd1,1779148848,46.97,9.88,74.54,1
28f8443e,1779148908,39.88,14.9,20.46,1
bd68b458,1779148968,74.48,1.36,55.01,0
5fbb45be,1779149028,39.56,35.85,60.84,1
8a3126da,1779149088,96.2,-6.9,83.81,0
b4281b23,1779149148,71.73,23.97,31.21,0
c640de46,1779149208,73.84,6.38,100.0,0
e3d2f8ce,1779149268,35.89,40.94,52.05,1
b841ed2d,1779149328,20.28,0.63,68.84,1
be877e1a,1779149388,59.3,29.56,71.44,1
2cb6bc41,1779149448,11.86,48.77,48.06,1
0cd34703,1779149508,33.92,40.85,79.29,1
083e5dc9,1779149568,30.04,15.59,80.37,1
7b3e58b7,1779149628,49.46,33.37,59.65,1
49328161,1779149688,69.58,49.74,48.62,0
ff93335c,1779149748,48.71,38.12,43.82,1
d550313b,1779149808,66.78,10.94,74.92,1
1c5c32ad,1779149868,100.0,48.44,38.2,0
d5ce41e3,1779149928,63.9,6.16,55.47,1
6e25f965,1779149988,100.0,6.35,45.32,0
7bd1c57b,1779150048,35.63,-3.16,53.28,1
bd2f0f2a,1779150108,80.54,26.48,45.84,0
4b39b75e,1779150168,61.75,30.21,62.07,1
f5f4757a,1779150228,47.37,28.91,33.91,1
2a1fca7f,1779150288,40.6,15.77,48.78,1
bf31b3d1,1779150348,21.63,30.4,59.21,1
f56f8c85,1779150408,9.74,-9.18,75.06,1
87884cf7,1779150468,45.4,-0.76,45.66,1
88bc3cfc,1779150528,86.66,22.83,31.82,0
295e6c92,1779150588,32.69,26.84,36.16,1
21401ded,1779150648,60.19,23.2,71.62,1
0a5926ad,1779150708,15.84,42.77,32.11,1
995ffcdc,1779150768,81.31,-7.72,82.73,0
95401b7e,1779150828,41.13,-3.65,100.0,1
35e3df01,1779150888,64.24,23.0,53.52,1
1f4acc7c,1779150948,31.86,32.85,57.06,1
316bbb70,1779151008,71.43,20.62,90.49,0
fe6a0b89,1779151068,99.52,4.0,31.88,0
7c7fcb22,1779151128,53.2,8.67,72.71,1
fac3462f,1779151188,84.13,-0.3,55.5,0
48c2f19d,1779151248,75.38,8.93,36.56,0
bfffb54e,1779151308,40.47,35.76,66.04,1
30f8cf31,1779151368,54.55,11.11,77.84,1
16fef6c5,1779151428,64.69,20.54,33.11,1
54fc2a1f,1779151488,28.42,19.47,100.0,1
df246f69,1779151548,33.49,9.7,66.05,1
5d9bd883,1779151608,48.29,37.09,31.87,1
26873564,1779151668,0.0,-5.06,56.3,1
6fe65a2b,1779151728,7.47,26.9,67.48,1
c86888cc,1779151788,46.56,48.12,30.52,1
29ce0519,1779151848,57.87,10.02,64.3,1
449fefa5,1779151908,45.96,48.2,55.6,1
dce3d3d0,1779151968,78.09,36.57,73.54,0
71dce29d,1779152028,85.54,25.75,63.35,0
481c918d,1779152088,65.17,22.01,23.16,1
bb465ddf,1779152148,86.29,-4.01,50.19,0
3aa17ddc,1779152208,35.2,-7.64,85.49,1
278440c8,1779152268,82.14,-2.84,28.22,0
b6caf346,1779152328,54.68,9.78,67.77,1
9c49fd18,1779152388,86.34,26.09,46.81,0
2eec88d5,1779152448,24.34,19.27,91.79,1
bf256d9b,1779152508,8.3,35.91,46.84,1
b737b314,1779152568,30.5,-5.12,79.84,1
549d2b45,1779152628,49.19,14.62,55.63,1
75fe10fe,1779152688,49.55,5.39,65.87,1
1e12ed9c,1779152748,49.44,25.95,79.8,1
fbea4f08,1779152808,44.23,46.65,44.06,1
b8f31590,1779152868,6.13,27.54,80.2,1
8c0d51a3,1779152928,43.85,20.31,68.93,1
ce668e9b,1779152988,69.37,30.78,89.73,1
46c21ae6,1779153048,16.38,31.05,38.5,1
40ae2298,1779153108,40.15,1.29,32.09,1
3d7cdd38,1779153168,61.37,-1.58,58.68,1
8ab99cdb,1779153228,16.99,37.4,67.72,1
acd28985,1779153288,41.88,44.72,64.75,1
dd100e62,1779153348,61.36,49.14,35.43,0
80ff483d,1779153408,31.23,1.3,54.01,1
72ef9b91,1779153468,86.53,-0.99,60.05,0
16162304,1779153528,18.06,10.47,83.13,1
2957cddd,1779153588,39.49,38.72,100.0,1
0f50f597,1779153648,60.46,-6.15,50.07,1
6ce12fe2,1779153708,63.93,41.3,38.17,0
cb92bb99,1779153768,29.65,22.23,36.7,1
2d941076,1779153828,64.86,36.42,48.98,0
df02cc85,1779153888,47.05,36.49,36.86,1
61d5df27,1779153948,79.48,-6.99,31.18,0
1c9f469a,1779154008,23.11,39.83,66.73,1
b6bc60f6,1779154068,16.47,40.45,42.25,1
a324c970,1779154128,46.83,12.2,48.98,1
a0275a52,1779154188,62.01,35.06,54.98,0
93a2b0b3,1779154248,53.71,21.64,53.97,1
83040ce1,1779154308,42.6,24.45,72.69,1
7e6688cd,1779154368,0.0,17.37,65.68,1
a400c0c7,1779154428,66.35,17.08,44.94,1
272d00dc,1779154488,60.0,29.81,63.32,1
8788ecbc,1779154548,53.29,11.61,62.99,1
c89fb90f,1779154608,22.26,22.13,66.46,1
a029709d,1779154668,68.94,21.68,43.24,1
2db02d89,1779154728,10.88,49.92,47.98,1
db1c174f,1779154788,43.29,48.32,67.13,1
24478bab,1779154848,54.51,36.86,40.88,0
cd0dad70,1779154908,54.24,16.07,59.05,1
fc054653,1779154968,47.12,30.74,36.34,1
8a84fbf4,1779155028,46.1,25.62,85.14,1
415b40d0,1779155088,70.56,49.16,33.77,0
4a0f0b5d,1779155148,10.28,47.29,67.98,1
b4a9d327,1779155208,0.0,0.89,55.9,1
af8c0026,1779155268,66.6,26.86,49.8,1
249aa425,1779155328,46.67,-2.73,64.11,1
166afd89,1779155388,50.09,49.9,55.6,0
0fa6382f,1779155448,22.77,42.61,82.17,1
d436885e,1779155508,35.67,-1.02,78.21,1
9314f05f,1779155568,45.6,15.49,29.32,1
5ff452c4,1779155628,29.03,35.73,49.2,1
33250459,1779155688,24.53,3.06,43.71,1
aba96b8d,1779155748,53.89,26.32,37.97,1
d1f4f1c2,1779155808,75.62,7.54,83.37,0
f31858b5,1779155868,80.54,10.97,37.16,0
fe497496,1779155928,36.32,6.33,34.97,1
6c64e9f6,1779155988,40.0,-6.11,70.08,1
061b55c8,1779156048,29.3,13.61,73.71,1
82ae13f7,1779156108,64.79,2.43,71.39,1
9c1badae,1779156168,28.56,-5.55,52.3,1
9c7add7e,1779156228,88.9,40.4,64.93,0
f1f0f2b9,1779156288,63.27,12.55,38.54,1
02ab986f,1779156348,39.91,49.37,76.44,1
4083ecda,1779156408,51.47,37.57,35.44,0
fb8c5e99,1779156468,20.46,49.18,10.13,1
04da932a,1779156528,97.4,-6.73,32.78,0
001f7203,1779156588,60.76,14.24,79.88,1
cdfd2966,1779156648,51.15,-9.24,55.15,1
53920b6f,1779156708,37.17,29.2,49.64,1
9fecabb4,1779156768,46.49,-1.03,53.29,1
cacc3a38,1779156828,95.21,33.27,77.93,0
b464824e,1779156888,40.92,-5.28,55.67,1
57d99177,1779156948,65.68,3.06,57.92,1
00138a0d,1779157008,38.91,26.33,54.59,1
156d6e16,1779157068,77.43,41.67,87.62,0
8ad06991,1779157128,22.07,7.36,59.17,1
f4cad6cc,1779157188,77.51,21.86,91.6,0
374437e2,1779157248,76.55,42.88,88.28,0
5e0861fe,1779157308,85.08,4.92,68.67,0
2911067a,1779157368,66.36,13.14,65.8,1
d989281e,1779157428,68.1,-6.43,77.98,1
f5d9d054,1779157488,24.26,48.04,64.54,1
d6c737f9,1779157548,48.53,-2.69,60.94,1
056715a9,1779157608,7.03,-7.91,80.94,1
afa17c8b,1779157668,0.0,-3.94,76.65,1
5ccfc284,1779157728,67.21,2.99,70.95,1
d6352e90,1779157788,29.2,35.9,46.5,1
63400a74,1779157848,51.5,42.89,62.48,0
acd20bb7,1779157908,18.06,15.55,91.55,1
5f764d30,1779157968,35.81,23.13,96.03,1
7d471cc5,1779158028,7.34,18.55,68.84,1
facf5dcd,1779158088,0.0,39.24,47.72,1
f98e1a7c,1779158148,100.0,43.73,39.3,0
e82baa23,1779158208,27.75,44.56,40.78,1
8186ac16,1779158268,33.79,-1.88,64.63,1
b1e8c3f2,1779158328,59.8,34.12,39.31,0
882fb3e8,1779158388,34.19,4.42,40.16,1
05efa7f9,1779158448,67.21,24.51,55.31,1
c83d0215,1779158508,48.22,-8.27,94.4,1
ddb81c56,1779158568,51.58,33.13,45.43,0
306cde82,1779158628,67.55,38.64,41.99,0
0d9873dc,1779158688,87.88,14.24,49.16,0
f73de35c,1779158748,77.81,49.52,75.03,0
9fce8acc,1779158808,24.68,-0.06,24.8,1
7d4f5d94,1779158868,66.11,45.02,40.29,0
785d12e1,1779158928,20.18,7.11,52.15,1
9cf24d53,1779158988,4.98,4.01,52.27,1
a36b64ba,1779159048,85.84,5.97,63.83,0
a2aa7050,1779159108,91.06,29.3,80.09,0
7908c5b1,1779159168,0.04,40.16,45.89,1
d18dbd1b,1779159228,30.62,-3.82,82.42,1
043954c9,1779159288,35.07,10.22,62.21,1
27b63c5e,1779159348,29.4,35.8,80.29,1
1823878b,1779159408,28.81,33.73,76.37,1
e2ef5b1c,1779159468,34.91,2.63,89.17,1
22cbba2a,1779159528,70.57,28.38,60.83,0
62605a1d,1779159588,63.1,15.63,41.24,1
89ffa7ee,1779159648,88.62,20.9,72.08,0
82ce5fa5,1779159708,64.79,26.9,76.72,1
f2a63b09,1779159768,56.14,46.15,54.9,0
2870edea,1779159828,49.08,5.53,37.4,1
592a9777,1779159888,70.59,-1.55,78.91,0
d06f4fa5,1779159948,46.42,37.84,63.39,1
43a54a65,1779160008,0.58,-0.51,50.1,1
d0573821,1779160068,62.03,23.03,40.24,1
7ae38ddf,1779160128,53.09,32.71,55.67,0
173c683d,1779160188,52.29,-4.92,46.56,1
00326052,1779160248,61.27,38.69,64.19,0
c982d444,1779160308,56.55,8.36,84.68,1
6c19d3c4,1779160368,33.22,27.71,38.08,1
25d82e87,1779160428,36.52,18.08,45.37,1
e057fe0c,1779160488,61.95,45.39,31.21,0
7ba63866,1779160548,69.99,24.96,83.84,1
76c18b09,1779160608,15.88,43.68,58.95,1
b8988e1a,1779160668,41.36,35.0,55.75,1
e8f75653,1779160728,38.98,-8.3,37.67,1
0742e2f7,1779160788,44.87,-6.74,55.44,1
63fc4ab3,1779160848,74.7,12.4,69.18,0
e59fa637,1779160908,42.66,9.52,67.67,1
21e96c54,1779160968,58.97,15.19,39.2,1
ec27aeb5,1779161028,84.39,22.74,71.91,0
97649fcd,1779161088,64.98,7.94,63.51,1
67b86bec,1779161148,84.02,26.68,42.39,0
6f38f6fb,1779161208,39.03,18.07,37.22,1
0afed8cb,1779161268,18.93,45.47,53.77,1
6a4f8b0a,1779161328,47.16,30.8,91.98,1
95c5777e,1779161388,56.95,37.94,27.48,0
42cf6d1d,1779161448,0.0,7.56,46.53,1
e7cc7e9e,1779161508,62.23,47.32,49.07,0
1880dc67,1779161568,64.07,39.43,57.85,0
830f34ba,1779161628,100.0,16.1,55.56,0
1f8a4d4a,1779161688,33.22,31.78,61.78,1
ebd0237f,1779161748,36.69,9.42,73.16,1
1586c2f5,1779161808,100.0,7.24,50.32,0
063d3380,1779161868,9.07,-6.67,74.98,1
e35ec980,1779161928,61.82,-1.19,5.55,1
3d57c114,1779161988,21.51,26.67,63.27,1
1eb51a07,1779162048,28.61,11.15,54.53,1
167e895f,1779162108,39.2,15.05,37.75,1
7da4e85c,1779162168,75.45,45.13,34.08,0
15438e45,1779162228,18.58,6.24,51.88,1
acf8f84e,1779162288,55.66,17.3,82.36,1
4dde3106,1779162348,45.83,6.71,36.73,1
7e6382c6,1779162408,50.86,3.5,42.91,1
4b6d0bfb,1779162468,74.59,21.65,55.34,0
dfb0dc80,1779162528,22.57,38.02,47.55,1
54ca9d4e,1779162588,35.52,3.05,100.0,1
75b34b16,1779162648,57.08,21.21,57.96,1
209d6c20,1779162708,63.31,36.74,10.64,0
889a29a0,1779162768,24.22,25.1,49.74,1
93580c57,1779162828,81.06,42.92,79.3,0
5e3964a7,1779162888,33.47,47.5,55.99,1
0fc28785,1779162948,99.99,29.98,38.91,0
6a5bbb4b,1779163008,14.52,35.31,64.48,1
6ed32199,1779163068,55.97,19.31,87.4,1
313fff03,1779163128,18.07,47.22,38.34,1
a561d6cb,1779163188,66.08,21.06,82.82,1
a756fc33,1779163248,29.1,19.63,54.68,1
d956f51b,1779163308,86.37,38.79,97.62,0
0de90fb4,1779163368,57.29,23.16,64.28,1
8934dfbf,1779163428,0.0,26.78,59.92,1
d1e00305,1779163488,50.25,42.25,46.23,0
57eeba20,1779163548,40.99,46.37,31.93,1
2afea117,1779163608,2.17,16.43,40.7,1
7b47fbb8,1779163668,100.0,38.04,66.7,0
1414cf76,1779163728,82.9,22.02,56.03,0
233cf10a,1779163788,81.16,33.06,34.51,0
2f96d94a,1779163848,33.43,0.19,61.74,1
5b5b54e1,1779163908,25.03,30.41,40.27,1
b1c5b77e,1779163968,27.65,21.67,37.92,1
5ec73741,1779164028,58.52,-4.88,54.96,1
3cdd819b,1779164088,79.04,26.95,56.3,0
962e29b0,1779164148,33.95,32.4,26.35,1
e5e9ff4f,1779164208,38.04,-6.35,70.31,1
a04ac6cd,1779164268,39.47,33.83,30.05,1
c6a7ac96,1779164328,16.69,20.2,72.63,1
50fac74b,1779164388,42.05,-7.89,63.03,1
3d7bc41e,1779164448,63.2,1.02,44.63,1
184ced5d,1779164508,27.31,45.25,60.51,1
17ed6d9a,1779164568,67.15,46.69,54.76,0
5bcb8d25,1779164628,49.64,-8.52,56.07,1
d868a4fc,1779164688,51.01,-5.5,77.9,1
895ba430,1779164748,43.49,46.41,42.59,1
fef3bfeb,1779164808,69.09,11.99,68.01,1
a511d801,1779164868,56.6,28.24,34.32,1
113547f0,1779164928,30.98,47.54,71.42,1
459d867c,1779164988,75.05,22.4,68.01,0
a7c9624a,1779165048,58.64,24.93,58.76,1
9bcbae00,1779165108,63.51,-9.79,98.73,1
b06db978,1779165168,35.33,8.3,44.98,1
ad30ba24,1779165228,23.71,-4.07,22.96,1
3a05a7a0,1779165288,52.58,22.24,54.57,1
03cbeeb9,1779165348,100.0,39.66,42.95,0
6a9d9ff6,1779165408,97.69,47.21,40.45,0
acfe66aa,1779165468,43.58,28.68,83.57,1
fa9bb099,1779165528,55.97,48.88,34.52,0
3bfcfa6d,1779165588,69.69,14.44,60.67,1
fb147193,1779165648,52.48,6.47,49.55,1
80dbe447,1779165708,71.71,7.29,46.87,0
216aa971,1779165768,80.57,26.6,26.63,0
c43e6c46,1779165828,70.79,30.47,62.43,0
8d660af0,1779165888,75.93,0.86,54.49,0
a6115a91,1779165948,65.68,27.52,61.23,1
22e27483,1779166008,62.9,40.36,81.31,0
c2da1e7b,1779166068,49.05,0.18,61.48,1
9db79b87,1779166128,97.39,3.63,56.99,0
190c9ed4,1779166188,18.52,11.37,51.92,1
f7f4949b,1779166248,38.73,2.29,19.97,1
302a171f,1779166308,26.03,36.46,47.27,1
5d309627,1779166368,72.2,13.23,87.97,0
ee147542,1779166428,37.25,21.54,47.98,1
7bd9456b,1779166488,46.66,24.91,42.79,1
fb9d3996,1779166548,0.0,22.55,65.37,1
b30bfa8d,1779166608,40.97,-6.02,62.45,1
7c2b2827,1779166668,26.38,-8.66,62.48,1
40637a74,1779166728,56.13,32.2,35.15,0
66b82481,1779166788,65.18,0.95,38.53,1
c6038ba8,1779166848,15.76,29.23,95.3,1
0b391082,1779166908,30.09,-4.5,30.54,1
38ae6800,1779166968,58.27,46.66,48.69,0
159df84f,1779167028,87.83,35.72,75.53,0
0f74cf74,1779167088,45.7,44.89,57.07,1
4aa155ad,1779167148,52.96,25.59,37.36,1
2c46dce3,1779167208,26.95,9.13,62.0,1
79b99f90,1779167268,46.76,1.32,48.85,1
24957159,1779167328,95.29,21.93,71.58,0
27620f0e,1779167388,0.0,40.5,36.63,1
7a32d9a7,1779167448,67.93,35.45,42.81,0
97acc075,1779167508,7.71,18.23,46.51,1
ce8ae239,1779167568,48.42,20.25,58.43,1
2a7a2c9e,1779167628,39.01,46.11,71.61,1
2a401638,1779167688,39.46,-5.64,80.9,1
f03827ab,1779167748,92.42,41.0,99.8,0
92a55d89,1779167808,50.07,10.71,63.56,1
41b5d96b,1779167868,100.0,39.5,69.58,0
37dd7fc1,1779167928,71.37,27.69,60.19,0
516db91b,1779167988,44.74,41.32,64.07,1
dcfca3b7,1779168048,26.14,1.39,70.14,1
cfe22486,1779168108,1.81,29.9,52.26,1
7ed4b425,1779168168,39.44,15.61,80.55,1
23c0bf52,1779168228,46.44,4.04,78.48,1
3ee26376,1779168288,90.41,-3.43,46.81,0
befb10e3,1779168348,81.06,-8.52,54.87,0
1528d8b0,1779168408,62.17,4.22,63.95,1
98d1f4db,1779168468,76.37,30.45,78.88,0
c03210b7,1779168528,25.28,24.85,50.18,1
55534ed6,1779168588,94.02,16.48,57.49,0
a628fac7,1779168648,18.33,2.69,40.21,1
6c65cc1e,1779168708,38.87,10.81,54.85,1
6a92c5ad,1779168768,29.52,30.09,83.17,1
ec1518a3,1779168828,65.38,47.52,92.87,0
62fef185,1779168888,37.57,0.35,40.94,1
ec0c8f58,1779168948,89.19,9.02,74.97,0
e58b4501,1779169008,97.52,15.28,67.87,0
f9e8b35b,1779169068,60.27,-6.12,70.71,1
c3bd8d1b,1779169128,16.56,23.45,72.24,1
5ea683d6,1779169188,9.86,4.06,45.29,1
36ffdaf4,1779169248,24.8,22.96,61.7,1
8f6d5991,1779169308,28.5,-4.43,85.99,1
3a6ac45f,1779169368,12.82,22.19,61.74,1
4932948e,1779169428,59.56,28.03,82.15,1
9f86adc3,1779169488,69.44,45.91,61.49,0
a0886986,1779169548,1.54,17.58,62.54,1
018e96cf,1779169608,62.3,20.01,37.38,1
2f51cda3,1779169668,48.51,18.78,58.43,1
16b77945,1779169728,54.14,30.89,79.32,1
a960cda5,1779169788,70.71,16.84,22.65,0
f8bbde1e,1779169848,39.72,19.6,62.91,1
787be38c,1779169908,24.39,47.66,35.96,1
d50a1b45,1779169968,35.92,20.59,41.07,1
d60f6882,1779170028,43.93,34.63,81.16,1
54857f2b,1779170088,39.13,13.57,76.31,1
5a1c12f5,1779170148,76.04,-7.34,51.02,0
72d8be1a,1779170208,77.44,23.93,36.56,0
187e0eb7,1779170268,86.56,1.86,13.36,0
0833bfa8,1779170328,51.73,44.07,3.79,0
e2c83a2f,1779170388,65.15,28.65,52.12,1
e3960515,1779170448,40.31,5.44,74.25,1
d4190855,1779170508,11.67,12.34,34.73,1
a7536763,1779170568,75.24,-0.14,29.71,0
c80d5b31,1779170628,58.87,18.59,67.86,1
35d7d266,1779170688,39.04,-8.95,72.23,1
b1abb31a,1779170748,30.48,24.03,100.0,1
ce2ced22,1779170808,82.23,-4.97,73.13,0
d717e3b5,1779170868,62.48,15.88,45.47,1
0a0ee9b3,1779170928,3.8,26.44,49.56,1
98305286,1779170988,61.63,0.43,36.91,1
d380eec9,1779171048,45.34,3.87,50.41,1
1cc69ca6,1779171108,54.85,18.86,34.23,1
563a402d,1779171168,37.82,5.99,15.65,1
6bfecf63,1779171228,81.81,42.97,33.51,0
a9fc462f,1779171288,59.97,-2.71,52.6,1
f5aa90b7,1779171348,29.83,47.58,58.45,1
f4f1e241,1779171408,58.4,46.01,70.0,0
ea9e0a20,1779171468,64.04,31.4,50.66,1
9f56f448,1779171528,57.2,10.79,67.18,1
2e16836d,1779171588,31.48,9.72,77.12,1
56ab218c,1779171648,54.57,13.48,22.93,1
299478df,1779171708,47.44,36.71,65.71,1
462d0191,1779171768,44.92,12.69,82.44,1
bf4b4081,1779171828,58.32,35.3,63.99,0
71774b78,1779171888,59.34,13.25,54.75,1
51a20039,1779171948,80.25,1.3,65.57,0
17c61954,1779172008,61.43,43.6,87.06,0
49252fbd,1779172068,42.63,39.97,35.62,1
a89364d5,1779172128,82.5,29.47,45.72,0
c700fff8,1779172188,72.91,40.61,100.0,0
717397a7,1779172248,41.71,-0.67,29.43,1
992eac2e,1779172308,13.07,10.03,71.36,1
d18c0e8f,1779172368,38.49,-4.48,59.44,1
3cc98e2e,1779172428,32.87,41.89,95.86,1
ef1ee6b9,1779172488,30.31,36.86,64.53,1
18b9b938,1779172548,50.39,30.97,64.91,1
471ae7c3,1779172608,40.93,41.37,29.45,1
f2f4ad7f,1779172668,36.92,16.73,45.16,1
efbd4c20,1779172728,28.74,45.66,89.09,1
6028abca,1779172788,43.91,32.54,44.71,1
4f1d8e48,1779172848,66.82,-0.15,36.43,1
fa8f834d,1779172908,52.26,37.78,75.05,0
370a994e,1779172968,73.74,19.7,25.7,0
0b447af8,1779173028,9.65,45.67,100.0,1
e07a323c,1779173088,28.18,14.68,41.6,1
349c6ada,1779173148,36.79,41.44,52.69,1
14456cfe,1779173208,77.57,39.87,63.56,0
da3903f5,1779173268,59.61,-5.01,24.9,1
e41325a5,1779173328,45.51,13.62,75.58,1
0ffd04cd,1779173388,40.67,5.11,22.57,1
7d9b704d,1779173448,80.29,40.06,49.89,0
b8a8fe6e,1779173508,42.48,42.43,22.0,1
b33a79fc,1779173568,67.12,24.95,38.46,1
97c60cb0,1779173628,77.96,-3.91,63.3,0
a370c1db,1779173688,63.03,38.68,18.31,0
488b9f76,1779173748,65.76,13.98,48.2,1
006fb96a,1779173808,64.7,-4.55,45.87,1
02ee2b04,1779173868,31.56,11.39,60.5,1
71b5f76f,1779173928,79.37,14.28,100.0,0
6fdf3fbf,1779173988,13.41,17.35,52.4,1
9cd86a42,1779174048,51.16,22.27,74.98,1
3cabdb3a,1779174108,32.66,18.91,81.02,1
7be58b2e,1779174168,50.65,-0.78,61.43,1
9f30d726,1779174228,42.35,36.0,52.41,1
d1a0a507,1779174288,39.12,45.22,30.44,1
c9a5dbc3,1779174348,47.06,14.65,80.66,1
ab953381,1779174408,10.74,-6.87,66.73,1
b8cfe8a7,1779174468,46.78,19.5,31.79,1
c3d38f6f,1779174528,87.71,3.71,39.99,0
b9b54bfb,1779174588,88.37,43.32,18.79,0
27c8d0e5,1779174648,29.34,19.36,52.16,1
266d14b9,1779174708,38.06,15.48,66.04,1
284567df,1779174768,2.64,40.71,56.8,1
41a26f17,1779174828,24.86,14.48,100.0,1
9e069c1c,1779174888,35.48,43.57,59.93,1
350d8575,1779174948,81.37,40.88,85.03,0
6d64b0aa,1779175008,42.0,26.77,92.02,1
762ae7ed,1779175068,53.33,18.54,99.39,1
90f9d344,1779175128,69.87,28.64,100.0,1
ab1d7447,1779175188,87.38,28.57,75.4,0
b8a8b37e,1779175248,99.85,16.97,64.33,0
de6a6350,1779175308,100.0,48.32,87.26,0
b5beaa3f,1779175368,18.84,2.11,27.38,1
1a140a46,1779175428,65.52,31.27,31.47,1
8767c805,1779175488,76.44,16.63,58.38,0
fcaf65f7,1779175548,64.16,41.69,53.85,0
d12079ab,1779175608,43.53,48.34,50.06,1
161023bd,1779175668,0.0,43.32,78.94,1
c299a2d9,1779175728,2.41,46.47,50.34,1
be005fa6,1779175788,54.94,20.74,64.02,1
3e522551,1779175848,35.8,24.39,70.25,1
4bbc49fa,1779175908,48.82,-7.61,89.09,1
dc79513d,1779175968,34.0,27.89,70.16,1
54a9bff2,1779176028,25.65,-2.25,45.17,1
c262e420,1779176088,52.4,34.5,64.04,0
69e383e8,1779176148,0.0,-3.4,58.37,1
30643613,1779176208,10.66,48.63,67.44,1
213f1d63,1779176268,40.24,-0.92,86.62,1
d0831ab4,1779176328,40.7,1.36,65.62,1
808f1341,1779176388,57.05,37.22,31.41,0
b0092e07,1779176448,35.97,17.87,54.98,1
569fa875,1779176508,29.78,3.2,74.42,1
d73752f8,1779176568,36.27,10.41,48.11,1
a1118e69,1779176628,56.11,37.34,58.05,0
bf2d2bf8,1779176688,29.27,44.57,71.83,1
57022fe5,1779176748,41.05,42.27,66.98,1
e72ad88c,1779176808,40.47,29.41,55.86,1
f382b14a,1779176868,32.31,9.13,65.37,1
c5d1a255,1779176928,28.39,-5.27,73.86,1
f962bfed,1779176988,26.42,4.07,43.24,1
f1ce5b5b,1779177048,58.0,9.69,33.69,1
5380f2d3,1779177108,38.6,17.88,69.24,1
4a4c3fbb,1779177168,49.69,-6.65,53.43,1
f1552b05,1779177228,28.22,25.55,59.58,1
8809884e,1779177288,32.22,24.09,71.9,1
d26b81df,1779177348,64.18,38.18,73.29,0
8d8d1767,1779177408,85.48,37.44,21.01,0
a731209a,1779177468,25.71,3.35,42.1,1
78b3d68e,1779177528,37.96,34.5,64.85,1
08784266,1779177588,23.19,5.17,76.65,1
3965aca2,1779177648,82.9,42.59,72.93,0
b2d6f3f9,1779177708,70.94,38.51,63.34,0
a4d1f697,1779177768,49.25,37.89,70.49,1
59812179,1779177828,43.2,6.29,40.5,1
078f58bc,1779177888,33.07,38.35,52.51,1
6a4f9843,1779177948,58.27,5.26,35.82,1
60c47b5d,1779178008,47.94,29.16,25.9,1
b4f692e8,1779178068,48.34,4.83,58.45,1
2798aeea,1779178128,48.14,25.94,66.87,1
3d98fbe0,1779178188,48.5,-5.55,27.55,1
783a194b,1779178248,49.11,13.92,49.46,1
6e05a1df,1779178308,60.3,49.57,44.04,0
3ac34ac3,1779178368,90.63,47.78,32.77,0
9928f43a,1779178428,46.52,34.25,85.3,1
7250ae4d,1779178488,50.88,6.74,38.27,1
7446a888,1779178548,43.57,-2.14,36.36,1
0917a282,1779178608,39.82,21.87,97.02,1
aa6b149d,1779178668,56.21,-4.22,60.85,1
b7cd2da9,1779178728,67.17,-5.66,52.03,1
a28d1d50,1779178788,51.72,14.5,81.24,1
8b25e3e3,1779178848,22.08,8.35,39.04,1
74499975,1779178908,58.57,30.18,71.79,1
4f2aa72d,1779178968,33.88,27.08,75.87,1
336cedc6,1779179028,87.09,8.56,55.8,0
9d2c0c68,1779179088,71.09,14.13,66.32,0
d210951e,1779179148,50.7,10.76,44.92,1
0a58966c,1779179208,58.74,19.14,62.67,1
b23e935b,1779179268,100.0,-3.79,50.83,0
e73fd4f2,1779179328,57.23,30.2,56.6,1
bb5abe20,1779179388,77.33,40.39,75.12,0
095b16a9,1779179448,59.44,23.18,56.36,1
4ed68290,1779179508,70.06,-2.64,92.6,0
f53074f5,1779179568,68.81,27.12,48.24,1
3a443f48,1779179628,51.45,12.62,84.95,1
6c9febc9,1779179688,39.85,40.92,70.74,1
a6c8837b,1779179748,55.97,43.29,38.54,0
e8ccd1ab,1779179808,91.63,38.28,56.43,0
31add732,1779179868,57.19,16.81,63.2,1
2e8feb44,1779179928,35.13,23.48,51.55,1
92a9cdbc,1779179988,6.21,43.65,82.58,1
583c128e,1779180048,20.55,30.74,68.66,1
d81042c8,1779180108,39.91,41.7,90.08,1
f0bbc9e8,1779180168,38.33,-4.39,45.26,1
bf7d25a3,1779180228,33.26,45.06,45.18,1
e02fe2c1,1779180288,46.66,21.94,44.47,1
d26bd0e6,1779180348,38.57,14.12,64.51,1
e38dfb86,1779180408,16.7,6.4,86.16,1
6fade189,1779180468,67.54,-7.9,62.51,1
48d62e06,1779180528,69.08,47.84,78.45,0
88250cfa,1779180588,13.93,22.71,61.99,1
d91cdca7,1779180648,59.13,37.38,64.9,0
c76b24e3,1779180708,60.36,9.93,34.66,1
0ba6cea9,1779180768,28.05,47.6,40.3,1
dbdf6bc1,1779180828,34.15,-3.83,52.8,1
13be6ac3,1779180888,54.1,1.36,45.15,1
302e56f4,1779180948,73.55,15.46,52.78,0
d7d04a30,1779181008,49.89,13.93,77.19,1
27773414,1779181068,45.61,-4.63,62.06,1
6b7a13be,1779181128,45.34,37.42,100.0,1
3c7ce522,1779181188,45.01,25.78,74.89,1
48c0f124,1779181248,59.68,39.87,60.01,0
2ec95ed3,1779181308,44.75,36.35,67.04,1
6db66754,1779181368,29.01,46.66,46.48,1
3f3f7d0e,1779181428,57.72,6.56,53.22,1
a769aaf0,1779181488,20.47,25.13,47.55,1
f1ba911a,1779181548,82.71,-9.06,34.74,0
2b7a3176,1779181608,81.78,43.29,53.46,0
308a9699,1779181668,61.12,36.1,29.47,0
109b520d,1779181728,32.56,21.44,27.62,1
e8d258bd,1779181788,59.43,-5.58,39.35,1
92a2c896,1779181848,36.18,-5.33,38.84,1
47c36e63,1779181908,88.93,25.32,39.15,0
f32dfb9d,1779181968,63.5,19.52,51.4,1
e8477e25,1779182028,41.18,49.08,84.22,1
f4bcfc0f,1779182088,0.0,35.33,92.09,1
7c6bf448,1779182148,76.12,2.64,47.73,0
50336ecb,1779182208,17.32,10.84,63.72,1
24d077a6,1779182268,80.52,-2.76,94.78,0
e067fdc8,1779182328,66.96,1.23,22.5,1
8be5b11d,1779182388,34.94,17.3,49.03,1
0d5e8485,1779182448,28.71,-8.81,79.32,1
2f1ee417,1779182508,64.67,13.48,61.06,1
56e3f25d,1779182568,61.01,31.68,58.5,1
0cdf63bd,1779182628,62.19,48.48,94.08,0
00be489d,1779182688,66.43,31.96,66.29,1
11ec1f76,1779182748,27.38,8.21,80.3,1
972b6744,1779182808,32.47,23.77,79.52,1
616b9cfc,1779182868,68.1,-3.37,48.55,1
7f3280de,1779182928,59.06,1.21,83.25,1
dedcdf0b,1779182988,5.71,9.41,66.85,1
41498d99,1779183048,36.55,49.16,56.34,1
296b378a,1779183108,51.5,12.27,56.55,1
c54824fa,1779183168,16.87,30.43,86.92,1
3bbcbc2e,1779183228,72.99,-3.16,82.12,0
b78deb84,1779183288,18.07,-8.27,78.22,1
006a61a7,1779183348,11.93,18.03,20.96,1
6dac4df1,1779183408,24.04,8.92,82.26,1
b1ed9f9f,1779183468,54.2,24.07,52.1,1
512f7a5f,1779183528,83.13,22.24,40.55,0
fe4e32f4,1779183588,78.52,28.18,0.0,0
8e9a050a,1779183648,18.24,-1.56,79.26,1
9160b820,1779183708,60.29,42.37,39.72,0
0f15200b,1779183768,20.35,35.4,53.51,1
a58e590b,1779183828,75.57,-9.08,66.06,0
72b44500,1779183888,40.96,19.78,63.57,1
a0bfc265,1779183948,1.49,42.22,54.4,1
fac17045,1779184008,38.34,36.45,39.17,1
2a65a42d,1779184068,40.81,25.18,75.32,1
61c72794,1779184128,45.99,-4.35,54.4,1
9a7befd7,1779184188,68.95,10.83,52.53,1
938a764f,1779184248,2.18,17.53,95.55,1
82be7bff,1779184308,20.86,-6.33,97.14,1
dea72316,1779184368,84.14,-4.07,59.07,0
a5907885,1779184428,69.57,23.9,78.48,1
8e454513,1779184488,74.89,36.0,58.37,0
b1b0b1a5,1779184548,62.43,28.56,69.9,1
e7546303,1779184608,77.61,45.56,57.46,0
eaff1628,1779184668,42.87,-2.85,79.15,1
7b2b1a41,1779184728,48.09,32.09,26.77,1
50f68819,1779184788,49.15,21.09,65.67,1
5f31d9ae,1779184848,100.0,21.06,90.04,0
19ab3112,1779184908,26.39,43.68,73.12,1
5f6d4f1a,1779184968,47.64,20.59,63.63,1
5d2e959f,1779185028,61.58,43.31,50.18,0
22931445,1779185088,44.6,35.52,82.76,1
99ee6ec7,1779185148,38.7,49.73,90.66,1
905c6acc,1779185208,82.43,39.03,58.41,0
e5835623,1779185268,43.9,46.99,70.04,1
1b779020,1779185328,80.93,18.41,54.85,0
e7244d85,1779185388,63.4,2.57,75.37,1
103ba5f6,1779185448,42.38,20.01,72.41,1
b510be6a,1779185508,19.46,11.49,54.22,1
50969d9f,1779185568,36.17,1.22,48.53,1
70168a68,1779185628,85.93,24.14,58.94,0
79fa6dbc,1779185688,57.02,31.36,76.18,1
3e2d4ca0,1779185748,35.21,31.36,99.23,1
60e30e91,1779185808,32.04,36.08,75.67,1
af1aa4f4,1779185868,67.81,-9.73,71.62,1
008f2035,1779185928,97.23,-0.68,60.23,0
e94c3dce,1779185988,33.49,0.88,64.76,1
da7528a3,1779186048,100.0,-1.25,53.27,0
121a665c,1779186108,36.89,4.32,48.83,1
5b1626be,1779186168,36.91,29.23,32.68,1
7d88a80b,1779186228,86.82,33.16,53.39,0
51039651,1779186288,79.43,49.21,96.68,0
75ff2657,1779186348,44.61,12.3,78.71,1
ca068c09,1779186408,29.91,-1.71,50.61,1
602f212f,1779186468,30.29,47.69,38.84,1
9bb52ffa,1779186528,55.48,12.35,60.71,1
4a04d960,1779186588,0.94,0.97,50.52,1
11c892e4,1779186648,43.82,1.18,37.41,1
987f2af7,1779186708,27.22,17.39,53.31,1
01153167,1779186768,28.78,-4.34,33.83,1
0a321883,1779186828,57.52,9.73,59.11,1
12cf8586,1779186888,72.67,-5.46,68.12,0
340ac903,1779186948,56.84,36.18,59.58,0
80075045,1779187008,59.51,35.63,73.81,0
b75f6737,1779187068,70.15,39.5,60.88,0
198daf51,1779187128,61.49,8.27,78.27,1
7ecbfca4,1779187188,8.27,-1.05,74.24,1
f9afc15f,1779187248,58.73,38.87,66.84,0
a6cde3d0,1779187308,17.31,8.24,88.32,1
f5b869f2,1779187368,55.74,20.24,45.51,1
6de3b1e3,1779187428,69.74,-8.1,60.99,1
cb1a2271,1779187488,48.04,-6.22,49.69,1
acc2be02,1779187548,53.75,-8.26,89.31,1
9b95316c,1779187608,52.8,38.37,50.87,0
af5746f1,1779187668,94.23,37.99,19.68,0
c95a35cf,1779187728,16.47,26.78,70.77,1
ea1ffe0d,1779187788,84.74,27.25,75.23,0
173af5a5,1779187848,51.33,30.32,72.56,1
4d4a9f93,1779187908,43.95,36.16,43.77,1
78e99b56,1779187968,28.46,49.75,61.95,1
c560848b,1779188028,83.25,16.53,42.25,0
b8ec7b3e,1779188088,17.76,9.35,85.07,1
63fd9cd8,1779188148,22.26,39.87,55.27,1
3da9917f,1779188208,22.26,43.64,26.37,1
b1fd7dad,1779188268,100.0,47.39,55.26,0
e8ce950c,1779188328,61.97,12.34,59.46,1
cffe3dd1,1779188388,20.39,-3.14,50.03,1
43af7558,1779188448,71.27,48.14,75.15,0
3de0f227,1779188508,31.65,-7.59,75.64,1
5aa2e945,1779188568,65.13,25.11,54.39,1
7b38b228,1779188628,57.64,49.6,55.52,0
bbe5ea4a,1779188688,63.13,44.89,12.23,0
3253e42d,1779188748,43.06,14.71,60.71,1
acc97dfb,1779188808,46.02,-7.6,45.67,1
3d32ff7a,1779188868,38.66,9.7,70.48,1
6eadc623,1779188928,59.5,3.14,71.42,1
8a344308,1779188988,54.62,13.44,52.67,1
78395f17,1779189048,42.13,10.76,90.6,1
dc070580,1779189108,90.46,44.13,53.65,0
b015f509,1779189168,50.86,-8.03,47.16,1
39f97dd1,1779189228,75.28,11.7,58.34,0
834f4490,1779189288,54.61,46.05,72.2,0
12f6187a,1779189348,40.05,3.87,65.16,1
a9ad09b2,1779189408,21.16,19.69,52.6,1
9ae0b48c,1779189468,64.94,16.02,59.25,1
9fdb1d4e,1779189528,43.28,19.76,66.95,1
fd280ebe,1779189588,22.4,11.65,26.43,1
893b728c,1779189648,45.32,21.42,85.53,1
4b1c9ee6,1779189708,88.7,-0.93,58.64,0
2ca63305,1779189768,15.37,42.04,71.86,1
5f59c91d,1779189828,20.15,25.89,35.85,1
babaf785,1779189888,35.46,15.0,42.89,1
ad64e5b4,1779189948,59.23,25.98,16.55,1
c400eb17,1779190008,97.93,8.46,76.58,0
46a2f274,1779190068,58.73,41.05,50.0,0
9f4ffcb5,1779190128,35.57,19.91,29.8,1
cc752fe7,1779190188,100.0,-7.5,68.66,0
cd189e22,1779190248,43.93,18.1,62.45,1
62b8bca6,1779190308,45.28,-1.05,85.38,1
76b27574,1779190368,38.39,1.03,88.48,1
d72c84a1,1779190428,51.28,41.14,73.93,0
90dc904a,1779190488,18.03,49.13,35.48,1
666998d9,1779190548,21.39,3.18,61.39,1
d60cdfa5,1779190608,35.18,17.75,59.53,1
de4106c0,1779190668,85.34,11.3,51.79,0
25dd8cac,1779190728,29.65,34.03,63.61,1
70cb3093,1779190788,30.59,40.1,100.0,1
78d2282c,1779190848,38.11,-4.66,46.72,1
ec449a96,1779190908,72.55,41.18,44.63,0
165a09c0,1779190968,64.8,20.84,85.19,1
7310ca63,1779191028,29.89,40.48,90.75,1
ad2f83a6,1779191088,79.63,22.16,81.23,0
f4c26d20,1779191148,42.0,12.87,69.94,1
15c3604c,1779191208,49.0,43.35,90.66,1
e725de78,1779191268,19.13,43.32,30.97,1
7a39c425,1779191328,82.91,9.97,1.83,0
ff0f47e4,1779191388,72.31,-2.81,34.44,0
fafd868c,1779191448,57.25,1.44,67.88,1
24079c11,1779191508,71.21,1.07,92.08,0
2a7505c1,1779191568,34.24,31.95,28.59,1
4ae8c93f,1779191628,62.68,36.1,100.0,0
c52384d8,1779191688,65.65,37.22,87.4,0
acce5dbc,1779191748,69.7,26.89,53.15,1
019a7ca2,1779191808,54.65,3.11,85.93,1
ee406bc1,1779191868,0.0,31.85,74.28,1
95620047,1779191928,81.33,30.68,58.2,0
7ef98b3f,1779191988,23.77,49.05,73.69,1
e29f8c4e,1779192048,60.75,9.81,70.17,1
f229b895,1779192108,22.04,22.31,62.2,1
0f9cc3ce,1779192168,54.28,28.92,37.14,1
2dab48f0,1779192228,49.18,42.54,10.76,1
2bb75d73,1779192288,54.62,0.25,55.04,1
ed38461f,1779192348,37.23,42.35,88.54,1
461f2d77,1779192408,39.5,33.0,60.43,1
88adac86,1779192468,55.12,0.09,54.48,1
961362d0,1779192528,80.4,47.25,45.61,0
26285e67,1779192588,77.42,1.45,51.44,0
fbb4d3cc,1779192648,63.88,1.56,81.67,1
1f809901,1779192708,31.33,12.98,51.99,1
44055121,1779192768,64.11,49.67,36.76,0
ae89cc2d,1779192828,50.6,24.42,54.25,1
8e2a4e02,1779192888,50.31,22.62,77.35,1
4d4f5528,1779192948,6.61,-6.64,55.74,1
f04f5663,1779193008,35.24,23.03,57.59,1
49251358,1779193068,58.32,-1.94,21.83,1
1c5e184c,1779193128,36.39,26.81,38.45,1
819bfe5a,1779193188,43.41,5.07,45.35,1
43026331,1779193248,66.58,45.84,100.0,0
9469f7e2,1779193308,61.49,-8.89,99.2,1
9ae6104d,1779193368,41.26,43.46,78.06,1
0c759939,1779193428,81.95,15.65,67.83,0
ccc8f111,1779193488,45.84,17.44,40.58,1
b0e5c740,1779193548,26.27,49.48,62.45,1
287a262b,1779193608,31.53,21.61,47.46,1
72bf61c5,1779193668,0.0,36.31,89.42,1
e2398c22,1779193728,100.0,33.42,67.37,0
d9c8fbd0,1779193788,51.48,43.05,52.05,0
9f640f70,1779193848,48.76,45.57,54.96,1
618fe1e7,1779193908,35.26,48.89,18.04,1
1eb6ff8c,1779193968,87.74,40.15,0.66,0
7246b4ec,1779194028,27.78,-8.99,78.05,1
f86b5fec,1779194088,78.67,43.75,58.7,0
f93cf662,1779194148,13.6,36.49,100.0,1
2fbb5426,1779194208,56.67,-4.76,93.57,1
bf377053,1779194268,47.96,11.8,75.64,1
03102bbb,1779194328,86.65,2.64,81.85,0
786c1af0,1779194388,37.3,1.2,76.3,1
a2f80f65,1779194448,88.7,47.93,47.43,0
c1b89e2d,1779194508,6.02,39.68,69.68,1
208e86f2,1779194568,47.56,20.07,26.33,1
96fc8864,1779194628,62.59,16.6,30.85,1
d626051f,1779194688,0.0,-8.98,44.0,1
67685d17,1779194748,0.0,-9.92,65.58,1
893af634,1779194808,22.4,13.61,40.84,1
95cfb384,1779194868,50.58,31.55,37.88,1
a4a7943b,1779194928,79.57,17.12,70.14,0
76f50c8f,1779194988,84.39,15.66,61.69,0
9df794e6,1779195048,35.71,15.06,95.25,1
2cd7bdd9,1779195108,33.31,10.32,70.69,1
e6627f0e,1779195168,34.26,3.82,35.35,1
7f516d73,1779195228,83.57,37.2,67.15,0
5423ed08,1779195288,8.47,40.13,91.0,1
46d9ada6,1779195348,72.91,1.77,76.9,0
7cadaa4f,1779195408,78.16,20.24,58.03,0
8608dbf1,1779195468,70.49,40.54,94.21,0
7665bbb3,1779195528,64.64,-2.61,26.57,1
f9f076e0,1779195588,77.64,-7.43,78.13,0
d5972669,1779195648,28.84,-2.55,94.88,1
00447803,1779195708,17.24,14.93,53.14,1
8cac46f4,1779195768,85.85,36.45,46.09,0
1e5e432e,1779195828,42.78,45.86,61.3,1
f4d55263,1779195888,37.5,24.75,70.64,1
27c3e243,1779195948,0.0,43.38,39.66,1
c54049b6,1779196008,30.68,46.8,57.72,1
fce3537e,1779196068,55.86,18.07,70.69,1
36e21cc7,1779196128,19.36,-9.54,62.7,1
9f9cb2ef,1779196188,23.26,-0.37,55.47,1
1856afeb,1779196248,71.83,17.15,72.18,0
5ac6931d,1779196308,37.02,-5.84,60.15,1
d68a9adf,1779196368,57.49,34.37,26.89,0
24aaac4d,1779196428,10.75,-2.9,90.57,1
38803595,1779196488,35.02,34.16,84.71,1
776d5412,1779196548,92.89,44.44,61.87,0
b990c4e2,1779196608,51.71,20.69,76.36,1
89476575,1779196668,54.5,17.48,58.06,1
94e938eb,1779196728,45.31,-2.38,39.23,1
a8a034bf,1779196788,100.0,10.27,62.39,0
4cd840c1,1779196848,64.48,12.01,69.34,1
f47bc0ee,1779196908,47.74,2.07,92.18,1
b1869485,1779196968,41.31,-1.75,43.15,1
930ac64d,1779197028,6.66,8.04,17.4,1
af4c3352,1779197088,21.59,37.03,64.63,1
399b7723,1779197148,73.49,32.94,25.53,0
2cf3e645,1779197208,11.22,20.19,90.1,1
0cfd7f6b,1779197268,61.23,-3.77,66.39,1
1406ef87,1779197328,83.07,15.9,48.97,0
8aa43024,1779197388,27.0,26.17,25.19,1
1b84393d,1779197448,49.99,2.51,60.68,1
410b67a6,1779197508,91.77,2.31,100.0,0
07b20aa1,1779197568,76.83,5.55,77.39,0
7fa75a8c,1779197628,83.29,17.16,47.16,0
3897682e,1779197688,66.14,30.07,74.08,1
5004627d,1779197748,12.96,13.92,69.03,1
e6498f36,1779197808,68.07,0.67,84.75,1
73135f01,1779197868,53.34,5.06,53.45,1
e290ebc3,1779197928,92.02,23.76,59.96,0
bb366de9,1779197988,32.13,23.92,43.43,1
37977e61,1779198048,13.9,-5.95,60.39,1
6b0f0d4d,1779198108,77.5,40.93,58.12,0
19eb1ccb,1779198168,96.88,1.57,62.09,0
dd2ee1cb,1779198228,22.06,39.92,78.5,1
7bd5f355,1779198288,51.79,-4.0,57.82,1
639cd2fd,1779198348,41.03,29.26,73.97,1
32b00f59,1779198408,0.0,28.73,55.73,1
c03d8a0c,1779198468,54.79,38.44,74.7,0
96122e93,1779198528,35.9,42.13,13.49,1
f0c948e4,1779198588,74.53,-8.79,11.79,0
8b921169,1779198648,60.53,33.02,39.69,0
b46c77c8,1779198708,22.81,16.72,65.04,1
82536f30,1779198768,48.33,42.22,15.51,1
4b48e32e,1779198828,48.29,43.42,60.9,1
ca8abf21,1779198888,91.89,-1.6,56.12,0
8f7e12ee,1779198948,21.38,16.3,74.82,1
9ae38043,1779199008,45.13,-4.0,53.89,1
cf5bbf03,1779199068,24.88,46.71,66.59,1
ef2bd62a,1779199128,41.71,45.91,61.61,1
fee5a80f,1779199188,35.09,10.55,60.6,1
142ce5a0,1779199248,45.48,30.2,45.71,1
c8e23cd7,1779199308,0.0,-2.85,48.03,1
849c2444,1779199368,40.31,38.45,55.06,1
59cc19f4,1779199428,56.72,10.56,39.44,1
f2da9493,1779199488,65.81,17.42,35.14,1
ae91dd10,1779199548,88.81,19.48,26.61,0
bb3a7999,1779199608,63.58,30.17,23.85,1
f7db1524,1779199668,49.18,-6.54,50.88,1
6bbdb759,1779199728,56.34,41.97,33.71,0
995c48f3,1779199788,93.29,-1.18,26.25,0
5c6842c7,1779199848,69.35,44.2,76.82,0
9d4ea119,1779199908,62.74,43.66,79.55,0
73be3048,1779199968,53.35,24.14,47.77,1
773359fe,1779200028,50.39,26.57,49.15,1
46ee0f7e,1779200088,34.72,28.42,43.35,1
a1b0353a,1779200148,78.62,10.54,57.97,0
4fea43dd,1779200208,40.6,-8.35,65.22,1
f5688c84,1779200268,26.42,39.16,41.49,1
ca6fba12,1779200328,33.97,31.94,93.18,1
b7313929,1779200388,58.57,41.05,47.06,0
124d11f1,1779200448,100.0,4.85,60.88,0
6a581b44,1779200508,12.91,10.01,72.3,1
ebf5f0be,1779200568,81.85,16.96,8.95,0
b3fb6ad8,1779200628,2.36,-0.46,58.71,1
b3579b44,1779200688,84.62,0.15,67.93,0
3d454112,1779200748,57.33,8.31,50.79,1
95d60606,1779200808,50.45,9.61,60.75,1
821fdf63,1779200868,55.19,-5.25,23.16,1
6db56984,1779200928,51.95,-9.37,90.88,1
588b600d,1779200988,30.18,20.65,96.06,1
92c25a0a,1779201048,56.57,48.75,31.0,0
d296137f,1779201108,45.23,4.58,52.46,1
ed5bd600,1779201168,33.42,39.09,32.5,1
4697f377,1779201228,100.0,21.31,73.38,0
06a000ea,1779201288,16.77,19.29,54.31,1
2d92f458,1779201348,82.61,35.82,51.28,0
10158fc5,1779201408,51.93,41.47,77.79,0
033fd20a,1779201468,51.05,22.37,46.06,1
d5530d00,1779201528,36.94,41.95,30.98,1
91c2cc3a,1779201588,75.73,43.56,50.57,0
32e9bfc3,1779201648,61.28,45.04,36.38,0
7a58a449,1779201708,26.23,17.47,58.26,1
44e0d0cb,1779201768,79.37,16.32,22.42,0
69b77e18,1779201828,10.85,47.28,100.0,1
235e46e7,1779201888,40.8,38.48,51.85,1
da9c43e0,1779201948,70.16,6.29,47.11,0
85554e3f,1779202008,50.47,1.8,49.57,1
36568ee3,1779202068,67.5,45.42,85.57,0
3f8e2162,1779202128,35.09,38.01,70.57,1
0e4b71b4,1779202188,84.66,39.94,83.26,0
33431dc4,1779202248,21.81,28.2,100.0,1
53cf3758,1779202308,27.51,27.0,48.55,1
55013c2e,1779202368,46.89,-9.97,58.42,1
8ce54d83,1779202428,9.75,35.14,85.3,1
4d5b06b0,1779202488,43.45,14.43,13.28,1
905cf02b,1779202548,17.67,47.83,87.07,1
a6c87063,1779202608,47.55,22.19,76.2,1
292c85f0,1779202668,71.65,43.44,81.37,0
55243927,1779202728,75.44,31.86,50.74,0
9b5fbce1,1779202788,22.69,37.14,84.01,1
822a2a0e,1779202848,45.79,27.53,64.79,1
9a23b2af,1779202908,11.16,12.91,57.58,1
603c9cfb,1779202968,34.9,26.22,64.38,1
79a62ca8,1779203028,28.73,-9.26,70.01,1
1048f2a3,1779203088,58.67,-8.7,53.26,1
21d08dbe,1779203148,68.98,25.17,44.25,1
cd93d601,1779203208,67.62,-6.96,76.19,1
a331b601,1779203268,43.96,23.2,66.95,1
b3fcde05,1779203328,23.88,48.57,69.1,1
c5b85a8e,1779203388,32.53,46.24,59.63,1
fb4e1a93,1779203448,91.91,21.51,74.52,0
1405625f,1779203508,44.33,-5.4,25.4,1
d2e09650,1779203568,29.88,6.36,91.17,1
07fe943e,1779203628,41.04,23.85,82.8,1
c56db63f,1779203688,64.7,-9.27,33.79,1
04b50d5c,1779203748,100.0,45.09,56.5,0
d48801f9,1779203808,83.63,25.86,47.96,0
0e09037e,1779203868,45.82,9.15,74.04,1
8de7168a,1779203928,46.25,-9.76,82.25,1
be9d1952,1779203988,19.06,27.46,52.23,1
f05fcb41,1779204048,46.49,-7.57,100.0,1
f2499715,1779204108,74.28,33.22,68.87,0
f3d83756,1779204168,38.6,43.33,70.05,1
6acb4e54,1779204228,20.12,5.1,73.84,1
6919d0d9,1779204288,73.64,-1.02,58.41,0
7d7eb599,1779204348,36.36,38.52,77.05,1
b2d83b71,1779204408,46.61,11.9,75.72,1
83794dba,1779204468,53.43,31.07,88.11,1
d7e988c0,1779204528,23.93,40.69,67.38,1
7b5ad648,1779204588,71.08,7.08,42.01,0
f5e8751d,1779204648,21.1,34.87,37.82,1
0c903cd1,1779204708,75.02,8.44,62.97,0
e8ef7dbf,1779204768,76.83,-0.91,76.29,0
01473576,1779204828,39.23,11.34,10.13,1
b9ea666f,1779204888,79.45,2.95,37.52,0
1715299d,1779204948,58.43,23.91,63.24,1
6082ce04,1779205008,33.51,41.87,63.41,1
27975b10,1779205068,70.05,48.75,30.09,0
5174d23b,1779205128,88.96,16.72,73.25,0
58e8c51c,1779205188,51.28,25.83,35.43,1
6e3331cc,1779205248,0.0,18.07,49.14,1
be45430d,1779205308,35.02,11.53,23.47,1
b47f411b,1779205368,11.98,49.32,67.68,1
c1778d1b,1779205428,14.94,18.62,60.08,1
9a502425,1779205488,62.84,0.17,98.44,1
b2512a28,1779205548,38.31,7.63,82.65,1
bc24ce6c,1779205608,61.33,43.9,81.46,0
4148657d,1779205668,84.17,40.19,74.74,0
e0ff79c5,1779205728,33.54,20.51,63.48,1
59c0ff7c,1779205788,55.02,22.79,52.89,1
3aa8a372,1779205848,17.26,26.84,69.63,1
923b8521,1779205908,74.04,38.9,79.27,0
caa6c81a,1779205968,82.46,19.92,38.25,0
b3954ac1,1779206028,55.73,14.45,33.09,1
0f1abe5a,1779206088,80.52,14.46,51.33,0
fe7343cb,1779206148,24.41,46.32,88.43,1
925a3641,1779206208,73.58,35.95,68.92,0
8d0bf4f4,1779206268,39.72,1.17,13.31,1
94d8ce86,1779206328,74.17,43.64,45.54,0
0765372b,1779206388,43.19,-4.81,95.11,1
53865a53,1779206448,46.09,17.83,48.97,1
4a7ae79e,1779206508,52.99,-2.17,83.78,1
c49107e5,1779206568,66.23,21.65,78.41,1
fd832b00,1779206628,28.12,29.35,60.62,1
a04d36e9,1779206688,61.32,7.06,54.68,1
1d49a5f0,1779206748,61.84,25.78,100.0,1
969261e4,1779206808,7.9,-7.09,45.82,1
11e08f38,1779206868,71.47,30.24,77.05,0
318ac43b,1779206928,18.19,-8.66,74.26,1
90d5a432,1779206988,49.0,8.41,87.75,1
ec76085a,1779207048,77.8,45.12,48.97,0
6276504b,1779207108,51.5,3.16,77.93,1
b0442793,1779207168,34.88,6.03,72.59,1
0069c3fe,1779207228,52.22,9.31,28.38,1
773126ea,1779207288,45.98,42.43,36.23,1
f569ec0d,1779207348,75.15,1.75,63.75,0
02b31a80,1779207408,56.83,17.8,35.91,1
b3614933,1779207468,77.76,35.08,72.07,0
7bf1eed5,1779207528,46.51,2.38,72.14,1
f290aefe,1779207588,25.62,7.33,62.55,1
6894054a,1779207648,38.46,-3.33,33.92,1
2898bcab,1779207708,51.79,26.61,55.73,1
89c06ac8,1779207768,74.45,-3.14,85.41,0
43a4db0f,1779207828,32.48,40.58,52.1,1
e3f89bf4,1779207888,30.54,10.48,72.88,1
8a6bc78e,1779207948,52.19,38.07,68.69,0
f923faa9,1779208008,29.03,37.04,46.38,1
a4a88075,1779208068,78.25,23.16,83.21,0
f9bbee59,1779208128,90.88,6.2,68.82,0
6189178d,1779208188,71.99,8.53,53.03,0
c6cafb4e,1779208248,95.67,50.0,68.35,0
8b3ecf5f,1779208308,2.37,40.56,25.71,1
91da8a32,1779208368,65.57,17.79,76.47,1
84e0a134,1779208428,74.68,42.57,28.03,0
67a440fa,1779208488,20.09,48.66,11.4,1
13b093e9,1779208548,27.93,-8.44,93.89,1
2b0dc33e,1779208608,27.9,40.07,62.86,1
1b48ed2f,1779208668,43.67,15.75,92.37,1
6f0c9eb4,1779208728,42.38,4.94,71.44,1
269c9743,1779208788,37.95,-1.4,70.14,1
f0a6cba7,1779208848,31.79,33.75,75.36,1
208e7c08,1779208908,34.71,48.99,31.01,1
f0e559cf,1779208968,33.58,8.07,32.89,1
fcbe6201,1779209028,49.36,12.72,40.12,1
c3ffcff2,1779209088,73.11,22.65,71.34,0
f39c6048,1779209148,52.31,-6.68,52.72,1
acc8267f,1779209208,88.5,1.87,79.37,0
2203be5a,1779209268,35.42,25.2,78.74,1
f1f7f09f,1779209328,43.69,39.2,71.67,1
1d8bc7f1,1779209388,69.59,37.34,75.57,0
8cccc361,1779209448,57.37,0.63,56.09,1
2ffe1654,1779209508,58.23,-5.01,99.36,1
eb95fd77,1779209568,54.33,41.14,23.49,0
e26d9258,1779209628,71.65,19.76,89.49,0
59fb8028,1779209688,32.93,14.54,52.78,1
480ec01f,1779209748,2.03,-7.34,28.17,1
1461a610,1779209808,80.71,-5.31,100.0,0
dce9224d,1779209868,32.7,34.29,85.8,1
2c7d870d,1779209928,32.6,36.05,56.81,1
93087a28,1779209988,49.25,33.38,46.96,1
0d25c45f,1779210048,16.81,35.55,49.98,1
346be5ea,1779210108,52.98,11.79,12.83,1
d64aedb0,1779210168,71.52,10.38,43.34,0
5d0f4541,1779210228,2.15,32.76,31.44,1
e53d1a55,1779210288,56.03,18.29,72.08,1
1856cfb7,1779210348,65.44,-6.36,84.46,1
299dbc8d,1779210408,82.1,8.78,56.6,0
ac5d56cc,1779210468,69.32,40.21,55.63,0
f97c5a10,1779210528,19.47,-2.98,77.29,1
00243d9e,1779210588,61.17,-6.16,24.23,1
ae450f3f,1779210648,44.01,27.92,54.54,1
2bd0b127,1779210708,73.54,5.03,100.0,0
10240c0c,1779210768,30.58,3.59,55.03,1
3e1d3e1b,1779210828,66.52,28.56,64.68,1
16df94e5,1779210888,57.36,5.17,47.06,1
3f721eb7,1779210948,90.45,16.19,36.05,0
681d09fe,1779211008,30.2,10.49,36.13,1
65c4b192,1779211068,14.95,38.66,56.13,1
a701e020,1779211128,39.39,11.96,49.95,1
f296897a,1779211188,49.58,6.58,38.83,1
b2a94976,1779211248,11.57,16.1,100.0,1
9cb1384a,1779211308,39.54,-6.79,54.26,1
e722ca93,1779211368,88.16,12.37,75.35,0
6cd7bf93,1779211428,79.22,46.12,79.72,0
d548be08,1779211488,58.78,-4.98,87.52,1
324d6db0,1779211548,26.5,23.64,38.93,1
77335363,1779211608,44.08,33.85,57.32,1
6e414a2b,1779211668,39.15,-2.34,23.4,1
a8fec056,1779211728,57.33,44.1,87.07,0
dd9efcfc,1779211788,67.64,43.51,59.86,0
d0882d94,1779211848,67.51,9.39,62.47,1
1e401a88,1779211908,38.91,25.35,57.38,1
5095b186,1779211968,72.98,-1.01,74.92,0
f89e3a68,1779212028,18.0,29.73,55.58,1
e0457441,1779212088,31.04,41.05,40.41,1
16e964c0,1779212148,39.39,19.68,59.26,1
cee77c87,1779212208,11.86,23.82,71.04,1
92262803,1779212268,17.87,-7.89,36.66,1
9f61f2f3,1779212328,62.14,17.56,100.0,1
1f3cdcb5,1779212388,0.28,0.83,60.61,1
83b2f93d,1779212448,30.7,31.26,73.07,1
00893c1f,1779212508,54.28,46.03,16.39,0
5206bae3,1779212568,50.01,41.27,48.85,0
0b4b86b6,1779212628,10.13,13.86,72.58,1
7e7d8583,1779212688,67.58,-7.54,66.49,1
bffae96d,1779212748,44.74,3.97,49.7,1
294fe38d,1779212808,28.52,1.75,45.51,1
0f53ed85,1779212868,41.09,4.78,51.42,1
170a7d94,1779212928,44.28,40.18,63.35,1
946ded02,1779212988,11.66,24.55,48.13,1
9c2fabe2,1779213048,63.09,43.4,72.11,0
a3080d2e,1779213108,43.46,42.76,59.18,1
5ff8179c,1779213168,50.2,9.76,59.85,1
f63dc0c1,1779213228,40.13,9.61,57.74,1
602ffad9,1779213288,39.57,12.26,58.33,1
2b3d53c9,1779213348,36.6,42.66,45.84,1
047c8b5a,1779213408,8.2,25.36,50.55,1
835fb866,1779213468,39.27,22.77,47.23,1
58aeba38,1779213528,68.98,19.49,37.76,1
8a89b5ed,1779213588,41.65,9.17,44.48,1
dbefcb4e,1779213648,58.7,35.59,52.17,0
9ac56a63,1779213708,100.0,-6.43,35.87,0
fa2641b8,1779213768,85.5,24.43,65.41,0
8cbb778e,1779213828,71.55,11.69,35.85,0
fbf9a02e,1779213888,29.43,12.87,100.0,1
9a7a8106,1779213948,65.27,-9.69,66.96,1
03fd5b35,1779214008,50.5,32.04,75.07,0
06ecd308,1779214068,47.33,40.1,83.1,1
a71dfac1,1779214128,40.83,29.45,53.06,1
2838cfc2,1779214188,59.69,9.88,100.0,1
b3fa2f3f,1779214248,55.46,26.51,93.38,1
bc06c66e,1779214308,60.61,24.3,58.06,1
59087ad8,1779214368,91.9,34.7,71.22,0
f1c825fe,1779214428,46.27,-6.33,29.62,1
39a67c8e,1779214488,0.0,-7.32,68.58,1
967bee38,1779214548,23.49,49.4,27.79,1
d82bb09a,1779214608,55.49,49.24,31.33,0
58385b8c,1779214668,49.71,31.78,70.22,1
7e827b29,1779214728,46.35,38.54,40.69,1
654b299e,1779214788,97.48,34.75,61.0,0
c16fb733,1779214848,63.66,17.59,52.83,1
865d00b8,1779214908,60.33,15.07,53.44,1
13db33f3,1779214968,57.73,12.91,92.25,1
083a023a,1779215028,58.75,13.43,85.67,1
6059643d,1779215088,83.98,45.33,32.68,0
030fa115,1779215148,55.53,35.87,36.98,0
511c1620,1779215208,54.02,27.48,92.3,1
118381b9,1779215268,65.81,35.71,69.55,0
f28fde37,1779215328,40.0,11.76,58.9,1
dbb38d5d,1779215388,46.63,31.31,58.68,1
fe6c0f96,1779215448,62.56,47.88,27.55,0
0d249795,1779215508,36.15,-5.42,44.73,1
2dcb837b,1779215568,10.37,4.61,67.13,1
9d575db3,1779215628,56.37,42.26,83.87,0
30c300ad,1779215688,61.97,6.88,63.12,1
a445144f,1779215748,91.32,13.58,76.57,0
c4a8278e,1779215808,0.0,18.32,57.2,1
b8a99fc5,1779215868,59.91,-7.31,79.23,1
cafb7e24,1779215928,41.17,36.71,60.62,1
4980201a,1779215988,41.73,37.92,19.43,1
5aaf3bab,1779216048,15.34,10.27,49.52,1
5d7e6480,1779216108,17.98,4.04,39.92,1
badc309b,1779216168,62.77,4.17,78.78,1
84ee7fb7,1779216228,53.22,21.69,12.73,1
867a5ee2,1779216288,43.32,44.51,77.38,1
0886e1ee,1779216348,90.12,45.82,52.36,0
a05c9790,1779216408,47.16,15.89,31.05,1
b25f25cf,1779216468,62.55,-3.26,63.18,1
8d8ef402,1779216528,16.0,43.65,55.74,1
d5044887,1779216588,49.38,-3.76,70.75,1
979ac994,1779216648,67.19,11.28,79.91,1
db11be89,1779216708,99.54,7.85,94.88,0
bf341ea5,1779216768,13.57,8.13,100.0,1
b3706298,1779216828,48.63,1.87,58.08,1
3c32e544,1779216888,100.0,26.51,78.81,0
8f61c861,1779216948,17.22,40.05,22.77,1
d6fd3773,1779217008,57.67,16.38,59.7,1
f543367c,1779217068,39.01,29.2,62.93,1
0169f60c,1779217128,14.17,23.83,100.0,1
7a97d1c2,1779217188,53.91,44.57,56.99,0
69710358,1779217248,6.48,-1.55,52.02,1
54286fc5,1779217308,21.33,44.57,82.44,1
4a21cba5,1779217368,79.0,23.56,87.24,0
ece2f5b7,1779217428,95.42,-6.63,66.46,0
0f0e1c57,1779217488,82.45,36.71,72.92,0
bbecd77e,1779217548,31.77,48.52,74.4,1
bbe00f28,1779217608,46.15,31.36,66.38,1
d3db8037,1779217668,54.75,-3.91,58.69,1
8a24133b,1779217728,0.0,9.56,58.26,1
913b556e,1779217788,27.61,33.0,67.06,1
6b09d60f,1779217848,40.78,9.49,78.92,1
da3497c7,1779217908,34.58,46.72,60.46,1
adc19951,1779217968,25.59,32.87,79.51,1
cc8c8731,1779218028,25.97,45.93,62.71,1
286288a2,1779218088,92.07,20.06,53.16,0
742be5d0,1779218148,10.3,2.02,76.8,1
c3f292d8,1779218208,0.0,13.41,92.14,1
3097bc51,1779218268,80.23,-7.24,81.9,0
e6d16ac5,1779218328,25.99,-4.19,24.9,1
2e61ba7c,1779218388,38.15,37.21,94.2,1
e19d33b4,1779218448,54.26,1.23,74.54,1
99d399ac,1779218508,93.93,10.25,75.49,0
11a32320,1779218568,85.79,45.67,45.54,0
b16086a1,1779218628,80.81,0.3,70.97,0
43649a1a,1779218688,54.08,0.59,30.64,1
10aff48f,1779218748,14.89,37.49,78.2,1
018c4fa0,1779218808,45.97,0.85,87.45,1
49fccd8f,1779218868,40.27,-8.96,62.06,1
cd6de495,1779218928,24.63,38.78,48.01,1
229de45c,1779218988,38.1,9.54,73.6,1
ab1b3d1e,1779219048,57.04,20.16,56.36,1
6c52896b,1779219108,25.78,27.86,95.79,1
7f8b915f,1779219168,10.67,28.07,37.6,1
835613b6,1779219228,9.19,-1.04,74.4,1
f1346b22,1779219288,20.78,27.72,23.77,1
5d78b213,1779219348,31.83,20.14,47.83,1
d8d34c18,1779219408,91.0,4.54,49.93,0
8aadd3eb,1779219468,73.53,44.64,64.63,0
7df12a26,1779219528,45.24,1.85,65.83,1
9aa8abac,1779219588,83.08,45.66,74.7,0
01c441da,1779219648,55.79,10.68,61.45,1
16e6fc72,1779219708,64.86,13.01,18.51,1
889863ed,1779219768,70.69,10.7,76.87,0
b60f5543,1779219828,0.0,-9.04,67.06,1
f5b25c7c,1779219888,24.33,-5.2,63.41,1
f5d2c692,1779219948,50.48,48.98,71.65,0
d9537128,1779220008,53.02,10.96,47.22,1
019ff488,1779220068,39.74,5.63,80.31,1
1617e0d0,1779220128,41.29,-8.99,79.88,1
b9568332,1779220188,90.16,5.26,37.19,0
cde4e226,1779220248,33.7,25.29,58.0,1
8a059122,1779220308,37.45,15.21,89.69,1
2d5269c0,1779220368,48.39,21.76,35.75,1
d17206fa,1779220428,66.1,20.97,100.0,1
8f1441e2,1779220488,43.04,-7.55,67.06,1
175d42cb,1779220548,20.68,-8.94,86.1,1
35fab253,1779220608,29.2,27.01,38.3,1
f38ac0c4,1779220668,41.99,18.95,35.88,1
93a92965,1779220728,61.12,-7.27,59.23,1
75e2bfc8,1779220788,52.64,37.74,71.61,0
a275d04b,1779220848,13.03,42.76,15.41,1
34213c8d,1779220908,43.68,1.95,67.65,1
3df86643,1779220968,73.58,9.34,59.82,0
f6d275cb,1779221028,82.87,36.72,79.2,0
17f7fb40,1779221088,0.0,48.02,86.45,1
0e1d6540,1779221148,86.97,10.7,74.41,0
64c55465,1779221208,20.35,4.71,76.64,1
ff03a5ae,1779221268,54.54,31.0,96.49,1
cdc621bc,1779221328,66.35,16.64,29.46,1
28ff802a,1779221388,10.08,32.93,74.81,1
5416233a,1779221448,34.53,8.04,75.78,1
025f5b8e,1779221508,81.81,32.25,80.97,0
dc616bfd,1779221568,26.55,13.69,91.97,1
f404fd63,1779221628,33.22,31.55,50.41,1
fa2c5b3f,1779221688,56.6,44.4,64.82,0
ebe23057,1779221748,77.88,-0.52,54.12,0
2fe4c33a,1779221808,78.66,4.75,75.81,0
d5b68dc6,1779221868,42.95,40.27,62.15,1
a0aafe04,1779221928,63.12,3.47,42.43,1
014fd5ff,1779221988,49.18,0.16,44.71,1
ada63df1,1779222048,27.39,10.55,75.81,1
5ad63fbf,1779222108,7.41,12.68,70.69,1
dd5b7a42,1779222168,38.43,-5.07,69.1,1
1f9d477f,1779222228,30.04,22.56,23.75,1
b040d05d,1779222288,80.92,-7.64,49.11,0
0f26a3f2,1779222348,0.65,28.85,37.12,1
e67118ed,1779222408,50.29,49.21,70.55,0
97f3a6ed,1779222468,41.08,8.98,37.24,1
241610c5,1779222528,46.3,10.29,42.27,1
950a6580,1779222588,40.69,43.19,46.22,1
2fbd978c,1779222648,76.96,26.72,40.04,0
833b6037,1779222708,12.3,12.14,51.59,1
87719797,1779222768,6.45,2.89,81.5,1
116bb9e7,1779222828,100.0,19.42,40.51,0
9ccdc19e,1779222888,53.34,18.85,81.24,1
82e86269,1779222948,54.87,-3.31,67.52,1
523fc1d2,1779223008,62.75,40.15,48.55,0
ea79cc83,1779223068,100.0,27.92,95.72,0
6d99911c,1779223128,96.57,-3.49,47.41,0
7a461901,1779223188,13.71,-0.34,80.73,1
136feb31,1779223248,93.45,28.02,40.5,0
528df243,1779223308,86.75,38.82,29.54,0
ebc87a25,1779223368,48.86,35.51,51.23,1
905579d5,1779223428,100.0,21.0,72.5,0
e4f902bc,1779223488,27.55,-0.41,59.61,1
11c75c3f,1779223548,23.3,47.82,52.75,1
0933ca37,1779223608,46.17,28.38,68.35,1
1de06f27,1779223668,83.52,27.65,62.87,0
b15a2085,1779223728,51.65,44.18,93.56,0
1678632d,1779223788,51.31,26.48,77.88,1
7b80c8d4,1779223848,25.18,43.75,49.02,1
586937f5,1779223908,38.38,48.91,65.76,1
c2f85b31,1779223968,67.46,-7.11,69.2,1
71281de1,1779224028,98.02,22.58,60.96,0
32a84b64,1779224088,75.5,12.46,70.69,0
e64961c7,1779224148,43.93,6.25,65.02,1
a7d85e30,1779224208,46.87,12.79,51.56,1
5ddcbabf,1779224268,63.84,16.2,82.07,1
e70c1da8,1779224328,38.72,0.82,63.07,1
0ba6c5f6,1779224388,86.59,36.45,86.29,0
81ffdeec,1779224448,88.96,31.04,46.42,0
0f438765,1779224508,100.0,49.92,82.01,0
77d25b13,1779224568,52.77,10.77,31.47,1
e4b52937,1779224628,10.83,-7.14,63.03,1
6ada16dc,1779224688,3.71,0.92,76.37,1
c016ba66,1779224748,41.57,47.03,57.37,1
a4eead53,1779224808,81.77,15.39,66.55,0
47f13f0a,1779224868,49.04,24.44,78.49,1
a8e22db7,1779224928,93.61,24.0,58.77,0
2c0e40ac,1779224988,32.65,26.37,51.06,1
ed9df200,1779225048,26.94,13.74,59.51,1
aaa5933b,1779225108,82.52,-5.43,61.18,0
b052afe3,1779225168,76.33,28.91,50.11,0
4fbbb64a,1779225228,69.7,19.6,50.41,1
1c71840b,1779225288,60.95,46.83,59.97,0
9fc6ed33,1779225348,26.36,9.54,52.56,1
891db14e,1779225408,65.25,42.28,57.11,0
d2bcba82,1779225468,100.0,-9.64,69.83,0
84cac439,1779225528,35.01,42.14,68.61,1
c0f23bb7,1779225588,19.06,-0.54,73.11,1
f552e885,1779225648,69.8,33.1,65.04,0
864c73e7,1779225708,75.61,8.65,24.49,0
10898101,1779225768,18.37,27.09,97.72,1
2ad64464,1779225828,46.35,13.71,59.02,1
05aea3c2,1779225888,54.63,-4.96,72.64,1
d38a75d5,1779225948,41.56,4.63,71.24,1
1898329e,1779226008,66.24,22.68,25.85,1
5b452ebf,1779226068,95.56,8.99,58.56,0
a24874b6,1779226128,35.35,36.96,70.18,1
df3bfa83,1779226188,81.41,18.89,82.47,0
01a48448,1779226248,35.27,41.09,64.68,1
e708585d,1779226308,89.48,-5.42,70.13,0
ea3d4983,1779226368,39.2,34.48,100.0,1
da223bd0,1779226428,47.97,44.97,18.69,1
665ccf9f,1779226488,28.37,7.86,44.63,1
2bcadc7f,1779226548,3.72,12.45,48.31,1
71aa1f7b,1779226608,83.65,34.13,72.37,0
228afe9c,1779226668,100.0,-6.84,80.77,0
3af4065f,1779226728,68.68,41.55,33.58,0
cd475c2e,1779226788,50.02,22.73,77.04,1
66dc8a80,1779226848,53.55,21.01,85.14,1
e5e982ee,1779226908,51.77,44.54,61.98,0
d1a183ab,1779226968,53.25,40.55,29.92,0
9cd8b60c,1779227028,54.73,0.98,55.01,1
87c15d08,1779227088,61.1,1.59,84.42,1
18473ca8,1779227148,99.48,28.03,54.2,0
6a455832,1779227208,72.46,21.16,56.73,0
e5c2ddd1,1779227268,31.78,45.33,60.2,1
413047e6,1779227328,52.88,38.21,33.77,0
8e13fecb,1779227388,53.58,4.44,30.23,1
10d81c88,1779227448,59.51,41.36,90.7,0
8c93bb56,1779227508,57.28,33.52,75.45,0
c232eca9,1779227568,0.0,28.89,78.42,1
524c511a,1779227628,45.73,8.86,76.73,1
36abfb48,1779227688,20.83,-5.59,19.7,1
f543db2d,1779227748,0.0,25.31,37.72,1
a2eb010b,1779227808,82.34,42.69,28.62,0
ee6a93b8,1779227868,52.5,-7.44,70.9,1
66ba5100,1779227928,27.3,-1.39,51.56,1
371ab113,1779227988,52.33,32.0,78.35,1
f3525c18,1779228048,61.99,42.96,70.79,0
78e62c87,1779228108,48.43,47.02,69.66,1
c457d197,1779228168,41.98,30.91,63.34,1
221d42cb,1779228228,65.24,12.38,65.61,1
dfe315db,1779228288,45.14,9.92,60.68,1
b281a09b,1779228348,50.91,39.05,45.5,0
979ae4c9,1779228408,53.38,2.24,31.06,1
1af8db6b,1779228468,50.76,-5.25,39.0,1
4548793a,1779228528,39.27,-3.6,61.6,1
caa2627e,1779228588,100.0,-8.26,84.04,0
ee808207,1779228648,79.61,33.34,65.13,0
e2f880d7,1779228708,56.36,30.34,39.7,1
08c3201d,1779228768,63.69,28.01,74.51,1
c2d3bcec,1779228828,75.31,29.75,71.81,0
d1c7753f,1779228888,22.96,43.82,29.95,1
170ef531,1779228948,50.74,49.63,61.31,0
7867dbd4,1779229008,36.4,16.76,76.52,1
a29e6e91,1779229068,22.09,15.88,41.87,1
6ec9ee1d,1779229128,87.37,38.79,32.82,0
4b62ebb0,1779229188,25.73,30.01,46.24,1
0961cc26,1779229248,67.06,-9.04,65.8,1
617fb1b4,1779229308,51.75,27.28,83.5,1
637871ee,1779229368,46.47,3.64,42.87,1
021bb2fe,1779229428,50.7,38.75,26.3,0
c2c4ccbd,1779229488,64.13,22.37,90.28,1
007d281c,1779229548,60.42,23.61,58.72,1
4bd4615f,1779229608,29.29,26.68,44.9,1
dbff82d0,1779229668,44.0,39.8,60.22,1
4f53d88e,1779229728,75.08,-5.87,85.31,0
4f67224c,1779229788,64.34,41.76,56.36,0
93d50c43,1779229848,30.48,16.95,50.23,1
842dd43e,1779229908,84.33,47.99,38.27,0
a2ca048b,1779229968,35.99,43.86,56.49,1
f01cf01a,1779230028,61.38,1.98,63.39,1
d9ab8bcd,1779230088,49.63,17.04,48.37,1
1945169a,1779230148,57.41,39.36,57.82,0
09772958,1779230208,25.69,34.06,69.32,1
dfe63b62,1779230268,36.54,45.49,92.63,1
ffe389ed,1779230328,36.95,-6.21,45.06,1
ebef73d4,1779230388,62.75,8.9,84.74,1
d9a7cd3d,1779230448,45.63,4.83,35.07,1
5f19d327,1779230508,64.19,20.91,52.72,1
3cc9f1f8,1779230568,41.3,1.19,14.95,1
dee558ea,1779230628,58.96,-5.01,57.64,1
811d0983,1779230688,55.44,48.69,61.32,0
717610d2,1779230748,18.88,2.13,57.88,1
e22cd10e,1779230808,84.5,34.4,71.19,0
1b437d52,1779230868,75.13,31.12,69.94,0
671be138,1779230928,10.52,34.63,64.08,1
88ad9601,1779230988,3.42,38.12,55.18,1
d6d8387d,1779231048,59.32,-0.07,63.35,1
8d3d0359,1779231108,18.74,44.21,74.59,1
e4baede2,1779231168,57.06,37.47,45.51,0
8d1f6fbb,1779231228,60.39,41.04,57.34,0
2b422ca6,1779231288,23.71,43.4,40.44,1
913dfc14,1779231348,100.0,-4.43,29.8,0
9c917201,1779231408,12.37,22.16,39.84,1
dcdc5c0c,1779231468,81.73,-1.79,80.11,0
6ed55916,1779231528,64.18,43.34,79.89,0
319e340f,1779231588,73.8,41.95,57.55,0
a5b79167,1779231648,0.0,45.97,38.87,1
089dc197,1779231708,59.2,37.82,63.7,0
7a525da6,1779231768,27.21,7.49,65.19,1
95d5d31b,1779231828,56.84,34.04,49.27,0
b6752a5c,1779231888,25.07,18.13,38.85,1
8f62d807,1779231948,71.19,38.16,51.24,0
44cce5e5,1779232008,18.34,20.98,83.35,1
09c19e28,1779232068,0.91,40.89,46.55,1
65c0df7a,1779232128,81.82,-3.69,58.74,0
c061f6d4,1779232188,57.28,21.39,100.0,1
39cee3b1,1779232248,67.53,-4.91,41.74,1
07124fa2,1779232308,93.79,44.85,96.3,0
d953a9b4,1779232368,21.89,24.37,61.62,1
4ecf62da,1779232428,50.36,-4.93,49.9,1
8ac07a2c,1779232488,68.76,33.19,58.94,0
a8058f86,1779232548,67.61,-8.02,66.2,1
ddcc9e29,1779232608,56.52,22.77,86.35,1
dbe4fa37,1779232668,39.89,23.26,79.4,1
26401b34,1779232728,11.16,24.21,80.1,1
b5ed25f3,1779232788,36.05,12.44,51.76,1
ae12d8eb,1779232848,58.74,17.46,64.02,1
10d0ee46,1779232908,30.61,44.27,65.58,1
39aefdef,1779232968,86.0,37.67,67.05,0
460e58a0,1779233028,55.02,47.63,26.48,0
030c1bdf,1779233088,56.66,47.74,48.06,0
a438f780,1779233148,69.16,46.02,51.54,0
d65815c4,1779233208,29.36,10.04,75.19,1
f147682f,1779233268,59.56,11.15,80.16,1
5e050ff7,1779233328,53.03,33.59,55.95,0
5f2d385e,1779233388,55.79,39.72,68.28,0
a8340d83,1779233448,67.95,15.62,87.02,1
7d062a84,1779233508,56.85,13.9,74.6,1
f88729ac,1779233568,44.06,22.62,50.54,1
2c69c757,1779233628,27.47,21.64,45.49,1
f6907828,1779233688,61.33,19.06,50.04,1
6d729498,1779233748,21.98,9.47,64.69,1
a887b9bf,1779233808,81.95,36.21,52.54,0
5db66899,1779233868,63.8,4.61,33.67,1
a0c9c688,1779233928,94.53,38.09,71.33,0
65671f72,1779233988,74.13,47.51,81.35,0
5eb49f51,1779234048,92.74,40.96,84.2,0
59def11d,1779234108,79.97,4.05,77.49,0
48b2ce8f,1779234168,24.86,20.35,52.66,1
631dbd7b,1779234228,52.08,26.67,59.85,1
36089028,1779234288,33.9,39.89,82.22,1
3aaeac6e,1779234348,88.24,7.67,77.87,0
e75d5046,1779234408,100.0,25.35,75.28,0
50497578,1779234468,50.28,48.31,60.63,0
3781d2dd,1779234528,36.88,15.65,75.22,1
6e6056f4,1779234588,35.95,8.75,93.19,1
10df2386,1779234648,66.05,48.52,70.11,0
ae308ee5,1779234708,35.54,8.32,100.0,1
4c90b3fd,1779234768,32.97,14.55,46.82,1
46632a39,1779234828,36.56,33.03,49.55,1
4c0598d9,1779234888,34.88,-1.08,18.26,1
36fb1869,1779234948,28.07,21.98,55.8,1
66c5de85,1779235008,52.61,24.0,57.11,1
30432fe0,1779235068,35.29,12.89,92.36,1
9ebda612,1779235128,51.38,20.87,41.4,1
db5515c2,1779235188,92.15,39.95,55.53,0
91b63024,1779235248,34.82,27.32,68.55,1
121b3fbc,1779235308,55.86,12.91,49.88,1
6d877a9e,1779235368,10.74,-8.16,84.65,1
2688e80f,1779235428,70.1,25.78,61.42,0
bbd68d20,1779235488,84.17,21.53,66.26,0
22324a62,1779235548,54.22,26.7,43.32,1
27ca5231,1779235608,72.72,36.25,75.91,0
3221383a,1779235668,21.84,14.25,72.96,1
6366cba3,1779235728,51.73,8.75,43.65,1
2f642b89,1779235788,50.82,26.37,29.05,1
64727e5c,1779235848,59.05,15.6,35.55,1
242df93a,1779235908,68.78,36.94,22.19,0
4f4f7f88,1779235968,64.96,35.62,74.77,0
62f12249,1779236028,85.38,13.21,47.52,0
deacf533,1779236088,61.06,9.15,24.22,1
8295d1d4,1779236148,43.17,41.38,5.4,1
712f586f,1779236208,0.0,4.86,67.51,1
268ec4f9,1779236268,61.02,34.77,8.82,0
edc18dc9,1779236328,42.66,12.78,52.01,1
7e6347cb,1779236388,18.75,37.61,27.76,1
98bfd236,1779236448,50.55,27.43,19.11,1
05f4050d,1779236508,69.21,22.83,41.18,1
7d865fe3,1779236568,83.57,4.61,55.39,0
b87e3d27,1779236628,53.96,26.55,79.89,1
ff88920c,1779236688,54.24,26.09,64.01,1
20fcbfa8,1779236748,39.76,22.84,91.11,1
3043ed75,1779236808,61.53,-9.93,49.69,1
bde4a9ae,1779236868,65.73,25.73,27.42,1
93f3a607,1779236928,50.82,20.56,90.71,1
b7ee56fb,1779236988,49.73,26.51,95.71,1
b1ddb7c0,1779237048,44.64,13.11,77.32,1
f45337ba,1779237108,50.11,38.25,50.09,0
ee0ff8f1,1779237168,7.62,37.17,67.35,1
0cfaa814,1779237228,73.12,26.62,41.72,0
366715b0,1779237288,72.69,37.54,81.8,0
13d871bd,1779237348,40.7,29.55,27.5,1
a11fe66c,1779237408,94.99,28.04,49.01,0
9bb026e0,1779237468,56.4,33.24,52.98,0
568dbd36,1779237528,25.96,6.08,68.69,1
33fa55cf,1779237588,11.97,3.67,45.23,1
e157a79f,1779237648,63.04,23.93,83.04,1
72fabd42,1779237708,50.62,1.47,59.67,1
f18b38a1,1779237768,20.58,2.23,72.58,1
a654434b,1779237828,21.36,38.91,78.0,1
900280fa,1779237888,42.1,47.94,15.6,1
2af1dd23,1779237948,70.24,35.31,41.13,0
c2115e0c,1779238008,50.14,11.01,29.45,1
2d474329,1779238068,64.76,18.56,86.22,1
8c1235a1,1779238128,32.41,35.22,74.84,1
7db2308d,1779238188,38.91,48.91,87.35,1
b3f0be31,1779238248,87.78,-0.34,33.75,0
e7b81bcf,1779238308,68.85,30.31,74.46,1
7a2c3957,1779238368,47.69,-3.37,22.62,1
d4aed2eb,1779238428,9.55,10.95,56.41,1
29463977,1779238488,38.07,-5.41,48.07,1
b06d0770,1779238548,51.5,13.8,76.54,1
42dcbf6e,1779238608,100.0,45.31,72.12,0
2f537605,1779238668,35.99,48.55,42.39,1
5e6e704e,1779238728,44.93,-1.14,58.91,1
b62bcfc2,1779238788,59.45,49.75,56.05,0
8d58a418,1779238848,39.48,-5.1,61.8,1
e895623d,1779238908,0.0,26.37,50.09,1
12e2db19,1779238968,67.96,22.08,57.98,1
01f949a1,1779239028,65.88,-1.19,66.21,1
35663557,1779239088,41.0,-1.62,55.05,1
320803b2,1779239148,0.0,15.39,62.84,1
9b4ffd28,1779239208,26.93,9.11,61.88,1
d5e835d7,1779239268,66.63,13.47,60.82,1
bdde5299,1779239328,45.93,-1.26,47.32,1
21cfef49,1779239388,64.57,-5.95,33.35,1
6177bbc7,1779239448,100.0,15.31,45.13,0
c870c6ec,1779239508,81.34,9.54,48.04,0
8d3c338d,1779239568,0.0,10.55,49.38,1
163c33a9,1779239628,49.16,43.37,57.71,1
81f5e5c4,1779239688,29.48,25.47,68.82,1
a13e6505,1779239748,58.1,-1.08,72.71,1
1b33d39f,1779239808,39.95,17.24,74.9,1
532b6521,1779239868,79.6,45.9,61.77,0
f429272f,1779239928,52.78,18.8,25.29,1
29b0bf00,1779239988,38.03,46.06,100.0,1
bbeecb70,1779240048,29.92,45.24,41.56,1
267663a1,1779240108,54.59,30.9,45.81,1
445d6870,1779240168,98.59,0.37,61.11,0
2779bd52,1779240228,32.01,22.71,56.64,1
3b80a623,1779240288,61.05,34.36,63.4,0
4fcd4a2a,1779240348,68.64,18.71,61.42,1
d155d611,1779240408,100.0,14.6,86.13,0
c4eddfd6,1779240468,40.46,23.29,68.21,1
40617431,1779240528,62.47,43.04,65.49,0
b35cc624,1779240588,100.0,13.65,62.72,0
80b093ef,1779240648,72.54,45.84,58.59,0
ad24d40d,1779240708,57.51,36.75,15.27,0
848494fa,1779240768,53.6,17.34,60.36,1
ef22cddf,1779240828,72.89,19.65,73.39,0
52b14035,1779240888,53.68,14.7,82.74,1
5fed7530,1779240948,44.03,34.04,42.43,1
75d03327,1779241008,46.22,11.31,65.13,1
63b1a561,1779241068,61.71,47.61,43.0,0
e742cf3d,1779241128,82.01,23.21,90.83,0
e00b4867,1779241188,55.93,26.12,51.49,1
07f28995,1779241248,67.96,37.04,65.82,0
78dcbdc9,1779241308,50.67,-3.47,63.24,1
da753e5d,1779241368,86.48,-8.34,55.85,0
c182c123,1779241428,50.22,12.13,95.15,1
31efae8c,1779241488,57.54,9.26,49.75,1
1d233ced,1779241548,70.74,23.54,34.43,0
7fb3bb91,1779241608,84.56,6.27,33.11,0
281b6625,1779241668,34.05,-0.47,73.9,1
5eba418e,1779241728,67.65,0.96,79.19,1
c41e5746,1779241788,32.69,29.49,82.18,1
2f814fc2,1779241848,50.5,-8.88,38.64,1
237b2137,1779241908,32.49,18.51,56.43,1
30aa3fd8,1779241968,12.82,-7.28,18.11,1
accf233d,1779242028,82.33,12.13,46.05,0
c46e3706,1779242088,28.51,15.39,88.34,1
6b16f57d,1779242148,65.17,-3.47,61.72,1
277a4831,1779242208,52.31,46.95,52.01,0
2b62135d,1779242268,49.77,18.08,65.69,1
f7ed609c,1779242328,69.37,28.05,100.0,1
dead2925,1779242388,59.13,19.81,71.09,1
47408e72,1779242448,100.0,17.34,48.26,0
ede1b194,1779242508,41.47,0.44,59.4,1
0d4c2ac6,1779242568,83.05,6.72,59.06,0
8be02936,1779242628,0.0,-3.71,66.23,1
727e67ab,1779242688,55.2,10.85,52.03,1
f851b162,1779242748,59.87,40.11,29.6,0
eb8cb5de,1779242808,65.3,-6.32,42.02,1
ae095ed7,1779242868,49.52,16.89,77.34,1
aa2d5d0d,1779242928,28.34,20.37,66.98,1
6d6b82ee,1779242988,86.68,24.17,100.0,0
86f0fe7a,1779243048,34.25,24.21,66.96,1
8443130a,1779243108,95.45,-4.88,73.62,0
914b3edb,1779243168,14.27,20.42,76.49,1
3dd4b11e,1779243228,68.52,-2.87,79.69,1
ba934904,1779243288,60.44,-0.59,61.62,1
d5618b8d,1779243348,61.3,36.44,75.75,0
cdb2e965,1779243408,25.42,44.36,39.79,1
4c2fcc96,1779243468,36.06,26.04,56.42,1
bbcd16c5,1779243528,56.54,28.5,53.38,1
b9b9a122,1779243588,57.44,-3.27,67.83,1
4ec5c5bf,1779243648,82.88,15.04,48.61,0
717b361f,1779243708,65.85,22.18,68.15,1
91d7aecc,1779243768,26.57,10.57,33.41,1
fdac3916,1779243828,21.34,26.53,44.54,1
d61f6f9a,1779243888,42.55,1.2,72.37,1
624738bb,1779243948,62.46,45.85,73.96,0
e569de4f,1779244008,44.39,22.49,55.78,1
c344c2ab,1779244068,39.69,25.94,100.0,1
0cd8c0ad,1779244128,47.88,29.49,33.36,1
4c2e705a,1779244188,95.85,17.07,46.25,0
efe212c8,1779244248,18.92,14.65,38.93,1
0a736747,1779244308,39.56,-7.24,79.82,1
acc95ef0,1779244368,42.02,34.31,41.71,1
07c145d8,1779244428,65.47,14.93,25.85,1
9d814082,1779244488,41.43,33.49,44.55,1
0b4b3d26,1779244548,26.89,-0.2,65.45,1
9fe47bf9,1779244608,77.94,10.97,70.04,0
925ae455,1779244668,20.5,8.68,66.83,1
a60ed4a4,1779244728,80.62,32.5,52.33,0
72ae397f,1779244788,36.56,1.11,76.49,1
b1ed916b,1779244848,82.35,-5.32,44.49,0
c488c06b,1779244908,3.68,-8.94,95.18,1
bcf022da,1779244968,30.43,-3.29,40.79,1
37bf53ea,1779245028,17.06,6.66,73.46,1
92a3d883,1779245088,48.05,13.53,78.87,1
95167ead,1779245148,61.5,-8.5,65.03,1
ca6cd02c,1779245208,100.0,9.11,39.91,0
b3e07c19,1779245268,14.0,32.42,55.92,1
b56614f1,1779245328,25.26,42.75,41.67,1
319c888c,1779245388,67.28,-2.61,30.17,1
f7f74c55,1779245448,100.0,40.92,49.91,0
87adfd3f,1779245508,66.25,4.09,48.94,1
f8c38110,1779245568,32.04,-3.12,96.64,1
b6c3ac8d,1779245628,26.63,0.6,74.19,1
efeb0bc9,1779245688,84.32,4.04,34.62,0
d58c055e,1779245748,0.0,4.03,39.78,1
61a1396f,1779245808,47.51,37.29,47.44,1
6a2f1d68,1779245868,67.91,-9.43,68.55,1
eb268652,1779245928,48.04,49.42,64.61,1
4fa0a054,1779245988,45.23,11.24,26.82,1
c640b99f,1779246048,75.12,34.79,51.53,0
d702dbe8,1779246108,28.03,49.79,58.42,1
01c2adff,1779246168,95.48,14.4,69.35,0
6cc1a5f6,1779246228,66.95,-0.01,61.46,1
dfbb7458,1779246288,30.31,37.53,50.6,1
9196f832,1779246348,53.34,14.38,22.01,1
b3e02225,1779246408,63.59,4.25,92.04,1
9413fddc,1779246468,48.4,15.15,25.56,1
1a6044bb,1779246528,72.53,18.89,47.76,0
a280af57,1779246588,22.97,22.01,70.78,1
b50c6b71,1779246648,57.18,36.85,20.41,0
4e58de45,1779246708,33.3,31.66,84.65,1
516cf9f2,1779246768,54.01,-1.1,71.28,1
05b2c582,1779246828,32.88,42.33,66.23,1
499a09a7,1779246888,0.0,-6.58,66.94,1
c1c4b520,1779246948,69.96,-8.74,55.28,1
6a891dab,1779247008,69.1,13.69,59.1,1
f1afbe92,1779247068,95.9,17.78,26.43,0
05f502c6,1779247128,68.07,-3.62,63.77,1
3754a320,1779247188,36.17,38.52,35.35,1
b8d433a5,1779247248,64.42,-6.7,53.03,1
9f91c622,1779247308,52.33,29.53,73.51,1
4f2a0f6f,1779247368,81.14,-0.01,48.31,0
60e6cc8a,1779247428,46.87,41.22,49.2,1
452c69f5,1779247488,52.75,24.33,92.7,1
4719d337,1779247548,65.61,17.97,82.9,1
24d01bf2,1779247608,17.63,27.08,89.18,1
fe673d72,1779247668,2.74,8.4,86.97,1
d894cbd3,1779247728,87.3,15.69,22.46,0
6f252b11,1779247788,71.94,21.89,44.1,0
6b930d1e,1779247848,45.37,43.09,47.84,1
9ca44e38,1779247908,30.35,46.29,82.7,1
0d067fc4,1779247968,1.12,22.35,41.65,1
2f5a67c7,1779248028,61.85,14.07,68.22,1
369c525e,1779248088,21.75,-7.15,55.49,1
43daba0b,1779248148,35.89,34.03,63.66,1
254fef81,1779248208,15.02,22.37,63.63,1
b3a71f74,1779248268,43.73,37.97,34.03,1
bc1cba3f,1779248328,20.71,33.43,57.46,1
193d7663,1779248388,64.81,18.76,44.44,1
be09e4ad,1779248448,79.07,32.52,56.94,0
17ec92d6,1779248508,92.94,27.31,66.82,0
1364a6c6,1779248568,69.97,31.52,78.44,1
35072227,1779248628,62.18,14.15,81.5,1
c4055f6c,1779248688,95.11,42.58,55.32,0
10881096,1779248748,28.12,45.84,34.75,1
938a13fe,1779248808,18.75,29.82,66.11,1
99fe5522,1779248868,30.12,42.57,73.39,1
f43691c0,1779248928,74.85,9.79,61.32,0
455633fd,1779248988,49.01,6.19,45.54,1
d947e2bd,1779249048,67.21,17.18,66.8,1
cdcd9990,1779249108,64.32,32.65,69.07,0
5aa466b8,1779249168,100.0,32.03,62.9,0
8ee20f86,1779249228,68.88,47.02,47.95,0
ed31e956,1779249288,96.64,34.22,53.55,0
0023636c,1779249348,64.52,42.9,100.0,0
3b01fd3d,1779249408,32.54,40.67,58.37,1
a2c7518b,1779249468,72.29,-1.69,68.88,0
d1e6f32a,1779249528,58.35,39.39,52.4,0
bd26cd51,1779249588,32.29,30.04,68.02,1
aed4d5f7,1779249648,45.46,14.81,78.96,1
2792ddfa,1779249708,29.54,43.52,57.76,1
582449dd,1779249768,87.7,2.16,70.23,0
49817e53,1779249828,79.8,44.07,86.67,0
7f9b962e,1779249888,10.39,-6.61,88.49,1
d5d63302,1779249948,20.83,18.07,84.14,1
13da9b74,1779250008,64.83,39.53,65.24,0
fc03e3d9,1779250068,0.0,4.39,40.89,1
96656c17,1779250128,28.75,48.27,54.42,1
4f1a57d1,1779250188,24.24,11.17,64.09,1
64d2eb1f,1779250248,92.15,-7.87,100.0,0
c78a5a5f,1779250308,23.33,-7.5,64.72,1
7ef2a054,1779250368,86.89,-3.29,31.06,0
3868b963,1779250428,30.91,-0.43,25.34,1
dd84daf8,1779250488,28.4,-7.21,60.25,1
eff60907,1779250548,8.85,-4.28,62.59,1
1cb91d97,1779250608,70.25,33.45,57.03,0
340fa772,1779250668,56.0,48.36,64.07,0
e7e5ab01,1779250728,64.29,11.93,87.76,1
2e054684,1779250788,63.94,49.7,40.98,0
32e5e053,1779250848,94.08,19.71,54.85,0
70a46b00,1779250908,1.37,20.28,30.48,1
ff347633,1779250968,83.35,42.46,45.73,0
02184185,1779251028,42.77,43.75,68.13,1
413878b9,1779251088,17.79,33.61,38.59,1
1fc5eede,1779251148,42.81,12.42,57.49,1
ca02c2f2,1779251208,26.63,27.77,83.92,1
c202961c,1779251268,81.09,43.83,77.04,0
5f444830,1779251328,19.6,9.14,55.08,1
dc5dfd77,1779251388,92.66,-9.21,49.18,0
c59f805a,1779251448,76.43,30.25,46.08,0
56a955cc,1779251508,70.16,36.99,71.99,0
ead44253,1779251568,34.62,49.02,97.16,1
24a2e6d8,1779251628,15.78,7.57,66.36,1
59412715,1779251688,61.93,0.72,64.35,1
2a8b5345,1779251748,44.27,12.64,68.51,1
d2d91111,1779251808,18.25,42.63,83.92,1
16b39d4a,1779251868,33.16,-3.22,41.64,1
af8ccf39,1779251928,86.26,3.52,37.56,0
2321e548,1779251988,60.84,23.64,29.84,1
22ec11df,1779252048,68.79,30.24,75.67,1
00d70cef,1779252108,74.21,27.35,57.48,0
68830a3f,1779252168,47.36,24.31,54.64,1
7ee67945,1779252228,59.84,37.17,94.65,0
b6179657,1779252288,28.79,-6.76,48.33,1
354b51a8,1779252348,94.32,9.57,73.78,0
943bdcc0,1779252408,36.38,-4.04,62.76,1
408f4aa5,1779252468,26.63,30.28,88.59,1
cb87f963,1779252528,56.54,0.33,64.92,1
677c874e,1779252588,93.45,36.44,57.96,0
89d35152,1779252648,33.11,1.55,74.15,1
e5647543,1779252708,88.18,9.15,71.4,0
c82f06e7,1779252768,57.74,7.98,48.71,1
49c9da8a,1779252828,43.71,8.89,55.23,1
13d8beeb,1779252888,6.46,-8.76,82.8,1
4856f635,1779252948,42.86,29.58,49.01,1
2d943cc0,1779253008,53.41,-2.81,41.96,1
345e3eb4,1779253068,36.18,-5.97,50.27,1
d7653768,1779253128,39.3,39.86,100.0,1
f0a4968a,1779253188,76.17,8.35,44.76,0
2731f5a7,1779253248,8.7,-5.19,44.75,1
50f532e8,1779253308,51.93,37.27,73.95,0
cde6d1b0,1779253368,54.8,-4.62,100.0,1
625a7904,1779253428,25.0,14.86,68.28,1
9310125a,1779253488,81.4,31.1,71.49,0
7bf9b7e1,1779253548,27.68,10.77,68.73,1
724745de,1779253608,48.71,41.4,42.54,1
53118ff5,1779253668,34.96,48.46,61.38,1
c9e726fd,1779253728,45.8,45.31,63.0,1
7a7f815b,1779253788,0.0,17.66,43.66,1
5826c652,1779253848,61.77,-6.45,79.76,1
bc0ac5da,1779253908,68.42,1.25,86.57,1
fd38edc9,1779253968,53.54,15.18,57.48,1
db8ca651,1779254028,51.43,33.64,100.0,0
fc3e82a5,1779254088,4.11,11.8,56.42,1
0c4d7954,1779254148,47.46,2.81,82.79,1
290c8f2e,1779254208,28.57,4.23,69.84,1
df6f357a,1779254268,75.63,4.34,74.1,0
e8b95f9d,1779254328,28.53,25.88,38.36,1
0f621a7a,1779254388,76.99,20.06,73.84,0
7d48c8fd,1779254448,25.65,13.3,20.97,1
f779ca4f,1779254508,37.43,22.64,34.64,1
c65d888e,1779254568,33.69,38.61,100.0,1
02c3d47a,1779254628,50.76,41.27,91.61,0
e39bfc3b,1779254688,69.92,47.38,74.36,0
93194c0d,1779254748,27.22,43.34,41.68,1
2a352e1e,1779254808,54.3,-1.32,48.23,1
271e5e76,1779254868,19.46,-2.32,60.28,1
65b7e279,1779254928,30.23,9.37,54.35,1
18cdf482,1779254988,21.36,40.39,35.16,1
d1c49271,1779255048,83.38,28.16,78.77,0
4a523c35,1779255108,93.7,28.93,79.16,0
2e65c435,1779255168,51.03,12.7,71.1,1
326ad7de,1779255228,53.73,-9.21,91.9,1
7713c64e,1779255288,72.49,-0.09,78.3,0
1e4187b7,1779255348,24.92,26.2,57.8,1
34d6c37b,1779255408,12.75,39.62,34.72,1
9ce6c7d5,1779255468,56.55,25.37,60.77,1
1a549a9f,1779255528,79.57,19.38,29.11,0
1ad27b66,1779255588,48.05,39.86,62.26,1
21c6221e,1779255648,29.55,25.84,62.81,1
c2c9b84e,1779255708,23.8,13.65,73.98,1
b2cb9a5d,1779255768,7.95,12.5,86.32,1
eca51ff1,1779255828,69.38,-9.42,77.17,1
138932b8,1779255888,83.03,17.17,27.72,0
aeeee1d3,1779255948,40.38,-0.77,88.71,1
aa1c00eb,1779256008,31.94,9.74,68.82,1
eb646d46,1779256068,16.39,17.0,54.94,1
1bcefe19,1779256128,55.11,29.82,36.26,1
ad0de3cf,1779256188,36.07,29.68,47.23,1
3973b6b5,1779256248,48.39,-2.31,0.0,1
2c951c23,1779256308,61.63,-1.88,84.31,1
2eefc559,1779256368,79.32,24.1,50.48,0
98b6af51,1779256428,43.18,4.56,43.21,1
b1717fe1,1779256488,80.56,16.18,61.24,0
1d37b01f,1779256548,71.87,24.57,57.12,0
42356f8d,1779256608,9.56,26.46,68.99,1
7c1078bc,1779256668,3.0,49.44,87.67,1
41302243,1779256728,58.28,22.24,70.14,1
67b63f3a,1779256788,16.53,8.34,56.78,1
5ccfd719,1779256848,43.62,42.94,90.23,1
c787b938,1779256908,50.7,28.82,36.33,1
a057827c,1779256968,74.95,49.37,60.86,0
9aa40a3f,1779257028,59.7,12.36,44.17,1
9cc3f109,1779257088,34.45,27.66,90.71,1
30c2f984,1779257148,56.82,22.37,90.53,1
78f253f9,1779257208,45.62,22.75,43.82,1
f9a17c3f,1779257268,73.17,44.39,58.24,0
1f5f24df,1779257328,39.01,33.04,82.7,1
30710794,1779257388,15.33,10.57,49.14,1
3f7a4f76,1779257448,44.79,17.64,49.36,1
fd8d7997,1779257508,47.63,44.15,64.64,1
b213fb4c,1779257568,33.37,21.14,48.33,1
bfef1ce3,1779257628,42.48,3.26,62.28,1
bf9304c1,1779257688,0.41,32.76,49.6,1
faec68a2,1779257748,18.95,43.67,60.82,1
ef0a10b1,1779257808,75.72,36.79,41.57,0
b5588293,1779257868,49.96,26.95,71.07,1
cbdb7aba,1779257928,81.16,17.8,36.9,0
5d03e0e1,1779257988,78.12,-6.99,56.05,0
3f76d128,1779258048,0.0,11.71,100.0,1
5227f4a3,1779258108,92.54,46.06,76.9,0
07ec2e1b,1779258168,65.52,-2.99,84.19,1
1ed00a5e,1779258228,25.58,42.87,53.17,1
9b0ecbee,1779258288,70.69,29.14,76.05,0
35f064dc,1779258348,20.16,9.78,60.48,1
c921996a,1779258408,60.45,-0.39,46.5,1
dd5130a6,1779258468,76.33,17.56,82.14,0
57088ceb,1779258528,39.86,9.21,44.02,1
e1df9800,1779258588,33.46,39.74,66.87,1
87ba690c,1779258648,32.68,33.15,71.53,1
869f9c41,1779258708,79.57,1.34,76.07,0
8dfa7d3b,1779258768,38.35,11.95,47.89,1
80866706,1779258828,66.65,45.53,76.44,0
bec89e5e,1779258888,23.23,10.04,79.32,1
5c231325,1779258948,26.59,28.56,62.2,1
3871408e,1779259008,77.43,40.04,31.09,0
fa04e88f,1779259068,70.24,2.46,61.18,0
ce61edd4,1779259128,12.04,36.45,93.04,1
bbeb8036,1779259188,46.78,44.78,100.0,1
ddeb0a22,1779259248,17.9,26.49,48.73,1
cb002477,1779259308,25.01,19.2,100.0,1
90cfef05,1779259368,44.68,48.53,54.25,1
50fab99b,1779259428,60.38,8.23,64.53,1
8600d9cd,1779259488,71.91,7.68,79.81,0
ea63414f,1779259548,100.0,18.87,76.85,0
6800fcdc,1779259608,59.36,41.04,67.36,0
a9fd3882,1779259668,48.61,12.89,88.23,1
5e3626f0,1779259728,49.05,4.78,85.63,1
ed532791,1779259788,21.13,31.5,60.47,1
b657efac,1779259848,19.58,47.39,43.32,1
285664e3,1779259908,67.11,27.42,73.2,1
4c0f8e78,1779259968,62.07,25.93,72.64,1
db949438,1779260028,46.64,21.7,72.1,1
7c80853c,1779260088,52.78,26.67,39.1,1
680a16d4,1779260148,47.85,49.48,65.29,1
5293673f,1779260208,79.07,2.98,57.06,0
1272b66b,1779260268,63.26,46.82,60.13,0
03245e2d,1779260328,75.42,0.59,72.55,0
14d243a0,1779260388,69.5,-4.51,89.3,1
0eb33173,1779260448,32.64,18.06,68.7,1
e2072a11,1779260508,68.18,32.39,18.81,0
aef44c50,1779260568,54.17,17.86,99.7,1
45bee96c,1779260628,75.68,9.85,54.2,0
e8c622af,1779260688,71.89,11.59,42.68,0
cc31e529,1779260748,38.77,32.12,78.11,1
a49bcb63,1779260808,46.92,10.59,50.2,1
817514b3,1779260868,82.33,31.98,56.89,0
3bb6e536,1779260928,55.28,22.13,51.64,1
635b9334,1779260988,46.81,20.21,56.32,1
18ea97dc,1779261048,66.68,20.0,63.62,1
b423b31c,1779261108,47.1,6.63,79.62,1
39d5fb04,1779261168,45.0,20.2,74.86,1
2ca0be8a,1779261228,79.84,49.7,34.91,0
ea0bc91b,1779261288,62.84,-6.96,46.77,1
3a081436,1779261348,5.18,-1.98,69.35,1
05dccb71,1779261408,32.23,3.42,73.67,1
d4c9238b,1779261468,65.37,29.58,28.13,1
cf8e9386,1779261528,3.46,43.05,44.7,1
b69d7126,1779261588,63.67,10.28,84.99,1
080d7219,1779261648,70.63,25.69,69.64,0
470f56c7,1779261708,67.41,24.3,75.91,1
5bdc6ed4,1779261768,77.53,2.41,43.17,0
255b4773,1779261828,66.07,39.33,71.8,0
18d45165,1779261888,15.41,-4.02,57.56,1
43b79f20,1779261948,62.76,29.05,66.43,1
6d88a28b,1779262008,49.24,25.69,64.49,1
b66519db,1779262068,68.25,48.07,77.12,0
34d69724,1779262128,55.02,31.52,40.84,1
5341565f,1779262188,50.27,39.85,68.45,0
064e16b9,1779262248,4.59,5.2,26.0,1
dbafdb86,1779262308,61.15,47.58,83.42,0
d99fb42f,1779262368,45.83,19.55,58.07,1
a9869584,1779262428,44.73,-2.44,52.66,1
72397b50,1779262488,41.91,47.23,55.47,1
be754a39,1779262548,39.13,43.92,25.68,1
cc2f5538,1779262608,75.59,32.33,90.76,0
febff05a,1779262668,70.23,22.12,65.92,0
a206b77b,1779262728,65.35,22.49,52.8,1
2abc2286,1779262788,64.19,4.98,57.4,1
0bd96b29,1779262848,54.15,28.82,79.93,1
c60e3afe,1779262908,58.5,27.81,69.11,1
2b55f5af,1779262968,46.25,13.09,37.69,1
206b6f68,1779263028,36.48,48.57,69.01,1
e5433d27,1779263088,32.74,6.48,24.08,1
f9f2dc81,1779263148,33.77,-1.02,62.34,1
ed86b6d1,1779263208,31.24,4.13,71.76,1
5b8e4146,1779263268,40.25,10.81,58.98,1
12f0ccb2,1779263328,36.29,43.3,65.32,1
2fa6541e,1779263388,93.77,9.93,35.32,0
3fd9f1f4,1779263448,62.75,11.01,75.86,1
fcca8473,1779263508,52.04,-4.41,60.87,1
a4471f94,1779263568,41.04,19.88,22.1,1
f68d11f4,1779263628,3.66,30.04,67.85,1
10fa3bce,1779263688,74.91,-3.17,97.15,0
531fb6d4,1779263748,0.0,19.46,52.97,1
3e4720fe,1779263808,49.05,-9.16,76.42,1
dffe9347,1779263868,82.07,36.8,55.11,0
01db57c9,1779263928,8.5,17.91,61.78,1
f64f1c53,1779263988,84.21,19.49,80.31,0
a99daaec,1779264048,77.6,19.7,49.73,0
2daaba34,1779264108,49.64,-5.92,63.32,1
efa4b254,1779264168,43.0,5.03,62.25,1
c8d7050d,1779264228,82.43,19.65,44.15,0
862ce197,1779264288,52.06,14.69,53.37,1
487e438e,1779264348,49.98,32.54,76.49,1
647f7d3d,1779264408,67.51,33.26,44.91,0
564120cd,1779264468,97.62,-4.29,48.84,0
ec7283fb,1779264528,65.72,16.16,57.46,1
1fa430be,1779264588,65.26,20.03,92.82,1
6b021a87,1779264648,57.79,5.54,72.91,1
b17d20e6,1779264708,46.09,38.85,77.78,1
266d2b83,1779264768,76.38,28.2,53.32,0
2a7e1df7,1779264828,59.65,1.48,41.49,1
a41f7ec9,1779264888,20.15,-8.68,53.62,1
fc8bfa60,1779264948,54.62,18.89,30.75,1
ebcc162f,1779265008,8.65,31.11,60.2,1
4151bf5d,1779265068,26.15,42.87,87.44,1
573bf1cc,1779265128,83.78,6.64,78.27,0
be7fee87,1779265188,46.56,12.45,62.35,1
b46a0269,1779265248,80.93,41.62,86.24,0
25cf24df,1779265308,44.67,-4.17,38.12,1
5353d1a9,1779265368,46.41,43.9,59.35,1
5da59a88,1779265428,79.67,-6.41,61.84,0
fa18d168,1779265488,31.32,13.2,43.07,1
26feeeb2,1779265548,38.42,2.28,84.72,1
0de995cf,1779265608,41.75,33.57,91.1,1
fc3a77e5,1779265668,29.79,-1.43,68.08,1
9d2fe6a0,1779265728,70.5,12.68,78.92,0
1c97eb55,1779265788,39.18,-2.72,30.96,1
5267fb25,1779265848,67.1,10.75,62.69,1
1a976c22,1779265908,23.82,27.1,72.57,1
24cdd3f8,1779265968,52.35,45.62,74.81,0
2e62f1a5,1779266028,19.11,14.04,36.16,1
7b7e984f,1779266088,63.93,45.52,94.88,0
a17055f4,1779266148,24.9,20.62,49.34,1
b49e4e4b,1779266208,21.71,2.11,60.32,1
4d2eb89f,1779266268,9.04,9.05,27.0,1
026f129b,1779266328,54.85,30.42,59.87,1
3a0c6951,1779266388,55.52,40.59,74.13,0
14f338f3,1779266448,46.97,-7.09,78.56,1
ab9c2ae2,1779266508,40.9,-2.91,34.67,1
43497a9e,1779266568,44.97,10.41,35.26,1
a8bfcb8e,1779266628,0.0,28.67,37.34,1
06b2086f,1779266688,89.65,2.93,60.76,0
9a2fb800,1779266748,29.82,43.72,65.55,1
079ca103,1779266808,66.61,-7.8,75.5,1
da322a1f,1779266868,40.33,3.34,66.39,1
1e948d2d,1779266928,10.15,29.68,70.46,1
6cde3be6,1779266988,28.07,29.36,64.84,1
50e84aa5,1779267048,7.57,17.58,80.83,1
20f8b892,1779267108,27.03,-8.27,33.17,1
5515ed4a,1779267168,50.9,20.04,62.76,1
816278dc,1779267228,69.0,12.81,15.1,1
077481b1,1779267288,36.12,6.56,16.86,1
466585ab,1779267348,55.72,40.57,34.14,0
15389552,1779267408,58.61,45.75,83.62,0
a92f326a,1779267468,58.26,7.78,59.25,1
5ea85978,1779267528,67.1,12.69,34.27,1
2e0e6372,1779267588,13.27,27.08,79.04,1
7b51040f,1779267648,65.03,-2.44,97.24,1
4d53884b,1779267708,34.98,43.41,42.27,1
9fcbe9ab,1779267768,95.46,-3.39,63.84,0
c05e6385,1779267828,27.31,1.86,39.14,1
992d5bdb,1779267888,41.23,28.54,50.25,1
b6195a95,1779267948,100.0,-2.66,24.15,0
1bd5969b,1779268008,64.81,-8.7,72.6,1
48351940,1779268068,33.79,37.53,56.5,1
e9ce44fb,1779268128,61.29,4.18,65.33,1
6fb8fed8,1779268188,16.74,12.27,56.31,1
61a8429c,1779268248,33.32,32.89,60.66,1
c08e27d7,1779268308,81.75,6.31,63.34,0
f2e8c0f8,1779268368,57.65,1.41,85.92,1
e23e32db,1779268428,79.56,49.12,79.68,0
21c2f96a,1779268488,6.92,31.02,66.23,1
09e4d763,1779268548,61.86,0.21,20.58,1
4524c6e8,1779268608,87.69,47.19,51.83,0
7b37ee63,1779268668,48.97,47.02,65.11,1
342789e8,1779268728,17.77,20.44,74.7,1
a6d66dc4,1779268788,82.64,-0.47,30.56,0
4fa3d0f2,1779268848,29.01,20.18,49.78,1
87781740,1779268908,17.2,33.99,59.57,1
9c0db06d,1779268968,21.88,9.92,50.09,1
16e0137f,1779269028,91.8,18.91,69.4,0
ffd391d1,1779269088,21.65,44.88,61.61,1
390d8ef5,1779269148,55.19,-8.94,69.71,1
6208fa07,1779269208,100.0,49.68,72.64,0
14f270bd,1779269268,81.14,14.43,69.33,0
f02596db,1779269328,40.02,-1.19,20.82,1
6ac61567,1779269388,73.72,-7.72,52.42,0
0d0ffa66,1779269448,42.97,44.9,54.82,1
9330828a,1779269508,69.03,36.06,84.65,0
ceeffda4,1779269568,56.58,-7.37,59.94,1
6b3fdd06,1779269628,36.4,16.99,32.06,1
a583a954,1779269688,52.83,-7.29,75.89,1
2eb045f0,1779269748,10.39,47.93,25.04,1
eb69a3f2,1779269808,92.14,32.8,84.65,0
ae73f443,1779269868,65.88,4.23,85.41,1
8ef7ee79,1779269928,59.41,34.51,72.13,0
1be40a54,1779269988,49.8,24.83,36.0,1
1ea21d35,1779270048,73.41,35.75,50.58,0
2f9a76e0,1779270108,71.99,23.08,42.02,0
35cc275f,1779270168,27.89,43.75,50.26,1
56c95912,1779270228,79.94,22.72,67.04,0
240beff5,1779270288,33.46,12.89,37.19,1
b30521b6,1779270348,49.81,47.83,63.25,1
3573ef40,1779270408,41.5,3.46,58.5,1
87b33509,1779270468,30.24,7.18,61.71,1
d8a54439,1779270528,71.42,31.3,63.88,0
4ae0dea4,1779270588,50.26,28.32,69.75,1
56c43a77,1779270648,36.23,40.76,100.0,1
12b1d390,1779270708,78.62,37.18,70.98,0
e3b5aed7,1779270768,63.39,1.98,37.96,1
fbaa78fd,1779270828,93.79,49.83,76.45,0
c86fdcad,1779270888,45.64,39.3,45.49,1
6607b965,1779270948,62.02,43.81,73.96,0
61d32b56,1779271008,34.83,-6.51,54.78,1
2e1d5449,1779271068,61.37,31.92,73.9,1
6bc40e81,1779271128,21.33,47.49,29.38,1
079122ba,1779271188,47.65,34.55,59.22,1
1949f4d4,1779271248,80.37,32.46,41.51,0
5be7a799,1779271308,87.83,24.86,63.8,0
6754ef7e,1779271368,74.97,25.35,41.8,0
5d85f2ae,1779271428,77.05,42.96,62.68,0
da8981ae,1779271488,60.22,14.95,1.28,1
5490a05e,1779271548,73.64,37.29,57.58,0
de3f342a,1779271608,57.08,49.75,40.82,0
fb2c7b7a,1779271668,83.74,36.14,69.02,0
5539ca00,1779271728,18.62,33.44,30.68,1
b4b6ec5b,1779271788,100.0,32.77,59.99,0
14d4607c,1779271848,31.75,-1.19,77.74,1
2bd914c0,1779271908,51.69,10.53,22.6,1
b9c04973,1779271968,34.25,20.59,61.93,1
7351f97c,1779272028,64.47,15.35,15.92,1
a1317042,1779272088,63.05,1.09,54.43,1
936c2f7e,1779272148,62.97,22.32,64.43,1
4b747da5,1779272208,0.0,-9.51,51.06,1
fec2f039,1779272268,0.0,30.19,42.2,1
9026d49c,1779272328,34.47,17.31,21.68,1
58a539d0,1779272388,42.33,-8.37,89.78,1
38f2e004,1779272448,65.91,20.83,66.95,1
e621110f,1779272508,20.58,3.24,65.66,1
608e171f,1779272568,40.18,45.69,29.96,1
77eaae29,1779272628,15.36,5.97,61.96,1
d6b4feda,1779272688,87.9,16.4,31.47,0
db41ee3e,1779272748,80.31,4.51,19.71,0
15c0d570,1779272808,40.98,10.18,55.61,1
436be527,1779272868,68.68,26.66,78.85,1
80850101,1779272928,38.61,43.1,74.74,1
d845e857,1779272988,10.59,14.32,27.94,1
7fb26a7e,1779273048,40.22,9.16,42.22,1
cdbe6468,1779273108,40.54,-2.58,77.28,1
8ef5b8b7,1779273168,30.77,48.31,41.32,1
ca58427a,1779273228,51.16,4.38,33.43,1
c60ba252,1779273288,35.78,14.21,79.33,1
22efe56c,1779273348,60.72,44.87,54.34,0
1e67bcc3,1779273408,95.32,-0.07,41.21,0
7a1b77a8,1779273468,99.62,13.12,40.36,0
7b39d63a,1779273528,54.28,48.17,62.67,0
4a81f6d2,1779273588,59.71,6.16,94.93,1
6177400e,1779273648,78.94,40.72,82.99,0
e830208b,1779273708,68.13,31.12,66.08,1
7eb97069,1779273768,5.14,34.28,37.57,1
29f32194,1779273828,66.21,7.49,89.22,1
1b0d6753,1779273888,52.38,37.43,75.62,0
7ce58f37,1779273948,34.3,42.47,37.0,1
c5c5d0eb,1779274008,50.44,18.9,47.03,1
f7c706c3,1779274068,29.08,3.14,79.28,1
a8416afc,1779274128,53.17,-3.72,75.07,1
e98d0c56,1779274188,61.24,15.21,35.22,1
4404a30a,1779274248,57.72,25.82,69.33,1
e9d980b8,1779274308,68.49,19.73,58.1,1
63bdfde4,1779274368,39.15,34.71,63.91,1
e07ad9dc,1779274428,19.36,-2.88,33.28,1
129f61f5,1779274488,42.13,9.69,52.92,1
a364599f,1779274548,43.06,33.46,76.52,1
79806bbe,1779274608,54.23,18.91,44.48,1
3ebf3a84,1779274668,87.71,1.58,55.05,0
0ae642fe,1779274728,30.78,10.89,62.25,1
059c6186,1779274788,68.57,19.41,41.39,1
abadfe83,1779274848,52.52,-4.81,93.09,1
d529b69c,1779274908,68.42,44.21,70.41,0
de1e6cf7,1779274968,88.48,35.12,68.74,0
6694f268,1779275028,43.11,-5.75,54.35,1
75fd9aa0,1779275088,42.69,49.87,20.22,1
137328ce,1779275148,91.38,31.6,49.9,0
5743924e,1779275208,95.95,49.9,68.44,0
0c26c44d,1779275268,69.55,12.92,54.42,1
b9e53ccb,1779275328,71.25,-6.82,92.77,0
6c5e6b20,1779275388,83.94,0.37,45.73,0
be07f5b9,1779275448,11.29,37.82,75.52,1
e678a281,1779275508,65.47,21.49,73.41,1
4a5f0d6d,1779275568,71.8,1.17,47.86,0
99ebbfa1,1779275628,28.15,30.45,48.37,1
ed6ba194,1779275688,77.08,14.94,86.46,0
b46b9f44,1779275748,0.0,25.33,64.29,1
863ec45d,1779275808,42.05,14.33,54.68,1
56c6ad3a,1779275868,31.56,43.55,44.27,1
91e8463e,1779275928,11.38,31.37,100.0,1
8b3da23e,1779275988,57.47,-1.23,83.72,1
265d1c82,1779276048,45.89,31.47,22.23,1
878b2346,1779276108,55.43,31.08,27.92,1
4ab6e20b,1779276168,77.58,42.17,56.88,0
f6041d0f,1779276228,61.57,-5.46,59.43,1
594969b3,1779276288,91.57,18.59,86.02,0
9d61f2b5,1779276348,48.75,41.13,58.86,1
d1c9f2ab,1779276408,59.7,29.85,76.41,1
cd646a04,1779276468,17.46,15.7,68.56,1
d01022bd,1779276528,58.96,-8.89,97.68,1
736eeadf,1779276588,67.36,45.39,31.45,0
a4b38883,1779276648,50.17,17.37,41.53,1
87622e2f,1779276708,79.15,12.84,53.76,0
e75cc54a,1779276768,47.42,33.1,49.62,1
4ee06c97,1779276828,64.26,31.23,36.93,1
66c47fb5,1779276888,65.15,31.09,30.49,1
1c9ad2ca,1779276948,0.0,27.15,51.6,1
6a9dc603,1779277008,48.61,13.5,67.26,1
d4df0ebb,1779277068,29.96,23.19,58.65,1
84ec9513,1779277128,30.4,17.98,52.91,1
c8a0d223,1779277188,54.84,6.68,31.2,1
490ac888,1779277248,0.0,6.14,54.21,1
e0288167,1779277308,32.09,-6.82,67.69,1
5a21367b,1779277368,67.91,19.91,83.11,1
5724733f,1779277428,43.37,16.22,0.0,1
f86ee838,1779277488,49.82,21.71,10.35,1
2dbff6d5,1779277548,77.71,12.66,80.14,0
a2f77e78,1779277608,5.11,22.19,35.42,1
275181bd,1779277668,74.44,31.78,57.66,0
00cc5e81,1779277728,57.53,48.26,71.48,0
7e4d1d66,1779277788,58.92,-0.51,62.09,1
b98f0bd4,1779277848,52.69,49.01,47.83,0
ea6618f2,1779277908,15.59,21.29,52.12,1
8ef2805d,1779277968,16.38,32.89,81.66,1
25eb3925,1779278028,24.99,12.29,35.93,1
1b31d18f,1779278088,28.91,35.72,55.55,1
00e0bfcc,1779278148,71.89,45.62,53.79,0
2b622ccf,1779278208,54.49,13.37,96.98,1
be4c41bb,1779278268,0.0,27.36,64.29,1
37c4f8cc,1779278328,55.76,6.52,44.51,1
7ab28285,1779278388,50.94,24.71,53.12,1
b7b8279c,1779278448,31.45,43.6,57.45,1
7ba9564b,1779278508,27.33,20.66,65.26,1
9e238f2b,1779278568,32.06,26.41,59.91,1
3eb8e6b2,1779278628,65.14,2.18,75.0,1
c14bb6c2,1779278688,40.33,46.79,77.81,1
3ab82157,1779278748,49.37,25.83,44.29,1
5403c87c,1779278808,70.04,27.61,45.09,0
9c33d26a,1779278868,51.21,19.49,55.69,1
4b6e3044,1779278928,42.34,22.46,71.74,1
2710547a,1779278988,76.73,45.82,45.76,0
e299ead8,1779279048,78.55,19.9,49.45,0
c51c83c2,1779279108,65.72,20.62,57.03,1
de3e51a2,1779279168,100.0,5.67,52.4,0
91a2f7e0,1779279228,62.25,30.71,56.02,1
93b5647b,1779279288,36.36,22.63,75.57,1
9282505a,1779279348,51.0,13.27,35.14,1
29f1d850,1779279408,50.66,36.48,63.77,0
43eb6bda,1779279468,60.78,-7.35,75.41,1
1ed27f81,1779279528,14.89,-6.12,48.33,1
53d84690,1779279588,6.15,37.76,64.62,1
fc8f0b0c,1779279648,55.41,2.54,62.33,1
819478bd,1779279708,29.22,22.75,87.11,1
47a40035,1779279768,79.85,32.3,90.55,0
a2e0e0bb,1779279828,44.26,16.04,46.71,1
755966e4,1779279888,31.53,-1.66,49.2,1
64ff09fe,1779279948,47.19,-6.22,14.13,1
5c3f860e,1779280008,30.74,26.23,70.87,1
2aaa91a8,1779280068,59.17,34.86,60.45,0
08845e6e,1779280128,78.14,-0.69,64.86,0
22d457d1,1779280188,28.39,27.72,78.43,1
9732bece,1779280248,43.89,3.03,71.12,1
774dddd6,1779280308,4.22,32.39,46.1,1
9de78fc0,1779280368,57.95,21.84,68.27,1
be70591c,1779280428,57.61,11.77,48.46,1
f8c4aeb2,1779280488,21.53,42.29,46.92,1
d46ad165,1779280548,42.96,11.29,74.06,1
5ab20a80,1779280608,89.78,-6.21,70.86,0
7b9ad526,1779280668,63.7,5.73,62.26,1
17f5a69a,1779280728,72.69,4.33,43.52,0
8f9d2fa5,1779280788,70.4,4.83,73.04,0
62b8723c,1779280848,71.6,11.51,71.95,0
27e939d3,1779280908,58.91,39.38,61.12,0
3099763a,1779280968,84.27,6.77,11.96,0
7d1a4d08,1779281028,48.33,17.81,34.95,1
4e1e5747,1779281088,65.63,26.23,60.61,1
9660f624,1779281148,25.62,49.79,65.55,1
01dada7b,1779281208,60.83,14.86,66.26,1
7bece62c,1779281268,100.0,1.65,66.77,0
2fc067b6,1779281328,65.4,-0.18,65.79,1
39659da0,1779281388,55.37,6.39,52.54,1
20319422,1779281448,87.06,9.31,78.76,0
dfb0ae61,1779281508,55.25,42.14,86.48,0
90a09806,1779281568,62.79,-8.79,67.31,1
6f5d452e,1779281628,42.26,16.52,56.13,1
38bbafe7,1779281688,47.95,40.98,79.74,1
4ed5704a,1779281748,20.51,43.73,34.58,1
ce4c16fb,1779281808,84.72,4.2,52.89,0
1f66e21c,1779281868,52.52,35.56,72.12,0
7c4b3942,1779281928,49.6,44.06,42.24,1
beecbe9e,1779281988,36.88,0.34,23.65,1
8a286f33,1779282048,29.9,10.8,71.72,1
001ee7ca,1779282108,44.25,34.31,100.0,1
e9d1d711,1779282168,25.62,14.87,75.16,1
d3c51be0,1779282228,21.73,43.98,34.21,1
a85b28fc,1779282288,14.08,9.66,71.02,1
240e8a3c,1779282348,21.13,30.38,36.02,1
a84edc81,1779282408,0.0,-1.05,72.46,1
23d87aa3,1779282468,55.07,-3.25,54.42,1
1b78528c,1779282528,31.18,-5.6,89.52,1
e5cde0a0,1779282588,58.16,4.15,85.65,1
b15ece6a,1779282648,66.05,32.56,44.81,0
8fc61f66,1779282708,42.42,41.48,57.08,1
5dac453a,1779282768,25.23,20.96,47.87,1
da887b83,1779282828,60.15,15.53,89.79,1
8eb0ead1,1779282888,36.75,44.77,51.94,1
7b101f89,1779282948,32.58,24.4,97.96,1
77c9ee93,1779283008,70.65,45.19,74.86,0
845cabe3,1779283068,7.2,28.38,47.87,1
5614e598,1779283128,93.74,15.2,28.82,0
ae65be74,1779283188,47.36,31.46,36.05,1
109dfb20,1779283248,49.2,-0.09,88.64,1
341a45e1,1779283308,84.39,14.77,51.8,0
303aacfe,1779283368,51.77,4.47,98.61,1
a73f5135,1779283428,13.48,-5.98,62.5,1
f92c8d97,1779283488,33.29,32.41,100.0,1
3752ee0c,1779283548,71.61,14.57,78.57,0
598f6749,1779283608,77.49,15.29,97.63,0
4fc30db8,1779283668,64.53,1.57,62.53,1
fbc0a5a1,1779283728,22.25,27.58,39.92,1
5dee7722,1779283788,61.93,17.5,80.63,1
f1831156,1779283848,97.62,24.02,59.87,0
ff081ed2,1779283908,6.43,17.73,78.13,1
6cb85104,1779283968,44.55,31.75,47.11,1
244383ef,1779284028,100.0,1.14,82.11,0
6b0e27bf,1779284088,39.01,7.08,64.0,1
5c1ae8d9,1779284148,19.19,-7.01,81.88,1
7ddc9447,1779284208,37.14,-6.21,78.0,1
79b40266,1779284268,46.87,0.68,55.72,1
02c6fc25,1779284328,32.25,38.28,81.84,1
37e9af2b,1779284388,49.29,31.28,33.87,1
b999721f,1779284448,77.8,45.49,93.43,0
07649bb7,1779284508,49.1,43.04,28.76,1
a5b363ca,1779284568,66.05,5.59,34.25,1
2219f12d,1779284628,45.48,26.82,32.82,1
f1527ebe,1779284688,29.31,26.81,39.12,1
5b416664,1779284748,53.8,36.97,67.76,0
9260067f,1779284808,15.49,17.26,43.85,1
c8747033,1779284868,45.13,40.8,87.36,1
6761b2ca,1779284928,25.81,42.24,53.93,1
bfcb4f9e,1779284988,65.71,48.34,65.17,0
6835ef4e,1779285048,10.25,1.62,59.65,1
582efa00,1779285108,68.19,-7.57,40.67,1
9935223b,1779285168,53.32,28.52,48.99,1
1f9c986d,1779285228,21.4,38.36,89.52,1
bc0e0ccd,1779285288,25.94,37.83,61.64,1
6fb51781,1779285348,42.96,-1.21,11.01,1
e36ee695,1779285408,39.9,36.98,73.77,1
96f61d8b,1779285468,74.0,1.53,93.48,0
06727815,1779285528,31.81,39.99,35.59,1
7b2ff0a5,1779285588,82.93,16.37,46.18,0
38c96594,1779285648,63.72,27.31,52.12,1
424af3cd,1779285708,62.79,15.44,81.41,1
22fe05a7,1779285768,56.49,34.28,60.38,0
7f7cba9c,1779285828,74.27,36.14,49.76,0
7d4b3fb6,1779285888,37.31,7.11,76.68,1
ae1d5324,1779285948,62.71,4.56,86.88,1
7e8d504f,1779286008,10.67,38.48,63.04,1
10f3a29f,1779286068,78.02,12.9,52.41,0
6ef0ae41,1779286128,37.14,16.41,80.0,1
722986fe,1779286188,33.51,46.89,63.55,1
acdfd071,1779286248,57.3,40.36,100.0,0
9640c565,1779286308,51.69,45.64,82.26,0
61d8f30e,1779286368,7.32,17.85,82.65,1
9898a1c6,1779286428,26.58,39.36,26.19,1
170eae33,1779286488,32.66,5.86,77.59,1
e9b8c163,1779286548,73.58,-8.36,50.98,0
e2b78a63,1779286608,56.86,28.39,56.34,1
b1b64d92,1779286668,32.3,41.76,46.23,1
a65f18a6,1779286728,42.72,15.23,69.41,1
963c906a,1779286788,62.17,38.83,72.02,0
b32c195e,1779286848,71.98,9.56,60.79,0
6a235ecf,1779286908,62.15,22.36,44.02,1
9234f5a2,1779286968,37.9,29.29,76.1,1
a811b86f,1779287028,52.74,33.04,50.79,0
2420d00c,1779287088,18.97,22.26,48.55,1
1a0558ca,1779287148,37.57,5.15,78.78,1
d0dada97,1779287208,67.59,-2.29,79.89,1
c3649408,1779287268,50.87,20.05,63.13,1
fcaace68,1779287328,70.6,4.64,55.13,0
0d79eedd,1779287388,33.65,35.55,52.58,1
950938e1,1779287448,91.84,3.11,89.33,0
c95f5200,1779287508,80.5,11.47,73.89,0
693506c7,1779287568,35.92,35.49,82.44,1
2aecb15c,1779287628,51.38,48.17,49.95,0
505e706c,1779287688,32.43,42.4,58.12,1
17476976,1779287748,0.7,-3.23,83.54,1
99f13f53,1779287808,51.12,6.98,73.25,1
832e65b4,1779287868,17.52,26.11,43.03,1
fbef7146,1779287928,82.12,15.39,56.88,0
f6976e0b,1779287988,23.26,49.38,36.2,1
085163f3,1779288048,59.48,46.15,49.35,0
9bd23f3f,1779288108,46.55,12.5,60.07,1
0a4c4903,1779288168,44.95,37.4,41.26,1
1e7b6d0d,1779288228,1.59,23.41,25.13,1
9a8dc432,1779288288,77.28,8.5,65.0,0
56051fa5,1779288348,56.51,8.03,85.41,1
021948d0,1779288408,26.48,27.36,32.23,1
494a5b93,1779288468,51.75,24.49,59.11,1
1b1f0ba7,1779288528,66.73,-7.8,51.58,1
24cc6820,1779288588,25.13,15.01,56.68,1
40de58e4,1779288648,59.76,34.21,81.5,0
cb116b31,1779288708,61.91,32.56,56.76,0
d8c9991d,1779288768,7.51,45.12,23.85,1
e6d9c3ef,1779288828,92.48,15.02,72.58,0
980d5971,1779288888,68.37,26.47,41.83,1
3d4eda1c,1779288948,100.0,2.5,60.51,0
86804171,1779289008,41.93,14.36,74.14,1
7eb432ff,1779289068,59.75,22.87,85.29,1
3aae0ef7,1779289128,51.66,20.9,75.7,1
cdf2293a,1779289188,29.21,40.72,11.53,1
50753fd8,1779289248,88.34,7.79,90.6,0
e8ef181f,1779289308,41.57,-6.81,66.74,1
5f9ff70b,1779289368,34.7,6.94,43.75,1
2b816719,1779289428,22.38,30.6,73.35,1
7c747322,1779289488,70.59,41.57,60.34,0
763cea61,1779289548,51.9,30.55,64.74,1
a749b2e6,1779289608,85.88,-1.17,89.22,0
3d734013,1779289668,0.0,16.55,77.02,1
7a729be4,1779289728,22.91,11.57,61.38,1
ad0855bf,1779289788,41.46,43.48,49.2,1
2eeb3982,1779289848,21.95,13.05,58.94,1
e49b83f1,1779289908,45.06,-6.88,54.94,1
6f0a3944,1779289968,83.57,25.16,54.59,0
835b6198,1779290028,18.28,10.63,69.01,1
2c7f57b9,1779290088,48.69,40.23,83.07,1
16837676,1779290148,21.85,35.1,34.57,1
f31f5a6a,1779290208,33.1,48.37,74.25,1
816d08aa,1779290268,89.11,47.65,73.41,0
573abbb1,1779290328,41.2,26.17,58.59,1
93186ac9,1779290388,36.27,19.31,25.54,1
700e9a91,1779290448,49.4,15.58,45.17,1
3560e752,1779290508,73.01,1.11,86.86,0
2a260d2b,1779290568,33.49,0.74,44.41,1
498bb375,1779290628,78.57,14.6,92.58,0
1d7db734,1779290688,64.49,48.14,54.72,0
eafe6cc2,1779290748,3.41,36.21,59.43,1
04cb7e2b,1779290808,59.15,39.14,49.87,0
0ad7d861,1779290868,8.85,24.92,59.49,1
660b673c,1779290928,16.05,15.42,52.61,1
e644503b,1779290988,36.39,10.01,64.16,1
22c5b189,1779291048,36.15,47.88,63.56,1
cdbfd6c2,1779291108,51.57,36.58,53.32,0
dc7dd0c7,1779291168,29.91,-7.31,100.0,1
2ade0ace,1779291228,0.0,36.37,87.8,1
d78783b6,1779291288,91.57,-3.92,42.59,0
9bdcc195,1779291348,51.37,37.64,47.96,0
16042771,1779291408,82.28,30.84,98.04,0
f543ce9b,1779291468,19.75,8.86,31.89,1
0411609c,1779291528,29.91,-9.22,70.07,1
f3496380,1779291588,65.4,26.56,62.68,1
f3102111,1779291648,66.71,19.85,81.88,1
f1087f7d,1779291708,70.58,3.48,71.09,0
8ca34292,1779291768,21.39,17.13,46.43,1
0c30fd18,1779291828,41.95,12.47,76.02,1
35da1a73,1779291888,51.22,22.13,82.84,1
3e7dc2e9,1779291948,49.25,30.89,82.83,1
cb2bff66,1779292008,46.54,47.94,8.65,1
eeeffff1,1779292068,51.71,31.36,59.46,1
4af90fa5,1779292128,89.1,-9.01,43.4,0
343f115a,1779292188,56.22,28.73,54.66,1
2c994526,1779292248,50.28,44.31,14.33,0
324c3bce,1779292308,17.9,-2.78,93.18,1
048b41b3,1779292368,21.11,19.92,8.6,1
6705b043,1779292428,56.24,31.62,78.45,1
60e673c1,1779292488,41.14,45.86,58.34,1
60b42eed,1779292548,71.87,26.03,69.38,0
27f2b3ce,1779292608,42.58,48.28,40.06,1
91380af8,1779292668,72.28,-4.41,52.79,0
6c237879,1779292728,19.96,-6.9,33.27,1
4772df7f,1779292788,45.35,40.27,55.38,1
7d20ef0a,1779292848,45.85,-9.39,52.81,1
18d6cef0,1779292908,73.1,28.7,90.05,0
7f038565,1779292968,19.07,33.22,49.34,1
243c01cc,1779293028,41.75,19.21,65.68,1
882722a4,1779293088,32.94,34.06,49.66,1
a86d70ed,1779293148,13.0,8.6,63.97,1
3e9f111d,1779293208,47.29,27.43,80.63,1
52b7206d,1779293268,32.82,14.06,55.99,1
f7e838fd,1779293328,10.0,40.88,74.13,1
7779625c,1779293388,40.38,-2.51,39.8,1
bd78fcec,1779293448,37.84,6.35,57.99,1
1d2f1ea7,1779293508,36.44,22.62,10.69,1
b3cb3edf,1779293568,54.54,20.54,24.56,1
b8b7424f,1779293628,73.11,22.74,49.71,0
682b4352,1779293688,59.99,40.71,57.0,0
e4b71f98,1779293748,13.69,29.8,43.86,1
0bf6aa86,1779293808,50.95,42.9,62.88,0
9aace12f,1779293868,26.77,44.38,25.87,1
77c7f557,1779293928,42.98,21.86,89.98,1
9e19fe31,1779293988,52.96,5.32,78.34,1
d72a55dc,1779294048,67.45,-4.2,4.91,1
12ab28f4,1779294108,37.82,14.3,66.08,1
166e9079,1779294168,46.3,40.52,87.84,1
0aac58fc,1779294228,58.47,2.57,57.66,1
5961ac49,1779294288,29.84,49.08,75.18,1
2e316d8f,1779294348,66.05,20.3,60.06,1
8ab904de,1779294408,0.0,10.09,31.6,1
e117dd97,1779294468,0.0,-7.8,93.97,1
0fba16b4,1779294528,29.3,42.05,46.17,1
d83e572f,1779294588,85.47,47.41,70.64,0
1a4368dc,1779294648,26.04,14.2,48.5,1
8c9b0ef7,1779294708,74.02,23.6,58.58,0
ff50e7cf,1779294768,75.42,20.35,42.58,0
953386e1,1779294828,56.71,44.68,36.38,0
d9a5b87e,1779294888,57.23,12.62,82.84,1
2a6acf32,1779294948,48.41,35.12,42.68,1
20924ce8,1779295008,18.32,45.88,46.61,1
7a7fe8cd,1779295068,61.8,-1.79,81.94,1
43893398,1779295128,27.6,40.56,65.42,1
eb2129a3,1779295188,94.66,46.23,52.18,0
ac0d5302,1779295248,62.94,31.33,46.54,1
55b800a9,1779295308,50.16,36.85,37.74,0
fc9176ba,1779295368,60.61,-6.82,53.57,1
f5d93f5f,1779295428,63.35,8.91,86.01,1
5b379eea,1779295488,72.71,46.03,74.22,0
79d87a03,1779295548,86.09,26.16,39.48,0
c790c837,1779295608,74.71,-9.81,61.28,0
bf9fd472,1779295668,57.81,0.7,24.42,1
1f4828e4,1779295728,56.41,18.67,74.18,1
57f535c1,1779295788,44.82,23.52,86.54,1
1edbdb1c,1779295848,60.48,18.74,44.03,1
f28f954a,1779295908,42.35,2.58,22.29,1
bca92698,1779295968,50.87,27.14,82.37,1
04ceb38c,1779296028,66.37,49.61,27.86,0
20a5c012,1779296088,52.45,49.42,80.58,0
5a40c458,1779296148,25.84,14.34,73.36,1
8c1b189b,1779296208,19.56,35.63,34.16,1
e45d94dd,1779296268,37.67,42.65,61.8,1
afdcc9de,1779296328,35.88,21.96,72.58,1
ed18d221,1779296388,31.63,26.66,43.14,1
701c2ed4,1779296448,44.9,20.93,74.32,1
9dee1d84,1779296508,75.63,31.32,58.18,0
9c3dfd93,1779296568,39.68,15.74,25.55,1
71168bb8,1779296628,100.0,23.8,62.93,0
1ea06da5,1779296688,53.85,-9.18,46.18,1
c4609372,1779296748,62.23,8.24,56.04,1
eeafcbab,1779296808,75.4,35.7,30.66,0
2e66cfc3,1779296868,75.93,-7.59,60.08,0
1465f8f6,1779296928,43.99,39.97,78.62,1
468a1e8c,1779296988,25.4,45.08,70.43,1
83745791,1779297048,29.76,38.85,43.89,1
f5d73d98,1779297108,44.53,20.22,53.79,1
ce558402,1779297168,43.26,22.86,65.06,1
1aa5e62a,1779297228,68.27,46.13,68.56,0
818b62fe,1779297288,65.63,16.02,83.29,1
fce84114,1779297348,58.43,49.56,47.53,0
846e2ee1,1779297408,100.0,31.38,58.42,0
fc3cd347,1779297468,61.35,3.4,94.34,1
500dacd7,1779297528,53.67,4.21,66.6,1
2a0f2064,1779297588,63.68,43.25,55.39,0
cedd07ee,1779297648,38.1,-7.09,58.04,1
e1aa5060,1779297708,71.25,25.05,31.55,0
e48c59c5,1779297768,84.91,-8.86,77.2,0
a2c9581f,1779297828,42.96,-0.71,44.18,1
addb4573,1779297888,55.25,38.92,47.35,0
51ebca24,1779297948,67.91,29.95,71.42,1
89dcadf3,1779298008,27.39,49.58,78.66,1
078dd432,1779298068,36.65,7.34,48.15,1
368ec76b,1779298128,63.3,21.2,84.32,1
5759ac28,1779298188,46.26,10.03,67.26,1
ffc118d4,1779298248,48.03,46.76,61.6,1
b0d02328,1779298308,69.94,10.21,60.28,1
c7f5b1e0,1779298368,46.39,27.61,96.47,1
62a1184c,1779298428,63.04,31.53,60.1,1
313c2a1d,1779298488,58.8,7.64,55.73,1
74a010de,1779298548,29.87,44.0,54.8,1
d366e0d1,1779298608,25.21,45.22,42.41,1
ad7479e5,1779298668,40.75,36.16,66.3,1
16c0ed24,1779298728,54.67,30.15,85.64,1
eebae727,1779298788,98.1,-7.95,58.61,0
3286b069,1779298848,20.6,39.41,56.99,1
84e91f47,1779298908,38.3,15.73,21.99,1
b9b366aa,1779298968,47.32,37.34,91.03,1
c8aadacf,1779299028,66.11,-5.51,61.49,1
2cbd280c,1779299088,20.07,39.53,93.46,1
615e7087,1779299148,73.14,31.11,30.79,0
7bdaf25e,1779299208,81.85,21.45,41.0,0
7ce86e31,1779299268,63.51,39.09,51.35,0
52710924,1779299328,86.95,5.47,25.32,0
e7bcd8e1,1779299388,22.11,40.64,82.18,1
3ff64410,1779299448,29.65,20.5,47.8,1
3ddbda5d,1779299508,66.01,4.48,45.58,1
2890b679,1779299568,66.0,49.17,93.76,0
6288c095,1779299628,34.94,35.2,87.6,1
dd5dc2ae,1779299688,12.79,23.47,64.0,1
379209ec,1779299748,100.0,23.06,38.29,0
e72b3638,1779299808,51.56,40.77,71.01,0
d4a5f953,1779299868,34.04,18.22,22.84,1
0ba9baa6,1779299928,30.23,25.91,30.89,1
ab7c4ce1,1779299988,96.23,11.11,81.74,0
53cadce6,1779300048,73.78,-2.03,28.6,0
492ee9ef,1779300108,48.59,-8.83,58.13,1
08293637,1779300168,68.7,-6.33,35.42,1
0304f211,1779300228,70.93,37.48,57.44,0
cf689613,1779300288,61.83,9.78,55.66,1
7f5729ff,1779300348,47.5,29.98,81.7,1
6152b490,1779300408,23.97,2.0,71.67,1
33ec6f00,1779300468,71.84,-9.4,58.71,0
7f295cf0,1779300528,100.0,31.21,52.95,0
0c71222e,1779300588,47.03,25.03,47.09,1
2fa0c441,1779300648,56.9,-0.29,100.0,1
faac1087,1779300708,71.62,-9.06,61.48,0
4c8bdf5b,1779300768,34.54,-9.61,64.14,1
5edaa256,1779300828,43.77,38.14,37.4,1
e7ad1ed8,1779300888,70.67,14.67,31.29,0
dc7d7f11,1779300948,52.13,37.85,28.27,0
6a7d5f7b,1779301008,57.25,10.31,65.56,1
4db5ded9,1779301068,34.5,34.31,72.64,1
991b5029,1779301128,99.58,32.11,43.99,0
ef10938b,1779301188,22.31,-8.77,67.61,1
c41d22b7,1779301248,55.68,26.21,38.19,1
b85a58e1,1779301308,27.27,36.43,91.92,1
81e9aa8a,1779301368,60.41,31.18,63.95,1
402ab3ba,1779301428,23.08,22.11,74.12,1
bca5602b,1779301488,94.49,49.81,71.12,0
ffa6723b,1779301548,54.05,-1.82,54.37,1
0a757d58,1779301608,12.22,17.44,81.11,1
42c1f773,1779301668,60.86,25.17,53.25,1
d57f703a,1779301728,52.66,-2.57,72.7,1
ade26701,1779301788,32.16,8.43,93.11,1
e219f730,1779301848,56.12,-6.17,55.02,1
c4a49a94,1779301908,24.66,-0.35,38.0,1
166bf791,1779301968,42.33,8.06,60.1,1
68dcb84c,1779302028,45.3,11.63,68.6,1
7789d081,1779302088,100.0,38.52,37.4,0
9632fcc6,1779302148,56.96,35.45,55.36,0
ffb195b7,1779302208,38.93,-8.7,64.77,1
c4af0064,1779302268,75.95,25.07,65.37,0
3f3dda83,1779302328,49.44,31.98,59.69,1
49b10a67,1779302388,29.95,-8.31,70.86,1
4a7b3108,1779302448,89.6,32.36,24.88,0
6090d13e,1779302508,60.86,-3.35,84.37,1
eeb1d852,1779302568,76.28,41.07,43.42,0
d09a3e31,1779302628,21.56,47.23,76.27,1
2f25b7f1,1779302688,23.22,-3.41,57.15,1
61742339,1779302748,29.25,-4.33,99.32,1
ba9514ee,1779302808,70.04,33.52,72.87,0
d97d0555,1779302868,65.85,-9.36,40.1,1
774c21e6,1779302928,29.1,40.11,27.8,1
59d4eab6,1779302988,49.6,46.94,15.82,1
ed7a5f26,1779303048,39.58,37.34,52.2,1
3743fc8a,1779303108,9.46,-4.46,64.88,1
bf05e78e,1779303168,16.22,20.67,43.23,1
a45e798e,1779303228,65.51,42.61,56.34,0
089dca36,1779303288,89.42,-4.73,43.24,0
843c079e,1779303348,46.76,1.24,100.0,1
eb26feb7,1779303408,79.77,29.12,95.23,0
26dedd0c,1779303468,51.12,25.7,51.25,1
1012a637,1779303528,34.57,6.57,47.62,1
5e8cc69d,1779303588,69.39,40.75,90.9,0
72bbec34,1779303648,62.94,34.62,54.87,0
6b4858fa,1779303708,29.53,5.42,55.75,1
6362a885,1779303768,48.0,9.79,63.86,1
bad18fa8,1779303828,62.96,6.54,49.51,1
34e960b6,1779303888,27.85,16.02,24.88,1
df842401,1779303948,52.77,38.87,7.45,0
e93d19dd,1779304008,62.53,-3.93,70.73,1
7d357658,1779304068,42.87,-2.52,64.5,1
cfdbde47,1779304128,76.11,49.36,62.92,0
e19422a6,1779304188,88.32,35.27,90.04,0
4c8ee569,1779304248,34.56,35.57,50.06,1
24318f41,1779304308,27.84,8.89,52.47,1
3db09c14,1779304368,57.99,31.88,58.06,1
43d5fb83,1779304428,62.43,44.19,60.65,0
af9b47ee,1779304488,72.83,14.26,60.54,0
c7a9640a,1779304548,31.53,29.74,45.1,1
7549c66b,1779304608,100.0,31.16,60.29,0
8567a91f,1779304668,15.7,27.95,62.9,1
1f3106fe,1779304728,100.0,8.15,86.35,0
3ae533b8,1779304788,76.61,49.88,69.03,0
5be577c3,1779304848,55.14,1.61,84.18,1
c60e239a,1779304908,60.72,2.71,63.56,1
50154a9d,1779304968,33.75,34.2,50.96,1
e6588081,1779305028,33.66,42.5,57.21,1
e6a9d9f3,1779305088,1.97,10.64,73.12,1
31001a77,1779305148,40.45,10.22,24.0,1
0534225b,1779305208,87.77,30.47,65.3,0
e292a0f2,1779305268,56.49,40.41,22.85,0
ff462d42,1779305328,100.0,2.68,76.43,0
9af9e797,1779305388,69.17,45.4,85.71,0
644c046a,1779305448,63.0,-4.98,46.31,1
4057ed54,1779305508,91.63,13.3,100.0,0
53b1b6c1,1779305568,12.44,34.61,62.14,1
eb98bf61,1779305628,58.03,-0.85,66.53,1
d5d01189,1779305688,61.77,21.87,74.7,1
1ba86d45,1779305748,38.58,21.72,65.19,1
61817596,1779305808,60.9,46.02,73.35,0
de3c9bd1,1779305868,68.26,9.51,54.42,1
4a1ce24a,1779305928,72.82,-8.9,77.97,0
2b974377,1779305988,86.08,2.08,64.25,0
47ea5eb7,1779306048,100.0,-0.39,53.19,0
84086fd1,1779306108,32.08,2.66,79.9,1
2ee15fc1,1779306168,0.0,45.22,87.07,1
38980e78,1779306228,48.86,11.56,80.89,1
87d574da,1779306288,20.55,22.67,42.31,1
f5372540,1779306348,34.82,1.41,79.57,1
ca99da62,1779306408,30.86,32.08,59.13,1
3e708292,1779306468,32.44,8.03,100.0,1
edbd8b11,1779306528,42.11,42.84,78.93,1
af403a38,1779306588,37.05,39.89,65.99,1
9d85ee28,1779306648,58.63,29.76,41.36,1
0d5b7016,1779306708,71.41,29.57,79.19,0
a5f4ff34,1779306768,60.44,5.65,89.62,1
6824bca3,1779306828,84.42,15.63,43.94,0
5734cf96,1779306888,57.41,23.11,61.89,1
d5feab25,1779306948,0.0,5.4,61.5,1
99c5a045,1779307008,15.49,-4.76,55.35,1
456311b2,1779307068,64.1,46.21,66.23,0
1c1ccb5d,1779307128,36.51,34.45,62.85,1
fbc5ce0e,1779307188,58.03,36.76,45.24,0
ac48540d,1779307248,72.03,5.7,81.72,0
70932f4a,1779307308,42.91,-2.19,72.26,1
a1eefccf,1779307368,36.91,43.08,74.63,1
077dca1e,1779307428,77.01,11.92,84.89,0
b97debfe,1779307488,39.33,26.02,38.0,1
2fc8b8f9,1779307548,14.54,-1.56,58.33,1
f169c088,1779307608,45.2,24.62,57.03,1
9d721799,1779307668,54.52,41.04,45.18,0
8be8f329,1779307728,22.22,0.57,53.11,1
fcb84ba0,1779307788,53.29,-7.66,81.85,1
bdfe29e8,1779307848,83.26,33.57,57.02,0
80ec30f4,1779307908,78.62,-2.78,59.29,0
2b960969,1779307968,71.91,22.63,71.48,0
73aa80ba,1779308028,66.28,11.33,97.66,1
867ca923,1779308088,10.2,16.42,69.04,1
1f88ebd6,1779308148,34.03,9.31,52.57,1
c20805ea,1779308208,41.28,34.88,80.65,1
82a42b96,1779308268,42.79,-3.11,35.21,1
3d540b30,1779308328,58.1,26.45,40.07,1
ac26a399,1779308388,46.7,41.8,30.39,1
2d1c65d4,1779308448,38.57,48.8,63.11,1
617867ad,1779308508,34.13,15.8,100.0,1
2dd71a05,1779308568,28.87,45.8,63.02,1
16685e33,1779308628,21.15,23.75,69.17,1
310a261c,1779308688,86.18,25.02,85.44,0
533012b8,1779308748,59.9,-6.61,35.76,1
fb80217c,1779308808,76.33,29.32,100.0,0
0212047a,1779308868,60.06,-5.48,72.99,1
1dc3ec81,1779308928,83.99,8.78,59.11,0
dc07c14d,1779308988,89.8,44.92,43.72,0
1db9296d,1779309048,33.85,11.31,80.52,1
d32740d5,1779309108,27.1,1.64,58.96,1
cebabb08,1779309168,55.9,28.02,83.03,1
5735623b,1779309228,61.32,42.08,51.39,0
50c28e6b,1779309288,71.8,40.69,60.99,0
1057fca9,1779309348,73.0,-3.68,78.18,0
ff4397b0,1779309408,43.73,-9.48,57.35,1
a4c1e6ad,1779309468,14.32,19.83,70.57,1
0c83b916,1779309528,50.78,-5.06,61.27,1
a8fe9e6e,1779309588,79.14,3.13,87.07,0
47279574,1779309648,43.16,19.37,63.42,1
731e1dc0,1779309708,33.64,10.5,69.65,1
6c83b023,1779309768,61.84,-6.47,47.94,1
d796df2c,1779309828,23.26,11.61,73.17,1
52aac442,1779309888,100.0,30.12,49.44,0
fb278826,1779309948,0.0,43.46,74.7,1
8b36e777,1779310008,48.32,36.53,43.35,1
2697d4d2,1779310068,53.73,39.18,53.63,0
1f91c75c,1779310128,37.14,4.02,39.16,1
2fdd74bc,1779310188,52.54,7.82,66.2,1
b394df5e,1779310248,53.01,7.08,64.3,1
6b5c9a54,1779310308,19.46,48.26,50.15,1
826c1d1e,1779310368,74.07,10.79,60.84,0
e6217425,1779310428,81.27,35.14,47.54,0
28866d78,1779310488,42.62,17.93,72.29,1
1578e974,1779310548,58.85,13.61,69.28,1
ca34bd7e,1779310608,33.64,7.17,72.59,1
ccdd3d1e,1779310668,0.0,21.23,51.91,1
c4e82fa9,1779310728,0.4,0.51,70.55,1
9b22dfe9,1779310788,36.97,20.35,87.97,1
4454a22b,1779310848,67.67,32.45,64.99,0
d05840e0,1779310908,49.6,48.18,65.64,1
6a966bdd,1779310968,3.15,9.88,100.0,1
652e5a15,1779311028,20.42,-3.7,73.8,1
46be0268,1779311088,76.97,7.56,16.81,0
fab6d23c,1779311148,26.78,5.64,57.24,1
79bcfb9f,1779311208,51.99,35.06,47.9,0
54494a73,1779311268,37.25,-9.0,36.5,1
8b7f0d4c,1779311328,61.37,-6.2,71.03,1
189fe655,1779311388,60.87,13.52,57.42,1
5108566f,1779311448,0.0,25.77,67.88,1
6da07db5,1779311508,37.9,19.67,87.8,1
81fcb34c,1779311568,39.0,-9.27,95.79,1
dfe7f4ae,1779311628,58.91,21.38,60.3,1
8e5e25f8,1779311688,66.47,49.79,55.42,0
4d89a78b,1779311748,100.0,22.34,86.75,0
77483f27,1779311808,33.58,30.15,93.52,1
d634d0ac,1779311868,41.02,40.16,48.4,1
25d9990c,1779311928,52.2,-8.1,78.21,1
b86f3e9f,1779311988,55.1,14.84,68.62,1
47924070,1779312048,15.39,17.92,98.79,1
5e59fa97,1779312108,28.95,3.2,51.12,1
22b6f9d6,1779312168,46.61,26.47,59.03,1
62c4a574,1779312228,27.88,25.7,63.02,1
6728fb27,1779312288,36.36,7.76,56.34,1
21165ef3,1779312348,56.54,29.67,19.88,1
1558845a,1779312408,29.17,9.31,76.33,1
1a00dac8,1779312468,24.75,49.98,31.8,1
e3b4b0a4,1779312528,29.92,13.38,93.09,1
edcc2dfd,1779312588,0.0,39.7,52.73,1
e4317f87,1779312648,3.76,36.49,53.67,1
43b81d33,1779312708,43.81,30.07,82.06,1
f9173459,1779312768,51.17,-7.3,46.01,1
75a4f60c,1779312828,52.09,8.2,53.02,1
ca0ded4f,1779312888,61.58,-1.64,65.67,1
e50d153f,1779312948,52.88,-3.27,95.67,1
11507f0d,1779313008,79.03,20.94,92.16,0
a0f1c2e3,1779313068,50.98,49.43,75.87,0
f3bc51e8,1779313128,24.35,18.23,60.49,1
2b95bc32,1779313188,59.35,31.59,35.54,1
b76cb3bb,1779313248,26.92,18.12,58.55,1
746d4d08,1779313308,56.02,37.42,48.93,0
0197a9ee,1779313368,100.0,45.35,83.85,0
fa062fb8,1779313428,24.95,16.18,67.19,1
02d4bd57,1779313488,82.64,41.78,80.18,0
a8f88e28,1779313548,60.08,34.1,78.01,0
b4f0d79b,1779313608,13.42,41.61,64.87,1
d56828cd,1779313668,95.76,29.17,49.84,0
1013b25b,1779313728,22.05,10.55,44.32,1
104023c3,1779313788,59.69,5.21,86.65,1
88044112,1779313848,36.32,33.88,95.8,1
01b2c614,1779313908,52.47,16.52,63.38,1
c63ed7b5,1779313968,58.96,17.64,51.83,1
b4003632,1779314028,54.88,7.51,52.43,1
badfe489,1779314088,4.79,32.98,57.21,1
eab9a8f0,1779314148,76.7,2.6,75.03,0
2885a54a,1779314208,27.85,34.8,59.55,1
f9691197,1779314268,63.87,10.81,72.93,1
f99083de,1779314328,52.17,27.22,74.86,1
920bc740,1779314388,67.86,41.41,98.33,0
dcaadd51,1779314448,69.85,24.94,64.27,1
f431ee27,1779314508,79.04,49.13,81.18,0
e2fae49a,1779314568,46.8,4.35,44.77,1
0e27c7ff,1779314628,79.3,47.98,69.96,0
a9dbce1a,1779314688,86.47,45.02,55.37,0
b115d7b5,1779314748,22.41,26.47,75.73,1
ccd48b1a,1779314808,70.6,2.02,66.06,0
941857b5,1779314868,43.14,15.23,53.52,1
00b9d9e7,1779314928,93.06,7.52,89.72,0
5182b831,1779314988,19.51,32.15,19.93,1
6ce8b2c2,1779315048,22.06,14.85,90.95,1
9ed335b9,1779315108,19.53,17.49,46.0,1
43367382,1779315168,77.8,36.73,77.14,0
d0ed4c4a,1779315228,83.06,-9.61,47.48,0
bb295ce0,1779315288,86.23,27.8,57.74,0
c41e7696,1779315348,100.0,44.42,52.19,0
432b5b02,1779315408,84.09,48.84,66.04,0
7afd0566,1779315468,65.29,-7.75,94.3,1
078494f9,1779315528,75.97,37.83,20.16,0
f504f596,1779315588,63.51,6.31,58.55,1
2486c4e8,1779315648,37.2,19.16,90.92,1
340c4d93,1779315708,34.31,-4.19,78.63,1
34591e5b,1779315768,100.0,37.83,97.49,0
6a57a2e2,1779315828,92.34,49.15,77.13,0
bbe157d6,1779315888,52.93,21.31,64.88,1
47f58dbe,1779315948,40.63,25.11,38.1,1
6c241067,1779316008,70.66,32.85,87.5,0
f3da5c76,1779316068,91.09,-1.38,49.77,0
f1f3f5c3,1779316128,42.33,43.45,53.86,1
1af19326,1779316188,45.36,44.96,28.66,1
897513f9,1779316248,16.0,7.05,68.06,1
e172810f,1779316308,46.6,25.22,75.69,1
6f613e9b,1779316368,0.0,3.4,45.38,1
df22c6ef,1779316428,78.35,6.49,79.35,0
34f1bc18,1779316488,61.56,45.24,67.54,0
22d89631,1779316548,37.61,41.62,42.87,1
dc5a0dec,1779316608,40.53,14.87,76.2,1
5bf25fb8,1779316668,79.23,10.27,56.4,0
6b9cd825,1779316728,56.39,21.64,77.15,1
91fabba5,1779316788,21.42,27.44,44.44,1
b34d672a,1779316848,71.55,19.5,57.77,0
ab81498d,1779316908,0.0,37.36,67.49,1
21575b6e,1779316968,9.57,41.72,49.46,1
8d1e353a,1779317028,89.5,26.65,93.43,0
e4052ea4,1779317088,25.87,-7.97,82.6,1
4a3c2900,1779317148,43.07,33.31,64.64,1
8a134587,1779317208,44.7,-6.22,45.8,1
483bf367,1779317268,100.0,0.29,66.22,0
540e4bb7,1779317328,65.72,16.54,56.25,1
f0415728,1779317388,53.42,38.74,58.92,0
b9f90d76,1779317448,46.69,3.95,61.7,1
945dad1a,1779317508,50.02,13.87,71.21,1
f39b2f04,1779317568,4.32,10.99,35.58,1
b6f9cf96,1779317628,24.91,0.37,46.68,1
ac7460bb,1779317688,66.61,20.53,64.45,1
b57665d3,1779317748,29.25,39.81,50.16,1
662a9cbe,1779317808,48.48,7.46,63.81,1
6c4450ba,1779317868,84.25,17.32,70.1,0
aeca07a3,1779317928,85.42,47.64,77.02,0
7d59892f,1779317988,87.71,24.34,45.42,0
85b8fa02,1779318048,97.95,13.75,57.42,0
3c9981d0,1779318108,49.2,21.31,38.46,1
4ae47513,1779318168,38.24,-0.7,31.75,1
1c00f1f0,1779318228,2.39,19.36,67.09,1
48e0909e,1779318288,65.44,10.44,84.45,1
a6117ebf,1779318348,0.0,34.51,54.34,1
033445b3,1779318408,42.27,14.44,78.03,1
693f0ed5,1779318468,69.53,31.55,57.53,1
26f268a5,1779318528,31.94,3.82,48.43,1
02ffdb17,1779318588,28.33,29.51,44.81,1
9f7a062d,1779318648,43.36,27.5,41.89,1
fb3245e6,1779318708,41.47,-5.09,56.72,1
0cf910a6,1779318768,37.0,13.46,63.77,1
cb79a3d5,1779318828,64.45,21.37,27.2,1
fdbf9b36,1779318888,0.59,-1.73,55.98,1
81c50052,1779318948,63.6,46.65,66.94,0
bae1ac2e,1779319008,71.24,-6.72,42.67,0
e70697d5,1779319068,13.94,36.13,85.39,1
9f913c06,1779319128,41.2,21.54,78.91,1
38ba7c74,1779319188,44.75,11.65,40.67,1
c9a0ca65,1779319248,59.55,43.41,40.19,0
ad22b9b3,1779319308,60.94,6.59,51.07,1
23589320,1779319368,55.39,37.12,68.71,0
3d1b13ac,1779319428,54.0,39.27,43.97,0
23f848e7,1779319488,88.47,-3.56,78.23,0
a02549df,1779319548,28.56,35.76,54.96,1
12f193e4,1779319608,56.96,-0.33,82.25,1
6471373b,1779319668,100.0,38.79,73.51,0
82937e0e,1779319728,24.35,46.4,56.41,1
2a37c7d3,1779319788,100.0,46.0,77.27,0
db7a2075,1779319848,53.01,7.86,74.41,1
f3f69c6d,1779319908,83.72,14.95,18.72,0
08aa70e1,1779319968,48.87,39.41,80.05,1
0e96a188,1779320028,58.58,33.33,67.2,0
4e7fb5c7,1779320088,41.78,-3.12,80.7,1
7edb45bd,1779320148,49.84,-2.36,84.61,1
c9d86547,1779320208,70.9,2.23,79.9,0
7799d69e,1779320268,38.13,37.58,75.06,1
ce056683,1779320328,93.79,12.88,58.31,0
9516871d,1779320388,74.59,-7.88,51.19,0
c54d6eee,1779320448,51.09,15.95,62.8,1
676cec0f,1779320508,27.43,20.84,66.13,1
d1ffb801,1779320568,37.68,29.15,93.68,1
bfbb3464,1779320628,46.4,48.81,31.24,1
75ed1280,1779320688,62.99,24.54,36.8,1
1817895b,1779320748,100.0,20.13,82.69,0
b4de2fae,1779320808,40.02,14.8,68.01,1
be1c6064,1779320868,42.61,13.67,78.18,1
86724871,1779320928,100.0,5.65,49.42,0
76e4fa7d,1779320988,7.04,35.87,50.56,1
24660c74,1779321048,37.72,16.29,65.99,1
8a5149f7,1779321108,72.54,36.76,24.73,0
a65707e4,1779321168,53.26,30.47,64.3,1
0294ea71,1779321228,100.0,-4.35,44.92,0
97e645fd,1779321288,52.88,-7.59,80.18,1
b8cfce08,1779321348,49.47,42.12,76.69,1
76b0d262,1779321408,57.27,-6.32,66.57,1
d5d17cd4,1779321468,63.06,43.94,52.96,0
a9225cb9,1779321528,0.0,0.51,28.22,1
bf6aaac7,1779321588,63.87,4.57,38.67,1
785b36fa,1779321648,50.05,19.28,55.71,1
f3c382e9,1779321708,49.49,14.7,34.85,1
e160c525,1779321768,51.58,-0.89,64.84,1
e183c39f,1779321828,51.29,4.09,47.74,1
7ba4ac5e,1779321888,23.96,29.01,43.75,1
bfd781f8,1779321948,30.06,21.59,62.02,1
4e8fd7d8,1779322008,54.72,47.04,78.78,0
9977dc99,1779322068,72.66,20.92,98.75,0
d1e30f7d,1779322128,32.12,-8.74,65.04,1
62180205,1779322188,53.31,26.84,49.13,1
42ef06ef,1779322248,1.25,21.9,59.93,1
0134ab53,1779322308,40.13,6.95,60.27,1
93b18569,1779322368,67.59,26.18,52.64,1
daea720e,1779322428,12.62,34.3,54.95,1
4d85db4a,1779322488,44.92,0.52,66.2,1
1ccefe95,1779322548,28.96,15.2,79.53,1
4afb2f1c,1779322608,75.99,36.28,53.17,0
ac8b668a,1779322668,10.39,46.28,72.53,1
6fbdca12,1779322728,54.85,24.81,61.26,1
cd6f5394,1779322788,61.5,10.24,69.44,1
43c54989,1779322848,80.76,23.73,33.23,0
26311a06,1779322908,63.21,26.18,67.55,1
112c1bde,1779322968,35.83,3.72,79.08,1
df43676e,1779323028,95.72,1.23,45.73,0
98e98d86,1779323088,26.36,37.73,92.2,1
868c0eb1,1779323148,52.07,28.99,55.44,1
0b828933,1779323208,53.12,37.78,65.16,0
c2e0e7d7,1779323268,57.05,7.41,73.03,1
484159e1,1779323328,59.5,15.47,71.35,1
b56129f7,1779323388,67.66,48.54,68.09,0
231fe20c,1779323448,46.85,15.3,66.53,1
c190af1e,1779323508,42.68,42.95,50.95,1
89550f23,1779323568,82.72,29.96,29.78,0
c332be90,1779323628,34.86,8.29,70.76,1
fa5cf477,1779323688,0.0,48.97,44.1,1
3fe979ee,1779323748,48.09,42.76,85.21,1
4dc5ee08,1779323808,79.07,3.42,47.6,0
599d6df3,1779323868,43.91,-3.55,90.47,1
e3efb0f7,1779323928,33.38,34.96,29.14,1
e39064c6,1779323988,55.32,32.96,48.61,0
70cd3a95,1779324048,80.5,0.69,74.41,0
e6639c13,1779324108,65.98,26.65,62.52,1
73f46e63,1779324168,86.44,9.99,73.73,0
02e58fe2,1779324228,62.67,-9.35,64.88,1
3bd324e9,1779324288,41.84,17.36,68.59,1
b39c8bf5,1779324348,57.08,43.52,66.16,0
57596a4d,1779324408,47.94,29.38,73.74,1
94d107d3,1779324468,9.82,15.9,36.42,1
df7cc635,1779324528,50.25,38.84,93.97,0
43aa5de2,1779324588,25.63,17.4,100.0,1
e55db3ff,1779324648,54.91,43.14,86.25,0
655cc10a,1779324708,60.94,35.27,95.25,0
b0d93ec3,1779324768,46.93,4.13,43.63,1
d8398b34,1779324828,50.73,29.74,66.69,1
3a016305,1779324888,26.41,10.13,36.58,1
e63ea704,1779324948,43.73,21.06,97.91,1
457977b4,1779325008,85.56,-4.58,69.74,0
5f4ac54d,1779325068,58.37,30.15,89.33,1
7f385ae9,1779325128,27.42,3.87,25.62,1
1e914246,1779325188,49.94,49.76,68.22,1
eb74c72c,1779325248,12.0,20.45,58.89,1
0215df8b,1779325308,64.38,26.59,76.23,1
0fd38055,1779325368,72.72,24.88,45.57,0
d87bef51,1779325428,50.45,32.67,30.99,0
be6dd26c,1779325488,10.15,42.49,60.61,1
b7f8f501,1779325548,61.06,5.96,41.56,1
75104ba2,1779325608,63.12,4.43,56.58,1
514d4296,1779325668,100.0,9.64,61.46,0
23fc347d,1779325728,40.36,41.44,63.34,1
3c77bc77,1779325788,45.46,13.96,71.03,1
495d97be,1779325848,35.28,8.84,67.91,1
6b3fe903,1779325908,46.98,23.12,39.6,1
4169111a,1779325968,31.12,-6.42,97.93,1
d16833bc,1779326028,92.67,41.28,3.35,0
3936420d,1779326088,41.29,2.55,63.85,1
d4c9dd3e,1779326148,32.2,17.41,53.02,1
bdc989c1,1779326208,50.27,34.51,67.09,0
820770cb,1779326268,71.53,2.94,69.01,0
62207073,1779326328,62.31,0.29,66.56,1
35640780,1779326388,55.03,36.85,58.69,0
1c86dfe3,1779326448,62.55,14.26,25.86,1
42b7fbd5,1779326508,0.0,6.76,56.93,1
ed29fd0f,1779326568,77.42,42.44,73.76,0
3941cf3d,1779326628,58.17,5.29,53.03,1
2b59d763,1779326688,72.19,17.27,56.79,0
48d73acc,1779326748,38.6,18.38,51.88,1
b5bd74b3,1779326808,59.18,34.87,65.6,0
0a75bee5,1779326868,45.9,45.3,73.63,1
ebf35fae,1779326928,55.04,34.14,52.05,0
a2f7828f,1779326988,75.38,11.99,18.35,0
5215943b,1779327048,34.49,3.32,45.0,1
cd1925ff,1779327108,72.24,44.76,62.14,0
35f908ff,1779327168,29.6,-4.31,43.02,1
ef8febef,1779327228,84.69,24.69,24.72,0
b0571d38,1779327288,0.0,32.39,70.89,1
b0e68854,1779327348,37.84,-4.87,80.67,1
850af77b,1779327408,31.29,18.04,51.59,1
ce02d12a,1779327468,46.74,3.26,35.88,1
85500d89,1779327528,18.79,-9.94,64.14,1
cfd288ac,1779327588,59.55,-4.06,76.45,1
ba94fd6c,1779327648,77.04,18.4,91.79,0
6ea4709b,1779327708,73.71,4.71,56.04,0
519acaf6,1779327768,8.74,36.27,40.36,1
842db210,1779327828,76.34,48.97,76.55,0
1ff33792,1779327888,58.46,43.03,63.87,0
21c4d37e,1779327948,44.75,-9.34,60.32,1
4caa44a0,1779328008,0.0,17.07,90.89,1
c867f8e9,1779328068,68.97,11.55,56.38,1
1fbfcbca,1779328128,0.0,35.66,59.44,1
8e41a6e0,1779328188,25.0,-3.85,84.26,1
4b5d6008,1779328248,34.6,7.68,52.15,1
750db9cb,1779328308,69.34,47.27,33.24,0
3e8bc7ee,1779328368,62.29,37.05,64.28,0
019c9b1a,1779328428,35.04,9.49,91.74,1
730fa3f6,1779328488,44.22,37.55,59.55,1
25593fe0,1779328548,52.0,31.11,88.03,1
c45b1a0b,1779328608,52.11,20.19,76.99,1
3949f5da,1779328668,24.54,37.79,38.11,1
eb5761ce,1779328728,19.34,-4.33,56.28,1
5607d810,1779328788,0.0,29.21,21.92,1
322a6827,1779328848,21.16,20.47,58.13,1
d77e4cd7,1779328908,70.55,34.92,93.24,0
726acdfe,1779328968,76.19,4.8,67.3,0
fb12774a,1779329028,70.96,13.85,74.29,0
4d6901f6,1779329088,88.99,-4.4,37.06,0
c6d1c90f,1779329148,63.98,-4.1,38.92,1
ca215319,1779329208,78.52,43.25,69.03,0
0d515ed4,1779329268,66.7,1.69,50.8,1
04e1dae8,1779329328,84.91,32.83,18.46,0
31e93fee,1779329388,9.69,36.5,84.53,1
d0a93509,1779329448,19.56,-1.24,73.91,1
f7cb9e25,1779329508,29.68,0.14,100.0,1
867033aa,1779329568,19.9,-3.51,38.77,1
7b48ce30,1779329628,88.9,24.53,65.54,0
60af6135,1779329688,46.29,16.14,62.6,1
ee36023b,1779329748,89.85,31.75,79.82,0
9d3a8bea,1779329808,71.36,-4.35,85.83,0
3d4876f2,1779329868,77.17,49.61,78.89,0
770d4071,1779329928,77.36,20.89,82.66,0
54ac4605,1779329988,63.32,-5.26,86.44,1
913c7528,1779330048,73.56,36.53,80.49,0
74239094,1779330108,58.66,7.74,43.08,1
501aa0dc,1779330168,30.42,31.04,75.71,1
e1ad0286,1779330228,28.82,29.56,65.84,1
1556d8ac,1779330288,67.28,11.21,48.19,1
0bba96b9,1779330348,53.47,-5.56,63.87,1
dacaf24b,1779330408,6.97,37.11,40.35,1
20ffdd93,1779330468,92.44,26.15,43.5,0
943a694a,1779330528,91.34,39.77,49.3,0
858bd388,1779330588,23.4,16.07,36.57,1
4142f7d7,1779330648,49.63,29.79,34.29,1
c2741bd8,1779330708,100.0,-6.01,59.33,0
f36d3542,1779330768,72.67,-2.11,65.61,0
b68c938f,1779330828,42.72,14.48,64.55,1
3e9062d8,1779330888,71.15,8.09,25.17,0
2acb4ebf,1779330948,15.92,41.65,88.23,1
5c958294,1779331008,19.2,10.17,71.59,1
3b33e691,1779331068,41.31,22.15,81.28,1
7db4cfd0,1779331128,16.99,7.64,85.85,1
9a674173,1779331188,12.79,7.05,57.42,1
fdda3bb8,1779331248,45.85,9.24,52.58,1
6b60c059,1779331308,52.35,37.24,69.69,0
fe395ced,1779331368,61.44,1.46,83.3,1
d6ee9936,1779331428,73.67,40.62,13.38,0
1a247110,1779331488,53.48,33.02,47.33,0
f384548b,1779331548,73.9,35.8,39.58,0
7ade75d9,1779331608,69.82,44.22,71.38,0
ec7ef1f1,1779331668,33.71,-6.49,75.6,1
fb1a77a9,1779331728,80.26,-2.41,52.53,0
246f661c,1779331788,42.43,-4.98,44.16,1
4906a40d,1779331848,29.9,21.39,75.96,1
7d75a86a,1779331908,35.39,20.96,43.12,1
3a70e667,1779331968,38.97,7.8,65.11,1
a2000e44,1779332028,46.88,46.33,75.03,1
85d7a81b,1779332088,50.34,7.28,65.03,1
e6923270,1779332148,37.39,5.12,68.61,1
a593db17,1779332208,41.7,2.09,88.52,1
e8ae2307,1779332268,82.18,-2.5,76.71,0
6d67a49d,1779332328,27.34,12.79,45.49,1
0aa9cf5a,1779332388,69.62,29.75,79.35,1
59151667,1779332448,31.66,-1.21,42.2,1
f85ba1c4,1779332508,31.62,35.0,56.9,1
009df884,1779332568,59.01,-4.62,87.94,1
696e8f87,1779332628,66.15,40.52,41.2,0
aa6db3d4,1779332688,0.85,18.71,68.87,1
e7327702,1779332748,0.0,45.79,66.22,1
4bfdf61e,1779332808,28.76,25.13,76.02,1
2416ec3b,1779332868,29.83,11.51,68.46,1
888fa40a,1779332928,53.62,3.02,77.46,1
5418e7a4,1779332988,51.28,22.86,38.84,1
b6db6cf9,1779333048,78.75,-5.88,30.79,0
e9f84230,1779333108,53.74,-6.29,37.06,1
6fd6e14f,1779333168,24.97,13.99,92.01,1
08d1bb8a,1779333228,49.92,33.54,91.88,1
0ac0d863,1779333288,100.0,35.64,62.89,0
e02a9604,1779333348,89.36,37.35,89.23,0
2d3e093f,1779333408,46.47,24.63,70.28,1
ae0338f9,1779333468,44.08,14.72,46.13,1
de724451,1779333528,51.26,33.86,85.25,0
a4e6df22,1779333588,49.3,44.08,52.43,1
81fe35fe,1779333648,93.67,17.27,48.62,0
4b87ffef,1779333708,99.94,5.26,50.58,0
7857e8f0,1779333768,34.13,13.75,69.22,1
2ea37e86,1779333828,75.5,37.49,69.69,0
1f368506,1779333888,28.48,-2.66,87.08,1
31a65f01,1779333948,61.13,41.44,53.09,0
a4f2f426,1779334008,100.0,32.64,70.46,0
6faf8ab4,1779334068,80.93,11.57,73.18,0
13c7e2a5,1779334128,37.45,-9.28,49.11,1
22f32c5c,1779334188,32.46,9.29,54.85,1
6e0ecb43,1779334248,70.55,40.38,65.34,0
301b8fac,1779334308,35.41,1.58,52.11,1
339024b2,1779334368,51.22,0.95,69.27,1
402edbf6,1779334428,41.45,43.95,82.24,1
8f3c1fa8,1779334488,33.63,20.3,30.64,1
a44055ba,1779334548,14.12,14.2,67.67,1
4a608bb6,1779334608,51.74,36.87,66.16,0
e2d6998d,1779334668,89.26,15.74,10.81,0
4ec3b3f2,1779334728,69.78,20.44,69.14,1
e2c230c7,1779334788,0.0,0.63,54.93,1
076657b1,1779334848,45.74,38.04,68.15,1
564bc2b0,1779334908,72.84,46.21,73.53,0
5e55218e,1779334968,70.4,0.06,65.06,0
8496fadc,1779335028,82.37,6.3,72.05,0
a2e02e07,1779335088,70.93,39.87,74.48,0
bc5976e0,1779335148,78.1,8.26,36.84,0
a2feae7c,1779335208,43.48,25.85,93.68,1
3de405ef,1779335268,20.83,0.68,54.19,1
e856bd3d,1779335328,54.87,40.92,46.06,0
a4670f18,1779335388,91.99,-0.54,53.99,0
7b97ab39,1779335448,27.46,13.94,44.64,1
d887e72c,1779335508,33.78,33.71,35.79,1
5fa9a3be,1779335568,31.71,28.26,63.88,1
85a4de88,1779335628,68.61,7.36,59.21,1
d6c9d7f9,1779335688,73.59,3.29,78.49,0
d2d32126,1779335748,49.49,30.73,78.54,1
790d8af5,1779335808,38.96,25.17,47.08,1
a8d2646f,1779335868,49.91,12.44,19.68,1
d419536a,1779335928,44.88,-9.72,100.0,1
249d0895,1779335988,25.95,10.5,96.98,1
d4a848c1,1779336048,46.6,3.43,56.05,1
d65bca1a,1779336108,47.28,-7.48,74.06,1
30f6cfb8,1779336168,18.51,19.91,67.14,1
768c3b4e,1779336228,79.58,9.23,49.88,0
978a150a,1779336288,93.88,16.0,53.38,0
106933d6,1779336348,65.29,14.63,82.18,1
a25f1cf5,1779336408,63.02,29.7,60.09,1
d689dd99,1779336468,72.39,9.36,59.27,0
5da41d80,1779336528,46.93,-5.58,78.05,1
ddf8f864,1779336588,41.44,-8.66,70.47,1
bb0ef7dc,1779336648,59.59,48.67,42.44,0
5a256cbd,1779336708,47.58,0.84,40.2,1
8569dd42,1779336768,36.89,4.39,66.73,1
27d33d8b,1779336828,55.93,42.39,32.57,0
6b8814ff,1779336888,32.43,23.8,60.35,1
b2f605c4,1779336948,40.86,-5.64,65.91,1
86a5a4a7,1779337008,64.82,25.5,44.96,1
f24bd5a4,1779337068,9.36,9.93,65.27,1
84c4ce35,1779337128,54.39,-2.6,77.51,1
e5bc4634,1779337188,66.23,15.11,59.05,1
96906f04,1779337248,39.82,24.26,72.15,1
851a35e5,1779337308,100.0,-9.82,55.45,0
1a1818cc,1779337368,28.6,-4.39,40.91,1
7ba10a8d,1779337428,26.28,48.13,36.63,1
a7802cac,1779337488,29.92,49.28,96.61,1
5d4b41b9,1779337548,47.92,28.82,35.94,1
aaad8b8c,1779337608,52.29,-4.01,56.24,1
0e78e45f,1779337668,46.62,45.73,57.14,1
7739d55d,1779337728,77.69,23.33,86.11,0
28e18cb0,1779337788,71.59,14.61,30.39,0
fd4a02e3,1779337848,61.01,-2.23,43.53,1
6129c38d,1779337908,62.41,29.61,50.33,1
68ebd895,1779337968,21.29,13.78,96.78,1
40ed8f35,1779338028,77.43,20.61,77.4,0
a55ac7a8,1779338088,80.82,22.6,53.27,0
4ece9fd4,1779338148,32.97,24.44,60.36,1
3d0b52fc,1779338208,54.31,37.18,64.93,0
2ed0777d,1779338268,39.38,3.99,39.59,1
cc4c53a5,1779338328,68.96,11.89,24.9,1
a8b7c2ed,1779338388,2.85,7.2,97.23,1
befb2dd3,1779338448,57.17,4.21,86.51,1
bd69deb9,1779338508,43.48,49.62,61.22,1
2fd40430,1779338568,64.49,-0.7,42.58,1
aa9a87dd,1779338628,29.4,36.01,61.58,1
b250ae89,1779338688,29.89,40.92,63.3,1
68ceb027,1779338748,70.15,45.0,61.8,0
ae4113fb,1779338808,9.86,36.18,58.48,1
74629939,1779338868,72.58,40.24,41.26,0
86f52f06,1779338928,32.4,14.1,77.71,1
d3d0a85f,1779338988,43.39,0.04,7.4,1
8c0df322,1779339048,66.88,21.9,0.48,1
831284ba,1779339108,51.8,3.85,86.65,1
899e650a,1779339168,77.31,9.16,71.99,0
39c8d3f9,1779339228,25.99,10.52,67.91,1
acb3c69f,1779339288,92.94,41.24,72.79,0
e4a09970,1779339348,49.68,23.69,71.75,1
076e3cd2,1779339408,31.88,15.37,57.14,1
a86ad77f,1779339468,64.99,43.54,71.43,0
a2909ee9,1779339528,50.99,-3.55,46.95,1
9d2037ad,1779339588,50.93,19.81,59.44,1
712c66e4,1779339648,94.02,-2.0,43.19,0
f1697dbc,1779339708,38.25,29.08,56.24,1
b96e7c9e,1779339768,55.99,21.1,82.07,1
c1fadd9c,1779339828,80.73,0.92,52.75,0
5a46cd6f,1779339888,27.59,31.87,83.93,1
9af4d1a7,1779339948,35.84,36.25,74.14,1
3eba18dc,1779340008,34.51,-7.48,75.05,1
a38f7406,1779340068,35.24,-6.09,48.33,1
1f3f3423,1779340128,30.81,43.06,88.91,1
41302f58,1779340188,42.33,28.34,27.48,1
729195bb,1779340248,51.72,12.41,81.08,1
26e65118,1779340308,39.97,-5.23,75.52,1
7e51769f,1779340368,86.2,-8.15,54.42,0
63c2f93c,1779340428,93.23,45.71,91.44,0
92d3cb4f,1779340488,24.91,16.43,40.62,1
2b560f57,1779340548,82.94,28.51,44.05,0
1bb1a238,1779340608,67.14,45.38,71.09,0
ca95a154,1779340668,57.18,2.94,59.18,1
ee8554ab,1779340728,57.16,39.01,96.09,0
e6f88daf,1779340788,87.38,45.81,57.55,0
14196138,1779340848,71.85,-5.97,74.71,0
b401eaa9,1779340908,64.4,12.02,96.22,1
075227f6,1779340968,46.81,19.93,51.12,1
90ee6645,1779341028,36.13,20.5,50.2,1
dcee93b6,1779341088,13.17,25.24,69.73,1
e2fda0c6,1779341148,48.43,41.44,78.72,1
d66c2cd3,1779341208,48.64,25.29,41.66,1
1721bc87,1779341268,4.61,28.46,44.49,1
56894801,1779341328,53.89,-3.46,58.0,1
75e74d69,1779341388,30.72,49.77,44.76,1
58e4a71c,1779341448,59.53,11.76,76.36,1
e6c846d9,1779341508,97.33,48.05,25.9,0
fa57953d,1779341568,49.1,40.84,66.91,1
1b5416e9,1779341628,26.45,-0.11,30.9,1
f9a6c2de,1779341688,65.28,20.65,37.34,1
bd435abd,1779341748,37.3,12.39,31.87,1
cc70d414,1779341808,68.91,10.56,55.9,1
7f3f1f55,1779341868,54.25,13.42,61.22,1
d52779f5,1779341928,20.74,5.98,80.64,1
bf630916,1779341988,58.63,17.19,61.07,1
f541a590,1779342048,35.25,28.6,30.4,1
f580c2f2,1779342108,27.0,49.62,60.82,1
56f4ed4c,1779342168,40.33,27.09,91.38,1
f714f254,1779342228,49.75,45.85,42.45,1
c83e067a,1779342288,42.56,21.88,74.52,1
c2f33b5c,1779342348,24.1,-6.11,85.57,1
dccf6520,1779342408,100.0,-9.65,62.7,0
c8b0b579,1779342468,48.85,10.88,58.73,1
2b644d6e,1779342528,4.35,6.57,67.27,1
fcdb172b,1779342588,65.74,27.5,59.87,1
5fc578db,1779342648,36.62,-8.8,93.81,1
457453ed,1779342708,82.35,-3.37,88.66,0
0be4b73f,1779342768,71.21,2.31,58.45,0
f10910c8,1779342828,0.0,38.65,17.98,1
70707f97,1779342888,63.43,11.93,73.45,1
2b90711d,1779342948,44.83,30.79,48.23,1
ba133db3,1779343008,100.0,22.35,45.1,0
cf1a2517,1779343068,46.72,22.69,36.4,1
ab1f81fc,1779343128,46.47,48.81,69.53,1
dd2a9335,1779343188,10.22,1.5,65.23,1
e8884099,1779343248,46.29,-8.68,37.4,1
d0994642,1779343308,56.51,30.21,59.41,1
07f3b249,1779343368,38.25,18.39,66.41,1
3ad36234,1779343428,64.51,0.88,53.7,1
85d0c806,1779343488,100.0,20.84,38.28,0
4a984972,1779343548,37.34,12.64,72.45,1
1e52e480,1779343608,53.49,14.13,89.07,1
bbdba1c0,1779343668,51.98,41.39,66.23,0
9fa0075b,1779343728,10.69,-9.13,61.98,1
ff09cd30,1779343788,47.56,36.93,100.0,1
26a4e1f6,1779343848,0.0,7.2,67.76,1
2140b18a,1779343908,76.94,-7.45,58.66,0
763cd4a8,1779343968,8.02,3.38,79.5,1
4a81de64,1779344028,32.69,33.11,59.22,1
59dbed21,1779344088,20.0,22.69,49.78,1
9285b6ee,1779344148,88.4,34.25,59.08,0
89f6ac5e,1779344208,45.85,41.53,64.4,1
fd7d571e,1779344268,58.27,6.86,57.02,1
01d9232f,1779344328,54.02,19.31,59.64,1
53c53346,1779344388,96.22,48.1,69.59,0
667a8248,1779344448,33.11,8.18,73.88,1
f4107793,1779344508,56.69,0.84,45.1,1
ea554a09,1779344568,62.61,9.61,53.7,1
d301509f,1779344628,0.25,-5.56,85.89,1
21f779dc,1779344688,20.69,43.74,25.03,1
06aa392c,1779344748,23.83,36.97,29.56,1
7b68cb75,1779344808,68.33,47.23,72.73,0
72c9aa6b,1779344868,39.67,39.29,86.43,1
94279b09,1779344928,5.04,8.18,61.4,1
4bbaccc0,1779344988,37.16,1.07,52.01,1
12000b85,1779345048,53.54,40.43,74.06,0
ea5fd2f9,1779345108,31.02,-1.52,60.22,1
194bd3e4,1779345168,45.29,8.56,58.42,1
121b47e4,1779345228,30.86,31.21,44.47,1
588faf3f,1779345288,42.02,42.54,80.31,1
4f06f9f5,1779345348,22.81,9.78,48.52,1
77dbc79c,1779345408,10.13,30.37,86.25,1
c2463777,1779345468,69.49,10.85,39.59,1
f1b6b20a,1779345528,100.0,31.17,26.27,0
d9f8d480,1779345588,65.84,33.31,50.14,0
ca8d8de9,1779345648,35.66,-0.55,99.75,1
8d1ed54f,1779345708,18.73,15.77,62.48,1
0bf034d4,1779345768,89.77,1.54,46.79,0
719305ac,1779345828,36.72,16.64,79.67,1
4381dbc2,1779345888,64.95,8.48,85.98,1
3a701299,1779345948,11.46,25.69,41.93,1
765570bf,1779346008,80.49,24.79,41.91,0
4f3f6391,1779346068,38.97,3.29,43.52,1
c935d042,1779346128,58.85,20.41,11.42,1
dd9f435e,1779346188,31.9,46.79,71.85,1
b8921eba,1779346248,17.68,31.11,39.66,1
f9775929,1779346308,38.04,34.81,84.06,1
b215745a,1779346368,57.41,-7.95,68.53,1
87e12a7f,1779346428,62.74,30.16,72.16,1
2f873680,1779346488,32.07,17.65,57.72,1
633b21a0,1779346548,48.71,25.21,57.72,1
9b400047,1779346608,77.73,39.32,37.22,0
db9e20ad,1779346668,72.12,-5.21,56.48,0
566fe626,1779346728,58.2,9.32,66.79,1
40452c1f,1779346788,23.53,38.68,38.13,1
47d61c82,1779346848,37.63,25.56,79.28,1
a1f82749,1779346908,47.56,49.93,37.39,1
89571de0,1779346968,37.04,-8.99,48.4,1
aa90ac61,1779347028,71.38,0.68,86.67,0
f0bf09cf,1779347088,33.3,-1.9,79.37,1
a91da49c,1779347148,28.97,5.79,56.82,1
8101d812,1779347208,75.23,37.55,52.62,0
79177a59,1779347268,92.49,24.12,51.34,0
1027e818,1779347328,81.48,31.01,42.26,0
90eafb3a,1779347388,86.78,30.98,89.71,0
b7b0ac75,1779347448,74.19,-0.26,53.95,0
9336293f,1779347508,41.8,-2.5,75.97,1
d2b103c3,1779347568,8.38,38.93,86.86,1
843ec49d,1779347628,96.47,8.5,44.74,0
ce80b18f,1779347688,37.63,26.41,34.31,1
fe833d97,1779347748,72.83,49.28,96.65,0
d17ce9d9,1779347808,60.99,-2.92,63.89,1
61c97d9d,1779347868,45.77,-1.8,52.14,1
5956ebec,1779347928,99.02,24.5,100.0,0
14b2c557,1779347988,19.49,0.61,43.86,1
b0644189,1779348048,100.0,3.63,96.13,0
dd9b55b7,1779348108,75.15,-8.74,78.3,0
6875c655,1779348168,72.33,21.22,55.23,0
0b4a75ae,1779348228,18.58,4.6,44.45,1
64925757,1779348288,43.74,-7.26,50.03,1
6984df06,1779348348,66.85,14.57,24.74,1
e8acccd5,1779348408,25.42,37.87,40.95,1
1cc0a46a,1779348468,48.97,-7.65,62.56,1
eadf72db,1779348528,86.47,31.85,65.39,0
1e2a88aa,1779348588,46.83,8.49,89.47,1
a3b15d0b,1779348648,79.06,26.62,100.0,0
e08ea4aa,1779348708,63.24,17.4,38.63,1
aff9b50d,1779348768,16.16,16.06,72.5,1
fa9277db,1779348828,59.11,19.28,54.37,1
06678404,1779348888,23.07,49.37,73.27,1
04323c2a,1779348948,4.48,29.46,65.82,1
d3954c3a,1779349008,70.26,8.49,48.62,0
8af3bc47,1779349068,50.35,40.66,61.31,0
1ac3ce49,1779349128,44.76,34.25,48.2,1
42e3c2f7,1779349188,22.61,11.37,71.11,1
a828105d,1779349248,67.36,10.67,31.03,1
ca7474d2,1779349308,24.93,14.54,46.91,1
b05c9697,1779349368,1.53,3.88,37.29,1
b5c11683,1779349428,85.57,18.05,80.82,0
707f0f81,1779349488,48.77,26.82,66.85,1
df37b139,1779349548,1.97,-5.36,49.28,1
caa94a4a,1779349608,82.93,-8.98,56.37,0
4a9e2e63,1779349668,74.42,3.05,64.21,0
9a10d3d8,1779349728,63.82,5.31,47.14,1
4c00f033,1779349788,38.19,13.55,36.14,1
03a82b74,1779349848,57.43,14.36,78.77,1
2db1f042,1779349908,65.26,-3.21,60.92,1
87561b7f,1779349968,43.87,-7.02,37.96,1
495745a4,1779350028,34.76,-6.52,64.47,1
74d291bb,1779350088,64.8,15.61,59.62,1
d008c4e5,1779350148,0.0,13.15,71.56,1
3483ff65,1779350208,51.41,16.33,31.93,1
9aa255c6,1779350268,31.49,8.67,50.0,1
bba33ded,1779350328,32.41,-0.78,60.28,1
3c14a55d,1779350388,51.55,-6.19,72.96,1
ee68c74c,1779350448,40.49,34.33,63.35,1
93585999,1779350508,68.96,33.93,85.1,0
16463bdb,1779350568,55.96,-1.8,51.33,1
2d6b1b8e,1779350628,61.5,20.17,56.66,1
092a1591,1779350688,31.86,27.81,59.26,1
e69db311,1779350748,71.74,-0.16,43.14,0
25abd263,1779350808,47.58,48.77,51.43,1
60a2b104,1779350868,29.55,33.04,81.88,1
79239ff7,1779350928,45.33,5.92,31.9,1
73ed9261,1779350988,88.23,35.72,54.49,0
304cae46,1779351048,69.6,5.83,60.58,1
859e797c,1779351108,65.12,27.28,32.41,1
ae8b1150,1779351168,53.06,12.47,49.69,1
2d4e3f93,1779351228,68.91,23.13,72.15,1
c63e9393,1779351288,29.09,17.88,76.58,1
de949b42,1779351348,32.97,23.53,46.96,1
da58fe0e,1779351408,53.27,8.2,70.82,1
7b89f870,1779351468,83.23,25.82,89.51,0
4a64a6f7,1779351528,60.25,15.81,39.24,1
a6f7b895,1779351588,50.76,49.36,52.6,0
69c970a7,1779351648,57.03,-4.23,58.19,1
15a2c329,1779351708,36.14,6.41,66.68,1
d925ad50,1779351768,97.93,36.51,89.28,0
6f682ee3,1779351828,84.72,44.74,94.21,0
b894be77,1779351888,12.36,-0.29,54.76,1
7dc6f118,1779351948,89.31,-7.45,45.22,0
462f4a7d,1779352008,12.85,-0.02,69.85,1
5071b65f,1779352068,86.18,9.93,70.28,0
853477f6,1779352128,28.06,46.11,63.42,1
340f3d21,1779352188,50.87,-4.79,52.35,1
6aeb7fe0,1779352248,54.22,48.34,64.6,0
eb2ac986,1779352308,62.31,21.14,100.0,1
4da52a12,1779352368,34.02,28.12,13.64,1
a8aefb3f,1779352428,53.75,41.43,73.53,0
7542a4f2,1779352488,51.47,10.85,82.58,1
ed80b4a5,1779352548,30.15,-5.11,100.0,1
3115efc5,1779352608,52.46,40.47,55.48,0
da4324fc,1779352668,72.4,32.45,98.21,0
56e39db1,1779352728,28.69,47.74,57.05,1
398e36d9,1779352788,96.94,21.88,44.63,0
fa7596b8,1779352848,38.46,48.9,67.7,1
fc04d2dd,1779352908,45.01,26.68,94.18,1
ff038944,1779352968,53.63,-5.58,41.1,1
b5dd2a65,1779353028,100.0,42.47,96.46,0
85d57c85,1779353088,26.62,43.31,76.81,1
f737f12c,1779353148,97.91,0.14,86.39,0
d3aeaa1a,1779353208,69.33,19.33,51.53,1
9538dd83,1779353268,61.98,31.05,40.93,1
2e02400b,1779353328,39.29,0.05,34.34,1
e7ddeea0,1779353388,39.01,47.71,35.23,1
72002a71,1779353448,31.17,47.1,82.09,1
fa3b06f5,1779353508,34.05,18.1,100.0,1
61a6a2d6,1779353568,14.06,13.2,50.39,1
6e9b5cf1,1779353628,100.0,35.7,100.0,0
792e7720,1779353688,84.01,24.69,42.28,0
cfffaac2,1779353748,47.32,44.07,68.63,1
b47db2cb,1779353808,61.83,29.27,82.04,1
5fb9f9eb,1779353868,53.79,9.8,41.15,1
05be9886,1779353928,98.87,44.53,35.11,0
2b161926,1779353988,57.23,25.57,59.5,1
16954e40,1779354048,40.23,32.97,51.44,1
d2e714b3,1779354108,49.29,-1.11,47.03,1
fbc275da,1779354168,89.21,17.53,51.62,0
23bd800a,1779354228,37.45,12.05,46.38,1
3aeb4d43,1779354288,53.48,26.45,45.79,1
a0629e3a,1779354348,46.41,14.84,47.14,1
b9692e09,1779354408,66.77,10.76,21.38,1
a15f2c70,1779354468,83.39,-0.27,52.5,0
064d1ca0,1779354528,52.81,8.3,100.0,1
ed66509c,1779354588,59.58,18.64,94.08,1
f82b7e71,1779354648,76.56,48.36,71.79,0
f46d19c7,1779354708,72.8,-9.93,66.3,0
90c58d46,1779354768,12.95,-4.35,63.14,1
e4176ffd,1779354828,91.42,14.74,64.29,0
8a533a3a,1779354888,46.87,16.23,100.0,1
fc2acad8,1779354948,29.1,10.99,30.13,1
9d6083e3,1779355008,29.29,-4.44,66.31,1
adf5f955,1779355068,64.57,15.81,100.0,1
6556e9b4,1779355128,42.86,37.38,37.67,1
21692002,1779355188,58.31,-6.41,72.79,1
dcc9822e,1779355248,21.12,8.92,75.2,1
55743171,1779355308,64.91,28.92,46.84,1
e76257cb,1779355368,89.64,4.21,81.12,0
9656bd55,1779355428,100.0,28.2,42.89,0
d56138d0,1779355488,33.2,36.22,78.42,1
5f1d5f6c,1779355548,97.63,17.34,46.61,0
5316c66c,1779355608,69.65,0.36,95.95,1
a4d7d107,1779355668,40.82,48.71,51.97,1
40a5a08d,1779355728,25.77,25.46,76.88,1
ded713c2,1779355788,80.17,33.76,62.39,0
715bc57f,1779355848,38.23,28.41,70.83,1
ec6c6487,1779355908,79.12,12.8,65.46,0
d9279772,1779355968,54.39,24.71,66.94,1
324843e2,1779356028,24.08,41.49,75.01,1
ef065497,1779356088,100.0,35.24,14.22,0
5750773b,1779356148,65.52,46.31,84.32,0
94d448a9,1779356208,63.77,29.8,77.36,1
a2c80278,1779356268,42.55,-9.66,49.66,1
ce9702de,1779356328,45.42,-1.21,38.12,1
2ede649e,1779356388,47.9,39.14,57.13,1
1bd6527c,1779356448,12.55,35.5,49.22,1
57bb46d0,1779356508,73.33,22.04,47.77,0
3815809c,1779356568,33.34,20.48,77.48,1
fb749aad,1779356628,66.45,6.0,61.9,1
a7202e00,1779356688,71.54,26.33,73.87,0
5fe1cfef,1779356748,32.02,41.98,48.14,1
aeb13f70,1779356808,27.9,26.91,73.88,1
341da5a8,1779356868,19.94,21.91,56.3,1
fcf53afc,1779356928,37.15,18.02,54.44,1
cb91a2fb,1779356988,36.21,14.13,62.19,1
0489dd43,1779357048,62.48,16.37,49.56,1
7b50d120,1779357108,73.71,11.87,47.14,0
6c84f8c3,1779357168,42.01,23.32,37.32,1
0a5ff53e,1779357228,52.09,13.71,53.84,1
62b69c3c,1779357288,71.69,10.52,88.6,0
caa0c49f,1779357348,0.0,32.04,72.25,1
926d26dd,1779357408,30.45,28.59,63.13,1
9bb9b848,1779357468,24.79,42.55,89.2,1
cd77b4b2,1779357528,41.81,44.26,66.92,1
17885206,1779357588,92.43,38.85,51.03,0
750a8bf8,1779357648,0.0,44.93,62.56,1
af180f72,1779357708,31.01,11.7,43.17,1
24bcec18,1779357768,61.58,5.49,52.87,1
310b0827,1779357828,52.02,-9.57,67.79,1
a6fb1020,1779357888,64.37,3.37,46.58,1
94e66dc8,1779357948,52.13,31.55,65.86,1
98c097e7,1779358008,57.42,30.07,55.73,1
2b97b32d,1779358068,58.63,25.03,65.72,1
e0372d92,1779358128,85.66,8.34,34.95,0
172289ae,1779358188,48.18,2.97,27.87,1
21a7af31,1779358248,65.0,40.39,59.57,0
de6bf204,1779358308,77.7,45.37,49.69,0
ce6e004d,1779358368,53.51,2.68,66.86,1
698b2002,1779358428,48.94,41.3,70.4,1
1d22206f,1779358488,100.0,-8.55,51.04,0
b546ada8,1779358548,39.96,27.84,28.48,1
e4f42b3e,1779358608,62.94,11.86,47.15,1
5a31d672,1779358668,20.73,37.72,80.36,1
9bb1db2e,1779358728,92.09,46.06,40.08,0
c20b7879,1779358788,66.61,7.58,84.53,1
7ab6dfed,1779358848,35.21,1.55,59.86,1
db23ea73,1779358908,80.0,18.78,54.58,0
4791526d,1779358968,75.08,8.53,64.64,0
875e007c,1779359028,69.04,2.16,68.45,1
8e679b77,1779359088,46.74,13.86,55.06,1
a497bc48,1779359148,100.0,43.97,39.51,0
163842b7,1779359208,72.55,-4.39,51.26,0
075fc4e6,1779359268,50.13,-6.42,48.17,1
0db15bba,1779359328,71.35,4.49,55.37,0
2768c919,1779359388,24.08,-7.3,81.61,1
affbe14e,1779359448,80.66,14.57,64.15,0
4874b455,1779359508,70.46,37.38,64.8,0
de7f4a3e,1779359568,65.5,20.11,43.73,1
7e00fed9,1779359628,49.06,-2.32,93.68,1
cab97dd2,1779359688,42.17,21.08,100.0,1
0c01c7ca,1779359748,0.58,20.91,18.51,1
10acefcb,1779359808,66.07,28.96,60.56,1
78bbf913,1779359868,56.27,27.63,24.59,1
24bcfac3,1779359928,77.51,0.66,96.08,0
29cfb546,1779359988,48.16,15.65,55.78,1
0e4b5510,1779360048,66.42,-0.74,55.05,1
6ee13536,1779360108,49.31,1.35,46.15,1
0d45e52d,1779360168,68.19,13.07,57.02,1
5860a817,1779360228,43.08,19.88,48.58,1
0c5822c0,1779360288,46.43,40.18,33.11,1
948412f5,1779360348,37.46,25.69,44.86,1
0a6a32fa,1779360408,75.32,33.0,51.82,0
b8773db4,1779360468,56.28,-3.22,43.89,1
0ce900b3,1779360528,31.7,0.38,48.87,1
19028cc9,1779360588,77.62,0.56,100.0,0
ee7c5adb,1779360648,49.33,-4.18,63.37,1
bb78c5e9,1779360708,55.42,48.74,40.39,0
5fb305d4,1779360768,65.2,16.65,61.95,1
ece279ce,1779360828,50.01,31.85,2.68,1
6b390eda,1779360888,73.76,-8.24,53.09,0
c44b578a,1779360948,63.01,26.42,2.98,1
20e37bae,1779361008,36.63,19.07,26.97,1
814b36b7,1779361068,76.48,34.27,74.48,0
4ce102e9,1779361128,38.43,1.71,73.45,1
8bbca147,1779361188,37.86,41.05,22.09,1
b2602937,1779361248,62.96,6.32,68.22,1
34215dc4,1779361308,10.22,-3.46,73.72,1
cc0cbc2b,1779361368,29.21,30.06,68.58,1
ae85c5d1,1779361428,77.63,-1.63,70.54,0
c84630fc,1779361488,61.14,29.73,72.43,1
92d35276,1779361548,90.17,33.45,49.09,0
135d52cf,1779361608,80.09,16.93,70.68,0
0ecbce96,1779361668,53.97,5.9,39.63,1
bd29bfa5,1779361728,45.77,12.97,59.19,1
aa3fd41d,1779361788,54.71,-9.41,87.23,1
96795f76,1779361848,4.0,18.65,54.68,1
548ceaac,1779361908,67.09,-7.53,56.98,1
f2be1b05,1779361968,71.38,47.55,68.95,0
4c3d81fe,1779362028,53.18,-7.38,33.76,1
34edf529,1779362088,23.13,40.27,59.95,1
5b1f0998,1779362148,50.87,21.27,39.7,1
b07b2773,1779362208,51.32,7.27,63.2,1
3fc28cea,1779362268,37.14,35.39,52.83,1
36665f37,1779362328,72.6,-7.55,91.39,0
4ff3c20f,1779362388,67.05,47.83,85.27,0
b37b78a0,1779362448,7.98,12.89,74.95,1
e93be5bd,1779362508,63.87,32.46,43.86,0
6f11ef1b,1779362568,38.34,-5.38,51.82,1
c9b7b632,1779362628,46.31,10.65,64.55,1
4cd9fb5b,1779362688,34.13,32.84,27.74,1
e8a3992a,1779362748,44.92,31.18,64.75,1
27dbd46c,1779362808,20.12,-7.33,61.07,1
c2a210ca,1779362868,76.7,17.64,78.24,0
ad89ae40,1779362928,60.65,27.79,99.41,1
4e6aef2d,1779362988,92.26,1.98,79.72,0
0def43ac,1779363048,39.21,16.77,26.73,1
827196ad,1779363108,34.69,-0.25,85.34,1
b9da949e,1779363168,30.09,33.9,46.13,1
1ed922ca,1779363228,96.01,14.97,54.77,0
47d60aa9,1779363288,71.22,20.48,67.93,0
03370999,1779363348,55.73,5.55,89.88,1
1d0dd36e,1779363408,69.6,-6.64,54.22,1
9f662518,1779363468,6.27,13.2,85.1,1
4f8b3710,1779363528,11.57,18.53,73.38,1
21836d4a,1779363588,6.32,-3.83,38.11,1
75d7ef2d,1779363648,3.59,29.65,68.08,1
7d3cb4dd,1779363708,32.66,-6.86,23.57,1
48b4ae93,1779363768,50.09,-8.55,64.88,1
e1f65502,1779363828,76.94,36.35,62.4,0
6e252768,1779363888,30.87,29.46,68.53,1
759a86e9,1779363948,60.12,43.56,89.76,0
52e07a49,1779364008,26.6,42.17,43.81,1
00f6de62,1779364068,73.43,-8.36,52.31,0
fc3a9ce3,1779364128,100.0,9.92,79.64,0
1d0223a3,1779364188,67.68,-3.62,48.5,1
c0b53bba,1779364248,100.0,-3.78,55.71,0
85c6893b,1779364308,100.0,34.55,73.28,0
4dea0ed8,1779364368,30.63,24.17,40.12,1
dd81e1ae,1779364428,42.1,12.29,57.15,1
5193a237,1779364488,46.75,32.76,60.33,1
0147ed14,1779364548,41.87,10.22,54.68,1
8afffb4f,1779364608,41.21,3.79,64.85,1
241864d7,1779364668,89.68,29.08,73.3,0
a39e0db2,1779364728,57.14,-2.12,38.61,1
a845d41f,1779364788,84.15,23.53,20.87,0
1e6d1fd6,1779364848,66.26,-5.09,77.17,1
14078806,1779364908,47.92,4.19,26.38,1
e7ae2efe,1779364968,27.97,-2.37,65.63,1
08e73a1d,1779365028,55.14,19.64,50.91,1
5cc0daed,1779365088,72.92,34.42,65.69,0
182aa25d,1779365148,58.44,17.38,59.47,1
d1d4d4e9,1779365208,51.06,8.55,51.92,1
03027929,1779365268,100.0,4.41,63.53,0
d1cd3375,1779365328,89.2,5.99,66.96,0
f0262e5f,1779365388,13.82,39.23,45.44,1
347bd286,1779365448,66.08,0.2,67.8,1
4d39adba,1779365508,53.01,48.25,35.33,0
e14468f0,1779365568,59.59,-7.71,57.61,1
9b6a5b2d,1779365628,47.79,12.84,21.49,1
446f4c88,1779365688,87.98,-4.72,74.6,0
02801c80,1779365748,30.62,43.15,100.0,1
072acae6,1779365808,89.37,3.69,40.38,0
60c980d8,1779365868,32.07,8.24,32.14,1
b5abd41c,1779365928,52.58,20.15,45.76,1
6cfe5dc6,1779365988,100.0,7.22,53.56,0
89bd5070,1779366048,50.78,10.08,100.0,1
d0a711a8,1779366108,63.66,13.62,75.67,1
4f22a94c,1779366168,13.1,44.95,63.82,1
e5dbb77c,1779366228,79.84,45.4,41.86,0
bdbad823,1779366288,61.44,-4.46,62.78,1
f91b2e77,1779366348,53.69,47.97,47.56,0
4e677012,1779366408,33.51,3.27,60.08,1
caf28078,1779366468,30.98,-7.38,36.06,1
a2e7ce2f,1779366528,50.88,30.26,78.33,1
8e2d139c,1779366588,73.46,21.71,64.19,0
0d158462,1779366648,54.66,-5.45,64.53,1
2982499b,1779366708,64.68,16.61,37.81,1
8ca7c012,1779366768,33.79,16.71,26.64,1
f008fb53,1779366828,57.54,31.9,24.61,1
b29436d0,1779366888,63.74,37.74,63.25,0
d2df4553,1779366948,13.93,17.05,65.77,1
a8fb7603,1779367008,71.7,47.58,69.93,0
78403062,1779367068,65.27,-8.94,100.0,1
be643bc8,1779367128,46.71,10.21,48.17,1
b9351af1,1779367188,64.1,25.76,100.0,1
7791666d,1779367248,5.55,47.17,55.52,1
6864e598,1779367308,53.3,-3.47,20.65,1
114bc99b,1779367368,46.97,34.5,45.25,1
95e460e7,1779367428,61.21,6.72,26.82,1
fb54aed4,1779367488,69.94,41.35,55.63,0
870e5644,1779367548,9.93,1.59,61.96,1
4032b02b,1779367608,37.61,49.14,83.31,1
475da692,1779367668,14.07,28.25,34.48,1
59daa692,1779367728,75.16,23.8,76.38,0
9867bf1d,1779367788,64.38,19.17,68.18,1
bdabc063,1779367848,67.47,23.75,100.0,1
e162ccd8,1779367908,42.55,2.49,76.1,1
60a85b38,1779367968,14.1,19.9,55.7,1
fa99f09b,1779368028,55.82,41.33,76.01,0
502e43dc,1779368088,39.92,27.99,61.75,1
be67a5ea,1779368148,69.97,-9.42,63.17,1
e2429ae9,1779368208,39.18,10.82,100.0,1
61b51eb4,1779368268,37.07,35.18,62.95,1
cbab630e,1779368328,0.0,8.45,61.52,1
971ab35a,1779368388,51.61,43.05,81.48,0
93ef3809,1779368448,45.92,7.01,75.12,1
d6c6db83,1779368508,48.79,46.78,41.37,1
16766644,1779368568,97.72,-3.23,73.88,0
a76f83dc,1779368628,47.14,47.08,37.02,1
bded1665,1779368688,71.87,-2.78,53.55,0
556c87f1,1779368748,85.34,41.59,92.88,0
3e09eb09,1779368808,99.56,40.64,100.0,0
bf524e30,1779368868,51.38,45.8,72.87,0
638c2975,1779368928,26.35,45.71,78.09,1
9383a1ae,1779368988,27.44,30.81,95.18,1
49f17bb3,1779369048,26.89,33.14,55.27,1
a055be4c,1779369108,63.87,3.75,75.72,1
2ec43d8d,1779369168,19.97,-7.11,43.25,1
0c7b32f5,1779369228,92.96,42.95,33.69,0
0fd12d2c,1779369288,94.14,40.62,55.06,0
0a3b9ef8,1779369348,86.96,18.96,56.4,0
ac6c3d39,1779369408,63.52,30.55,12.94,1
654b84c0,1779369468,28.94,24.28,86.68,1
55e348e0,1779369528,33.43,30.6,48.23,1
8b6d3d5c,1779369588,40.95,10.81,58.7,1
1bce6be8,1779369648,63.8,19.68,71.39,1
b8b10c37,1779369708,100.0,3.16,42.59,0
20ae5959,1779369768,42.78,18.53,60.31,1
082f6f06,1779369828,81.28,28.3,36.54,0
0fa291a6,1779369888,67.97,-5.66,33.29,1
1304b54f,1779369948,57.38,35.35,44.25,0
e82dac12,1779370008,47.07,46.74,19.5,1
9e8a4d36,1779370068,46.58,38.6,66.33,1
117f496d,1779370128,58.65,18.66,61.37,1
1759681d,1779370188,67.95,19.85,74.72,1
a58caf79,1779370248,33.54,-2.66,76.29,1
2762f5e1,1779370308,66.02,20.04,57.84,1
54ce64d0,1779370368,83.84,-2.05,89.49,0
fdc07e93,1779370428,88.47,48.32,43.68,0
120f1dd9,1779370488,42.03,-4.29,36.37,1
c21b94ac,1779370548,33.85,22.44,33.0,1
860dfa4d,1779370608,31.66,36.67,45.49,1
4928b212,1779370668,48.24,31.28,63.7,1
592aa1ac,1779370728,55.67,30.37,57.44,1
4a9803c1,1779370788,67.0,7.58,100.0,1
2852bed9,1779370848,63.26,32.39,28.5,0
ec53ce38,1779370908,51.73,0.23,50.44,1
a8562782,1779370968,58.48,8.65,40.19,1
fbb9693c,1779371028,0.0,28.9,43.02,1
2fe6529e,1779371088,63.56,11.14,59.3,1
15af2427,1779371148,28.06,20.53,77.37,1
aadb9530,1779371208,1.54,18.31,71.93,1
fbb7bd10,1779371268,67.34,36.26,40.28,0
56b1ea8d,1779371328,33.39,-7.76,28.23,1
405c24d1,1779371388,68.74,26.36,45.88,1
980ad76c,1779371448,33.44,39.01,43.93,1
8e643e8b,1779371508,34.32,29.86,38.0,1
10e5b2d0,1779371568,12.54,43.98,100.0,1
fad881df,1779371628,67.91,-0.46,43.36,1
85ccc93a,1779371688,74.0,17.47,66.0,0
4f7b2cde,1779371748,70.3,-1.84,71.37,0
3ee7fbb6,1779371808,61.62,24.58,64.56,1
1557894c,1779371868,43.92,5.58,55.91,1
91454e93,1779371928,50.81,-5.82,40.77,1
0f5d0bde,1779371988,41.99,18.43,30.52,1
7b823d5a,1779372048,93.68,-7.17,71.11,0
66ef2da8,1779372108,36.63,34.76,58.21,1
2dbf2e6d,1779372168,0.0,36.83,45.43,1
ab8eb6e0,1779372228,69.34,46.11,90.73,0
21843273,1779372288,82.6,12.81,53.43,0
e2e46502,1779372348,37.51,7.36,74.06,1
f0ea29ae,1779372408,23.39,3.75,73.18,1
9890cc46,1779372468,77.0,43.36,36.49,0
bff3a193,1779372528,74.06,22.61,70.25,0
94e81d20,1779372588,1.89,3.23,72.16,1
d3a2174d,1779372648,100.0,13.1,51.75,0
f0e3e600,1779372708,65.81,34.09,76.04,0
02897b53,1779372768,73.81,24.77,67.76,0
858dbfab,1779372828,39.93,25.43,87.25,1
c49e48e9,1779372888,58.71,31.66,65.67,1
e81f9644,1779372948,42.81,5.83,80.24,1
e9d104d4,1779373008,0.02,29.1,91.17,1
28c5e7a2,1779373068,97.98,41.21,56.85,0
ac697a8a,1779373128,35.34,16.21,39.07,1
42cf37de,1779373188,47.27,12.87,67.5,1
53b1e480,1779373248,26.03,47.07,96.42,1
ba182c18,1779373308,50.83,28.69,79.44,1
2dff11f3,1779373368,53.72,32.43,53.27,0
f4ee3d8b,1779373428,19.49,44.9,47.74,1
5203c8ab,1779373488,96.84,-8.0,42.13,0
775ae555,1779373548,81.26,13.25,53.23,0
9b45a291,1779373608,17.2,14.99,69.33,1
b0358b82,1779373668,52.92,44.12,75.02,0
56f147bd,1779373728,80.43,14.14,29.56,0
c043e05a,1779373788,49.44,16.53,50.96,1
31d6ac4d,1779373848,29.66,3.05,78.96,1
e52cbc24,1779373908,28.57,25.95,38.68,1
d19ab821,1779373968,0.0,12.46,52.77,1
1251cff0,1779374028,56.95,3.98,58.48,1
149135c2,1779374088,64.34,-9.67,77.52,1
8aa40aaf,1779374148,28.29,23.31,93.47,1
ee88edba,1779374208,61.26,34.47,49.41,0
38dacce1,1779374268,42.42,15.37,35.04,1
d44cbc96,1779374328,65.84,-4.31,69.76,1
f71a4d04,1779374388,88.25,37.17,67.36,0
669516b0,1779374448,52.13,41.45,36.45,0
0a3bad07,1779374508,31.56,38.26,24.25,1
a484ea72,1779374568,43.76,-4.46,56.77,1
e239e1a7,1779374628,24.74,46.08,73.62,1
f7c2404c,1779374688,0.0,16.06,83.86,1
1260fdd8,1779374748,38.44,-2.28,97.33,1
c54f3d02,1779374808,45.31,-5.56,79.91,1
0bab9d45,1779374868,100.0,6.53,68.57,0
d85fc0f9,1779374928,64.99,29.02,81.21,1
5b0510d4,1779374988,62.54,6.45,58.28,1
a5ec62f4,1779375048,6.41,34.69,74.19,1
44c74d84,1779375108,43.04,10.47,86.35,1
6d4278e3,1779375168,89.03,2.07,76.63,0
4ba104d6,1779375228,6.51,38.09,88.39,1
341f9c7d,1779375288,9.71,2.4,63.14,1
450ad96f,1779375348,75.85,-6.31,54.07,0
2a002274,1779375408,57.44,-2.7,55.74,1
ac5887c0,1779375468,18.98,26.35,71.23,1
87f31cff,1779375528,29.31,24.95,55.14,1
a6c174cd,1779375588,78.63,28.22,83.26,0
6aecbc8e,1779375648,100.0,28.14,60.83,0
56592eaf,1779375708,76.64,25.22,86.18,0
a76adf64,1779375768,39.52,5.61,50.03,1
0f92698f,1779375828,53.04,23.17,63.93,1
9e2e14ba,1779375888,38.05,43.93,53.91,1
b3f1468c,1779375948,43.73,9.44,87.96,1
b8e419e9,1779376008,67.18,36.8,88.75,0
85a12fbd,1779376068,44.54,9.16,49.76,1
a009ea95,1779376128,50.76,6.98,18.49,1
fcd388d2,1779376188,0.0,34.12,42.67,1
40866940,1779376248,91.32,2.64,82.27,0
f80addfd,1779376308,42.26,-6.07,49.68,1
66607c41,1779376368,58.65,28.59,44.47,1
23c992e2,1779376428,35.04,14.44,54.6,1
5cad41cc,1779376488,51.46,33.37,61.71,0
9df636fc,1779376548,75.48,16.97,61.76,0
edc43ce4,1779376608,55.74,6.78,55.24,1
4ae03434,1779376668,88.14,5.61,91.07,0
43990f8e,1779376728,72.45,45.23,74.91,0
cd99f6ec,1779376788,85.08,35.19,68.53,0
15085be6,1779376848,28.51,18.71,38.06,1
57ed8bf1,1779376908,25.49,-2.42,58.69,1
f1142be2,1779376968,93.04,40.02,54.52,0
831e2e66,1779377028,14.11,13.06,100.0,1
20b29df2,1779377088,40.32,37.51,53.27,1
000579c5,1779377148,86.36,32.24,56.49,0
472cae2f,1779377208,51.18,16.64,32.01,1
d7ea2cee,1779377268,82.25,48.92,13.87,0
e063b2ae,1779377328,44.75,16.51,52.63,1
93a5de70,1779377388,50.33,44.19,100.0,0
186f9639,1779377448,48.48,17.2,83.53,1
e963d30f,1779377508,46.67,42.95,61.86,1
3a205cde,1779377568,69.98,49.67,67.28,0
461899d6,1779377628,27.36,-0.01,60.8,1
fb4d0115,1779377688,32.8,38.92,53.88,1
d0b0e84f,1779377748,28.2,18.56,70.82,1
ca8f91a1,1779377808,31.91,22.14,0.0,1
6bc8b6d2,1779377868,86.72,38.92,58.71,0
27ec7be5,1779377928,8.92,-0.6,52.71,1
a6f3574e,1779377988,25.56,15.43,35.85,1
abeb86f7,1779378048,18.1,-6.94,77.48,1
d5b3f244,1779378108,74.96,19.9,52.88,0
519fc27c,1779378168,50.11,6.55,70.81,1
4d19c663,1779378228,65.14,22.18,40.9,1
de31d6a2,1779378288,85.74,33.55,71.66,0
c80edcc9,1779378348,0.0,22.25,74.1,1
e9ff70d9,1779378408,23.65,15.04,66.76,1
bcc906ad,1779378468,19.7,-4.52,33.36,1
2c10536b,1779378528,42.81,12.39,54.22,1
7e5416a2,1779378588,46.2,14.97,64.08,1
6da0c52a,1779378648,75.61,-6.99,46.57,0
67c326a7,1779378708,35.52,49.58,47.85,1
03fdd150,1779378768,22.82,6.33,64.26,1
c1cfdf3c,1779378828,49.48,27.87,88.85,1
430f83a3,1779378888,65.45,5.45,21.17,1
d047d8f5,1779378948,76.24,-0.98,33.53,0
c6f01f57,1779379008,75.89,-2.77,66.89,0
f312bb8f,1779379068,79.26,23.56,28.0,0
3a33345f,1779379128,53.38,46.16,78.79,0
49604f92,1779379188,62.38,-6.41,49.02,1
f9f5f9d8,1779379248,58.58,12.22,75.11,1
c8fd079b,1779379308,62.47,26.19,50.25,1
92e74a0c,1779379368,29.55,39.59,19.33,1
19847b5a,1779379428,33.48,44.68,54.81,1
7d2a338e,1779379488,10.4,2.26,36.46,1
d3b8c2c7,1779379548,45.41,28.2,65.17,1
76ab5f62,1779379608,41.88,29.48,83.9,1
93864afd,1779379668,86.54,5.26,40.92,0
498436f0,1779379728,40.68,39.35,37.1,1
d396ab24,1779379788,59.81,19.87,53.69,1
ee049b56,1779379848,85.89,10.48,36.34,0
e2e6293b,1779379908,81.96,8.59,43.28,0
67afc642,1779379968,64.01,38.32,49.1,0
1ff4193c,1779380028,100.0,31.76,53.83,0
89189bba,1779380088,0.0,49.69,65.95,1
63645e83,1779380148,57.16,43.15,38.24,0
ef924361,1779380208,68.16,10.18,67.14,1
c4f4dffd,1779380268,67.66,13.65,50.83,1
457bf7b3,1779380328,30.85,35.35,69.12,1
d83d9283,1779380388,7.68,19.67,67.17,1
66014849,1779380448,66.17,3.22,100.0,1
c0c1af11,1779380508,29.53,6.61,81.08,1
7ea66701,1779380568,100.0,45.73,53.45,0
e3c56a91,1779380628,42.5,-5.98,39.22,1
bc4126cd,1779380688,42.08,32.42,91.35,1
2611b0a2,1779380748,72.43,22.09,50.73,0
19f29896,1779380808,89.57,26.01,61.7,0
46f43ee3,1779380868,24.14,19.14,43.35,1
c4a6cc9a,1779380928,88.81,13.6,64.92,0
1798e47f,1779380988,85.35,13.66,11.44,0
00f08b6a,1779381048,34.53,0.79,50.9,1
f16f8e31,1779381108,58.68,47.37,86.47,0
19a79a32,1779381168,47.9,48.65,28.54,1
753bc596,1779381228,63.66,1.34,75.6,1
b2f61d77,1779381288,32.95,21.83,84.11,1
59f99f35,1779381348,88.35,33.59,90.62,0
5b5d3942,1779381408,36.64,17.44,64.0,1
9ea7e3eb,1779381468,18.65,8.78,80.16,1
6d900e60,1779381528,44.56,49.21,39.93,1
5651c819,1779381588,56.62,34.59,23.84,0
ce6faf41,1779381648,74.29,-7.66,54.03,0
2e479f9e,1779381708,39.2,10.73,42.76,1
f1825be4,1779381768,27.3,39.39,66.95,1
983d9d57,1779381828,49.99,2.76,90.59,1
584d6385,1779381888,24.35,1.4,68.03,1
d856a350,1779381948,55.41,22.31,78.18,1
1837f15a,1779382008,70.87,4.05,56.74,0
adb803e6,1779382068,56.41,-4.25,44.62,1
eb7e086e,1779382128,21.54,22.85,22.21,1
4f633458,1779382188,26.17,26.46,53.56,1
b8ce88b3,1779382248,46.53,4.75,95.3,1
0fecc9e0,1779382308,68.03,0.27,100.0,1
5a71806c,1779382368,15.62,48.96,19.97,1
06251810,1779382428,61.58,43.33,73.81,0
2296f74b,1779382488,61.26,-6.73,65.26,1
3d8b8f4f,1779382548,90.89,25.0,54.18,0
f28ac83d,1779382608,37.47,9.07,39.59,1
507743cf,1779382668,29.45,20.89,34.99,1
8da8b4e1,1779382728,60.98,40.11,72.88,0
44a316ce,1779382788,44.75,10.76,79.21,1
fc460c85,1779382848,51.99,12.69,57.13,1
e5b57f6a,1779382908,47.32,39.0,71.96,1
37ae60d3,1779382968,25.42,25.73,38.73,1
cf2cb70e,1779383028,50.1,46.18,62.34,0
424b7abd,1779383088,65.84,16.16,72.26,1
e359e90e,1779383148,19.57,47.84,51.03,1
d0422e3f,1779383208,24.48,49.32,43.68,1
6c3258b3,1779383268,24.28,39.92,23.35,1
7a79f0c9,1779383328,43.72,47.12,45.89,1
39a35941,1779383388,76.01,35.45,76.25,0
3259850d,1779383448,0.0,14.65,56.95,1
b48c333c,1779383508,46.54,40.46,46.83,1
3a6f7a72,1779383568,54.37,30.71,37.26,1
f90249bb,1779383628,51.78,44.68,28.7,0
c968f6c2,1779383688,19.31,27.67,60.88,1
a47e6c20,1779383748,40.59,-4.56,61.47,1
50bf9d33,1779383808,42.08,12.3,26.8,1
409ab054,1779383868,56.28,42.57,77.5,0
ea70a3f9,1779383928,27.91,17.8,61.16,1
72eb132c,1779383988,38.15,-4.53,69.98,1
dffb44d3,1779384048,24.13,8.38,28.23,1
8fc19ea6,1779384108,40.07,30.94,48.37,1
6a79a487,1779384168,88.84,22.18,33.26,0
70a6d5a3,1779384228,9.87,21.29,66.26,1
a0bbea37,1779384288,48.61,24.36,52.26,1
15fb81b7,1779384348,35.68,3.17,45.04,1
0885d0b5,1779384408,44.91,48.74,48.5,1
22c034ff,1779384468,35.75,29.19,17.79,1
af6e1d3e,1779384528,61.02,41.45,62.91,0
a89ff9c0,1779384588,64.55,43.23,33.23,0
aa33a362,1779384648,55.62,-3.98,61.17,1
9c455164,1779384708,59.71,12.77,59.01,1
5da99853,1779384768,60.05,12.96,63.61,1
5796b2cb,1779384828,57.95,-3.6,71.2,1
7d033041,1779384888,44.47,8.09,63.61,1
13b87300,1779384948,53.43,47.4,90.22,0
ee7ed873,1779385008,100.0,20.59,55.67,0
2ebb56bc,1779385068,46.55,3.79,72.06,1
f2570ac6,1779385128,72.01,19.88,51.35,0
a99a7170,1779385188,65.84,-2.01,18.27,1
0adb7ac4,1779385248,88.78,39.6,75.39,0
ed281b95,1779385308,46.25,34.43,74.55,1
bfeabc1f,1779385368,46.42,2.68,39.11,1
8ca89c80,1779385428,73.1,11.51,33.38,0
8d1c1d20,1779385488,0.0,0.14,87.4,1
75c79a0e,1779385548,53.84,37.74,48.55,0
84af8173,1779385608,22.14,38.97,28.36,1
12e96567,1779385668,40.15,20.07,54.26,1
995ce3a1,1779385728,78.71,32.83,93.69,0
d483fd5e,1779385788,47.38,4.31,47.05,1
09b4a164,1779385848,62.76,6.88,67.1,1
3bdc7895,1779385908,43.99,-3.76,52.1,1
077dd29a,1779385968,60.58,48.42,20.65,0
d7f60eb5,1779386028,16.1,0.01,50.25,1
a0ee56be,1779386088,38.74,35.74,50.42,1
3ee499c0,1779386148,100.0,11.45,87.71,0
cc6daa01,1779386208,42.75,9.74,98.66,1
528b08e5,1779386268,57.34,7.46,56.76,1
6f5461a2,1779386328,1.23,-4.83,43.42,1
63a36278,1779386388,37.62,31.62,49.98,1
8af80449,1779386448,84.25,32.54,50.92,0
089006e0,1779386508,56.82,34.57,33.3,0
ad925c78,1779386568,81.51,34.38,93.53,0
b361f65f,1779386628,50.02,6.36,59.96,1
28fdc543,1779386688,11.91,40.33,68.5,1
638b7094,1779386748,100.0,37.64,53.99,0
d2618faa,1779386808,57.46,-1.07,70.17,1
5b6acaab,1779386868,58.55,26.57,80.46,1
28fab838,1779386928,46.46,4.38,64.75,1
f584a6c0,1779386988,91.43,16.83,61.74,0
800e27e3,1779387048,31.26,26.62,100.0,1
a86853a6,1779387108,39.04,31.72,68.84,1
cafc7cff,1779387168,43.37,9.39,88.83,1
0741ee45,1779387228,21.36,10.16,32.37,1
c67b72a8,1779387288,97.53,36.31,59.76,0
106d0742,1779387348,90.49,33.24,38.67,0
3fb662ef,1779387408,35.75,43.68,54.26,1
721be369,1779387468,78.19,-6.47,86.97,0
95e9c27a,1779387528,56.68,40.87,85.74,0
eb385e3f,1779387588,38.5,26.6,74.7,1
f14d71cd,1779387648,44.66,39.05,41.42,1
1de02f18,1779387708,37.47,30.41,57.88,1
921af8bf,1779387768,51.73,3.46,64.18,1
f42ec40d,1779387828,52.91,3.44,59.29,1
050bb446,1779387888,0.0,36.1,85.34,1
41ae3342,1779387948,40.63,29.62,77.3,1
cb9f65a9,1779388008,6.61,6.32,67.68,1
5a6865c0,1779388068,20.1,38.65,62.67,1
bb1814c0,1779388128,29.82,18.54,53.33,1
44c6c15f,1779388188,88.65,47.18,46.02,0
d38e9c84,1779388248,32.39,46.13,71.14,1
8caac741,1779388308,35.72,15.29,12.26,1
5cdd96a2,1779388368,63.9,9.93,53.82,1
76c1d694,1779388428,12.61,37.84,69.04,1
f0c69e2a,1779388488,31.6,30.89,79.82,1
3554a981,1779388548,63.53,26.04,95.3,1
cd6f8f4f,1779388608,30.11,30.22,62.83,1
10f037bb,1779388668,0.0,41.6,35.15,1
afdfcb26,1779388728,71.95,-2.9,35.36,0
86ed225c,1779388788,54.87,7.51,60.82,1
0faf7598,1779388848,7.79,30.41,75.69,1
c415f15f,1779388908,42.41,17.15,66.37,1
e0c1d79a,1779388968,20.97,41.65,40.61,1
f36c1737,1779389028,4.43,26.21,42.25,1
0c24c9ab,1779389088,32.67,21.22,45.6,1
9e5b01f5,1779389148,9.05,-6.76,45.5,1
43c3fbe4,1779389208,83.65,41.08,61.77,0
51e36be6,1779389268,63.31,41.35,31.73,0
b2409efd,1779389328,67.23,44.18,57.09,0
1df02a00,1779389388,33.2,0.83,43.73,1
ab399b33,1779389448,84.45,13.43,100.0,0
9c28ca7f,1779389508,62.66,0.22,62.98,1
97bfa402,1779389568,14.5,15.85,36.19,1
1614a655,1779389628,90.69,13.53,60.42,0
4b2a9751,1779389688,74.56,40.99,49.82,0
3be4ae1d,1779389748,31.31,39.51,38.44,1
0ba48201,1779389808,44.14,16.9,48.68,1
b7aba953,1779389868,38.11,15.49,50.7,1
24bd33e4,1779389928,66.15,48.75,69.67,0
0347c457,1779389988,56.32,9.66,91.97,1
e368a513,1779390048,33.4,15.76,42.19,1
081f2a9e,1779390108,43.46,34.39,83.27,1
85367c7c,1779390168,22.75,10.34,73.04,1
caf50f89,1779390228,100.0,22.57,64.3,0
092468c4,1779390288,0.0,19.9,35.29,1
2560e0a2,1779390348,86.36,43.28,13.79,0
aa4bb8a7,1779390408,84.8,25.85,76.61,0
0892550b,1779390468,75.43,-8.39,97.13,0
f997d21e,1779390528,28.28,-4.18,55.39,1
a5b36d1a,1779390588,41.33,38.07,87.47,1
33cff6f2,1779390648,26.7,5.07,42.61,1
5523b4a8,1779390708,79.61,17.14,68.73,0
d695d732,1779390768,57.31,-2.99,58.51,1
14011984,1779390828,0.0,-4.11,52.49,1
265d82e6,1779390888,56.78,38.9,78.96,0
d5c8f79d,1779390948,100.0,32.05,70.68,0
f70b732c,1779391008,80.62,47.5,40.19,0
9f2b2181,1779391068,44.13,46.76,56.22,1
73606582,1779391128,16.47,46.03,54.19,1
ee261ced,1779391188,57.5,27.52,49.66,1
6c4a77f1,1779391248,43.64,-1.0,47.0,1
38a71708,1779391308,36.72,-9.74,100.0,1
53c1625f,1779391368,49.3,5.49,61.77,1
014cde87,1779391428,36.11,49.95,50.96,1
c0ba931c,1779391488,31.32,42.28,27.6,1
696bcb83,1779391548,16.9,43.9,88.62,1
a3d6adfb,1779391608,29.72,28.62,74.89,1
ddb43e68,1779391668,49.83,34.02,76.42,1
aa2325fa,1779391728,43.58,25.71,52.0,1
522c35e6,1779391788,24.19,32.1,14.3,1
abc04481,1779391848,0.0,-5.4,69.62,1
7ac56a6a,1779391908,75.33,31.15,65.32,0
0e9057f1,1779391968,26.33,38.98,53.97,1
bb024a3d,1779392028,46.26,33.72,71.82,1
e868b3b7,1779392088,51.67,40.19,7.51,0
a1c48ab4,1779392148,51.54,2.88,43.08,1
c7c889e6,1779392208,80.7,-8.37,32.76,0
9aef9b5c,1779392268,10.25,30.17,73.78,1
75dfc276,1779392328,60.75,28.74,46.93,1
7e7dfe6a,1779392388,77.43,-8.35,93.13,0
e04948d0,1779392448,55.55,44.71,40.22,0
dd4e8956,1779392508,38.18,18.16,57.61,1
c2a5ef3d,1779392568,69.27,19.94,73.45,1
fad9c6a8,1779392628,44.17,45.93,44.1,1
d29b9e35,1779392688,31.79,34.81,38.15,1
c23301c2,1779392748,60.1,13.29,64.58,1
9b205b84,1779392808,0.0,45.67,86.55,1
f1496518,1779392868,65.41,-2.01,70.02,1
21872f9b,1779392928,41.99,-8.6,87.91,1
9d7bd7c7,1779392988,54.29,12.32,51.52,1
2d70a628,1779393048,59.91,-8.7,72.45,1
8a484440,1779393108,25.5,15.35,71.9,1
96bdc605,1779393168,73.26,17.37,66.23,0
993deb28,1779393228,64.25,14.87,72.42,1
f034933b,1779393288,97.8,-8.13,60.19,0
dfcc1b93,1779393348,56.45,4.96,67.47,1
b9500336,1779393408,43.65,35.79,71.99,1
09ae5ef4,1779393468,92.07,-0.65,53.79,0
4b267ba3,1779393528,37.78,41.91,54.37,1
4e69e903,1779393588,76.16,39.21,38.08,0
f1af258d,1779393648,47.3,34.21,62.8,1
3496a4ba,1779393708,48.9,15.2,29.51,1
d9f32b56,1779393768,44.39,46.22,73.39,1
6b30410c,1779393828,63.19,34.24,59.08,0
9d5c5d01,1779393888,23.03,7.86,65.2,1
a5a1e40b,1779393948,85.72,-7.65,75.61,0
4e2c399a,1779394008,100.0,-5.27,83.82,0
86c8d081,1779394068,96.08,-6.81,60.12,0
d4835d26,1779394128,61.02,39.99,90.01,0
7fb1242c,1779394188,64.06,-4.33,50.48,1
d6c24d6b,1779394248,17.69,42.56,51.73,1
3925e420,1779394308,59.0,29.83,40.3,1
55a35bba,1779394368,55.21,19.95,15.27,1
560b0c33,1779394428,61.71,43.11,62.1,0
b0965639,1779394488,42.19,39.99,49.55,1
5dc03205,1779394548,36.14,33.84,76.01,1
46ef6efb,1779394608,42.19,2.09,100.0,1
a9610a15,1779394668,58.24,0.14,74.41,1
fd656115,1779394728,75.78,43.21,77.49,0
8b23b12e,1779394788,57.96,29.43,38.07,1
8c0d246a,1779394848,30.4,43.45,9.08,1
f65b52d8,1779394908,48.85,-2.3,100.0,1
524d2356,1779394968,43.41,36.92,62.09,1
b5bf2d21,1779395028,30.16,24.08,55.33,1
54506d98,1779395088,72.94,29.49,34.72,0
94ee79b3,1779395148,32.44,38.28,14.11,1
36351232,1779395208,37.6,40.58,61.68,1
3fdefddc,1779395268,9.9,-2.41,52.53,1
9c700748,1779395328,20.75,-8.86,73.56,1
6cb0cd29,1779395388,6.8,9.12,45.13,1
2045269b,1779395448,98.4,26.99,47.45,0
f18b573c,1779395508,50.74,18.35,74.59,1
240088cb,1779395568,67.1,-1.55,44.65,1
85a681d4,1779395628,0.0,29.5,53.92,1
897edc59,1779395688,36.92,38.7,45.41,1
89eb7994,1779395748,0.0,32.64,81.98,1
391b3956,1779395808,59.46,25.04,61.64,1
ea526afa,1779395868,100.0,38.51,22.98,0
44e1ad88,1779395928,89.55,48.29,84.24,0
eea5b1ec,1779395988,12.91,31.48,89.34,1
e66d32ea,1779396048,91.84,19.94,55.5,0
33a6f0c8,1779396108,43.49,49.0,89.64,1
d9fc47d9,1779396168,36.7,15.8,54.6,1
c0f353b7,1779396228,0.0,4.54,71.48,1
dfc47fe9,1779396288,23.04,27.88,90.2,1
9a5cb1e5,1779396348,67.71,12.52,75.15,1
7aa8d489,1779396408,10.3,42.25,100.0,1
f7351778,1779396468,41.49,-4.5,76.5,1
28808527,1779396528,39.27,23.85,38.54,1
4529b348,1779396588,17.76,30.05,83.98,1
599e06e4,1779396648,54.52,-0.49,70.42,1
471fd9da,1779396708,80.47,42.24,100.0,0
5c64b61b,1779396768,26.13,25.92,22.89,1
95d88c25,1779396828,94.98,-7.58,64.01,0
88ca2e65,1779396888,24.62,8.91,63.41,1
e5822390,1779396948,26.17,8.53,68.99,1
19856590,1779397008,74.62,-4.54,86.51,0
5cfb24f7,1779397068,22.14,5.14,64.88,1
297154d7,1779397128,25.57,49.62,57.96,1
51518189,1779397188,61.79,39.79,48.78,0
44ec9f95,1779397248,49.79,42.45,61.14,1
36e11b7c,1779397308,32.22,27.24,59.34,1
c9b12f18,1779397368,16.32,37.87,67.41,1
cf34028e,1779397428,50.82,-5.27,58.03,1
1e930bf1,1779397488,71.19,6.82,41.0,0
dc05dd80,1779397548,71.52,-7.02,60.46,0
2e12a84e,1779397608,88.31,36.75,32.82,0
07b930c4,1779397668,22.09,16.03,52.91,1
d6fbb5b6,1779397728,67.83,3.83,73.81,1
e17763e1,1779397788,42.99,-5.56,71.22,1
7d92542f,1779397848,2.68,15.03,56.37,1
a9913e37,1779397908,22.37,11.42,72.57,1
cc6decf8,1779397968,65.3,9.58,84.06,1
8a0941a6,1779398028,79.19,25.55,74.46,0
aff2ec05,1779398088,62.74,31.86,69.57,1
2b5136f7,1779398148,53.77,39.26,45.0,0
d8bdc130,1779398208,18.79,25.26,50.88,1
3269f0cc,1779398268,92.66,26.14,83.11,0
1c0d240f,1779398328,81.58,-2.18,88.85,0
851f1cff,1779398388,65.09,-8.94,33.11,1
cba9fc78,1779398448,85.78,4.35,83.32,0
a7de9823,1779398508,70.57,5.64,100.0,0
4fe962c9,1779398568,72.01,15.6,58.41,0
40e8ffdf,1779398628,40.9,-5.33,62.03,1
968fedf3,1779398688,19.79,34.84,46.71,1
86def86f,1779398748,36.95,15.86,46.41,1
db5857f8,1779398808,72.29,10.27,24.8,0
2688f7a0,1779398868,75.32,43.07,54.02,0
85b7b6ce,1779398928,55.18,24.18,63.72,1
c3b8cec8,1779398988,69.59,37.14,100.0,0
2478b030,1779399048,25.58,38.57,62.56,1
270123ae,1779399108,66.97,1.43,71.04,1
de2da2d1,1779399168,26.67,20.48,39.13,1
11d45a0c,1779399228,42.31,0.93,40.35,1
71515e7a,1779399288,72.57,41.29,39.42,0
a97216b8,1779399348,51.32,-7.84,52.33,1
b62e0f0b,1779399408,56.17,34.14,50.01,0
ac31c2b8,1779399468,47.22,41.59,87.09,1
4155bce4,1779399528,37.18,-1.93,46.35,1
7a6aa1e6,1779399588,34.32,-0.67,73.75,1
e2de9789,1779399648,32.91,-7.31,63.98,1
ed624c7d,1779399708,64.16,2.59,95.86,1
6faa7b84,1779399768,66.91,20.11,48.38,1
f8e2b0bb,1779399828,39.04,4.26,96.84,1
241410eb,1779399888,51.57,-2.14,68.98,1
7bf899f0,1779399948,7.47,2.85,41.28,1
6209a44e,1779400008,36.06,35.74,37.3,1
b67b0b2d,1779400068,60.52,31.99,33.22,1
16f80007,1779400128,82.65,32.4,79.48,0
21e82101,1779400188,47.72,42.72,65.53,1
eed6f1a7,1779400248,53.52,-3.95,51.59,1
3bae035e,1779400308,60.45,-8.27,79.71,1
e03e6976,1779400368,67.84,29.67,68.47,1
5f36466c,1779400428,31.39,9.72,88.47,1
300ee9d2,1779400488,77.68,5.12,58.78,0
c5f4eb52,1779400548,52.06,-2.06,21.16,1
907c174c,1779400608,56.15,45.45,67.93,0
653bd2d1,1779400668,25.71,8.5,71.29,1
aad22b5f,1779400728,100.0,45.59,53.97,0
df647f50,1779400788,87.84,47.66,42.7,0
e6f0acea,1779400848,89.9,7.61,49.11,0
af9e2915,1779400908,76.42,-6.0,66.28,0
013b44d4,1779400968,89.83,-3.61,39.24,0
6e6e0845,1779401028,0.0,2.96,48.86,1
38e2975b,1779401088,26.56,22.17,46.17,1
218a16d4,1779401148,80.07,35.25,78.27,0
b556c803,1779401208,47.48,36.44,51.21,1
124fef62,1779401268,55.19,-6.86,76.46,1
63eadcea,1779401328,32.34,34.91,56.57,1
37ba3d41,1779401388,23.23,14.39,12.39,1
387875c4,1779401448,95.1,12.16,53.81,0
8485e768,1779401508,3.79,11.22,68.98,1
a1eed8fd,1779401568,44.94,33.38,100.0,1
1aed24db,1779401628,83.95,16.6,65.42,0
cf307194,1779401688,100.0,3.27,57.81,0
4f823a21,1779401748,88.43,-8.27,31.91,0
0e609e87,1779401808,100.0,48.04,34.1,0
d09a161c,1779401868,40.71,20.43,72.78,1
280ec9e5,1779401928,39.33,5.46,66.23,1
6bdc05da,1779401988,61.3,34.98,66.99,0
8f881f53,1779402048,51.14,16.65,39.04,1
4565e710,1779402108,72.39,17.85,49.87,0
e7befffd,1779402168,47.48,3.72,56.07,1
65d000c5,1779402228,57.7,23.62,76.18,1
01e35820,1779402288,100.0,35.29,61.94,0
15210e75,1779402348,67.48,48.61,61.74,0
0b28dd26,1779402408,46.25,41.58,73.58,1
96c7721b,1779402468,41.69,-0.47,83.56,1
986fb668,1779402528,78.9,3.97,45.64,0
6370b148,1779402588,100.0,26.23,42.25,0
291296e3,1779402648,54.7,37.18,70.15,0
26dff91b,1779402708,79.75,5.82,65.84,0
8c6d4a38,1779402768,76.94,18.04,84.31,0
0e9e34fa,1779402828,73.53,-2.77,18.32,0
542fce4f,1779402888,0.0,22.3,19.09,1
775ed496,1779402948,60.47,29.13,62.47,1
26fbf50e,1779403008,53.66,27.62,79.95,1
f6957ba2,1779403068,4.05,37.93,88.08,1
f013ac89,1779403128,75.44,48.34,62.3,0
0001e34c,1779403188,42.07,29.9,38.75,1
06fc9abd,1779403248,22.88,38.82,41.89,1
9248f539,1779403308,0.0,22.38,81.99,1
34884b7a,1779403368,56.24,2.21,0.0,1
ba288e06,1779403428,55.75,30.86,67.3,1
13bdab56,1779403488,48.99,-5.13,61.68,1
3af24408,1779403548,33.7,36.83,62.32,1
818ba230,1779403608,51.84,6.65,44.31,1
315fbe4f,1779403668,47.53,43.91,76.83,1
2a3c4cbb,1779403728,28.47,46.83,29.28,1
dd9661fb,1779403788,58.82,13.31,33.15,1
3199611e,1779403848,38.56,16.23,66.77,1
cc01e3a2,1779403908,30.79,-6.49,92.87,1
10f4eeb8,1779403968,50.74,-9.32,97.75,1
a4448e9f,1779404028,68.06,-3.34,63.88,1
fac1f9d7,1779404088,89.15,-5.75,72.42,0
92966467,1779404148,49.22,37.47,51.68,1
a96ed043,1779404208,57.48,29.39,53.97,1
834915f1,1779404268,54.89,47.93,18.48,0
d418282d,1779404328,49.94,27.47,29.88,1
252d4bde,1779404388,39.75,-1.96,58.84,1
b81254f8,1779404448,25.8,46.39,27.75,1
58142c05,1779404508,47.76,4.74,9.94,1
343e3d50,1779404568,57.03,49.96,40.21,0
cdc93ca8,1779404628,44.34,36.83,38.47,1
5c357c37,1779404688,47.47,-0.4,56.77,1
35622455,1779404748,52.41,10.77,49.87,1
c35033b9,1779404808,26.11,34.89,55.27,1
b822c470,1779404868,8.36,0.29,84.91,1
9e35c412,1779404928,84.56,8.74,69.27,0
ce44a631,1779404988,45.61,14.35,51.63,1
52a7fe63,1779405048,37.24,38.68,87.09,1
b13a4e6b,1779405108,35.74,46.77,60.33,1
00f38a7c,1779405168,54.48,42.66,44.71,0
acba89b0,1779405228,52.59,39.46,43.85,0
6fb7bb27,1779405288,74.05,32.35,38.63,0
c263c7ba,1779405348,69.78,-4.76,68.93,1
0cbaa6c2,1779405408,57.24,47.23,43.86,0
6ab8b729,1779405468,64.05,46.29,59.17,0
62c1a53e,1779405528,55.86,8.72,72.02,1
b41a80a8,1779405588,48.55,-1.47,89.16,1
b37f11b1,1779405648,41.76,31.93,75.72,1
19a98f73,1779405708,50.02,38.98,22.68,0
463a2613,1779405768,51.52,44.96,44.65,0
95cfdc51,1779405828,61.07,-7.48,45.95,1
e8e3ac82,1779405888,86.07,23.62,58.56,0
678774e7,1779405948,48.58,45.28,32.58,1
9be5e2ef,1779406008,86.73,10.18,75.55,0
d4230d7b,1779406068,35.09,21.99,44.8,1
0458b642,1779406128,58.41,32.47,24.77,0
a5b3acd7,1779406188,31.65,35.03,70.26,1
d5e0a558,1779406248,54.26,13.02,49.73,1
74eb6864,1779406308,55.34,46.49,95.06,0
8c349120,1779406368,86.27,6.96,75.32,0
e675a50f,1779406428,23.08,14.27,65.38,1
78f2414d,1779406488,45.42,40.58,46.13,1
0d96bcd6,1779406548,77.64,29.39,51.86,0
07a5416d,1779406608,9.98,45.33,61.16,1
871599a0,1779406668,53.5,27.27,53.4,1
82b405df,1779406728,11.3,15.84,52.97,1
eb01eb72,1779406788,46.11,13.23,67.14,1
f8bef489,1779406848,26.28,44.47,26.22,1
2e0195aa,1779406908,100.0,0.57,80.82,0
2b7e09a6,1779406968,71.13,23.52,59.95,0
d92f0cb9,1779407028,70.54,-7.44,22.95,0
f161d180,1779407088,62.75,37.01,100.0,0
75166197,1779407148,0.0,47.92,67.37,1
1af10f25,1779407208,53.71,9.26,35.57,1
78571b02,1779407268,100.0,-4.63,87.21,0
96c537cc,1779407328,79.85,36.17,88.61,0
34ae0a48,1779407388,43.33,29.01,49.22,1
ce744d80,1779407448,60.12,-6.46,43.44,1
b8594eb5,1779407508,73.19,36.46,51.17,0
66b986fb,1779407568,72.28,32.56,66.96,0
4fcff727,1779407628,60.07,31.69,60.33,1
3ed56a4a,1779407688,11.89,44.14,93.91,1
e7bde03c,1779407748,45.81,9.14,57.4,1
8ba1b0fb,1779407808,62.11,0.14,80.84,1
db09aab0,1779407868,50.54,20.76,89.63,1
1e049554,1779407928,73.33,9.1,52.94,0
12bbb344,1779407988,43.0,32.92,48.48,1
f0613496,1779408048,23.29,-3.29,70.79,1
48624bb7,1779408108,81.76,11.97,83.18,0
ea60874d,1779408168,58.93,-9.68,32.73,1
16642a35,1779408228,33.54,1.6,92.73,1
e840a5bd,1779408288,68.32,-3.33,71.9,1
59f3dc42,1779408348,47.36,27.56,54.15,1
80188a01,1779408408,55.6,24.84,88.52,1
1582a59f,1779408468,53.41,26.67,88.34,1
31554e7d,1779408528,76.07,4.13,60.89,0
a907cd9f,1779408588,34.98,39.17,52.38,1
3a316317,1779408648,5.79,48.88,39.48,1
947a089b,1779408708,55.2,-3.51,10.82,1
e9a5caac,1779408768,82.98,12.66,63.11,0
72920bbd,1779408828,16.41,45.39,35.44,1
17fb9fa0,1779408888,48.14,5.88,47.75,1
7c123a05,1779408948,7.76,43.3,27.89,1
89de613f,1779409008,65.2,-1.94,36.13,1
b24b1466,1779409068,52.77,27.58,70.8,1
c21c5e17,1779409128,2.26,2.76,43.96,1
b29286fb,1779409188,62.87,11.59,62.36,1
daa269b1,1779409248,45.38,12.78,70.78,1
44bdb77c,1779409308,94.49,33.18,53.94,0
9d0a926b,1779409368,100.0,-8.2,15.86,0
9d7097f1,1779409428,24.19,23.52,33.75,1
eedfe0da,1779409488,93.91,33.02,69.76,0
684733eb,1779409548,68.86,-8.82,45.21,1
a77c8591,1779409608,36.17,33.78,66.01,1
7da58dfe,1779409668,0.0,31.44,82.39,1
6e3c39bd,1779409728,76.45,12.87,67.1,0
7e55fc60,1779409788,53.3,27.34,26.02,1
81311bb6,1779409848,74.99,21.41,55.76,0
6b0f89a3,1779409908,95.96,3.19,50.82,0
5fe8000c,1779409968,40.48,43.09,60.51,1
96d2f4e8,1779410028,34.82,45.99,71.51,1
f32db8a0,1779410088,78.66,39.14,38.03,0
bc7a0eda,1779410148,58.27,41.86,63.82,0
620ace96,1779410208,74.65,33.98,31.74,0
9b294fb6,1779410268,30.27,40.5,61.28,1
c31cfb5c,1779410328,47.52,3.49,69.67,1
1a39bb32,1779410388,63.39,-4.39,65.2,1
bc50b17c,1779410448,95.85,6.58,69.99,0
ac768843,1779410508,92.34,40.26,71.0,0
7e0a44ce,1779410568,90.6,8.11,53.77,0
88759ace,1779410628,35.08,11.53,49.05,1
7f02d8a5,1779410688,82.25,-5.59,86.55,0
1caaf89c,1779410748,63.95,9.11,25.9,1
9c0dc6aa,1779410808,91.34,-9.44,47.26,0
a8103d01,1779410868,32.51,-2.34,51.25,1
cf8cc760,1779410928,47.08,21.63,68.69,1
3a491898,1779410988,66.33,41.72,49.81,0
5d97e975,1779411048,14.37,35.41,31.06,1
0ffc16f7,1779411108,33.45,5.45,52.92,1
dde0b0b9,1779411168,36.32,18.72,57.25,1
ad16c0b5,1779411228,52.45,-5.69,94.17,1
bb4acffa,1779411288,93.88,-6.51,49.94,0
e0fccf95,1779411348,45.86,1.7,48.74,1
2cdbe505,1779411408,53.22,7.24,73.76,1
6fc0aad8,1779411468,27.67,-2.07,89.25,1
310b1997,1779411528,67.11,-6.89,34.8,1
721a24d3,1779411588,28.34,2.07,46.5,1
1263d979,1779411648,73.54,32.95,70.57,0
743a780c,1779411708,66.69,-6.5,64.67,1
cc3a6fb3,1779411768,42.36,12.35,36.25,1
635fff24,1779411828,16.12,-1.03,52.43,1
4f95b10b,1779411888,69.69,13.52,60.34,1
9a8479d3,1779411948,25.03,9.46,43.63,1
d48f2547,1779412008,70.45,25.28,71.48,0
1a5e633c,1779412068,20.46,-2.54,37.87,1
af2b52dd,1779412128,54.68,-8.38,71.73,1
11fe2844,1779412188,33.96,48.35,99.43,1
b1ed3cd7,1779412248,39.38,33.21,68.24,1
bd27070d,1779412308,15.85,31.92,58.74,1
f489883c,1779412368,38.06,28.8,60.96,1
d50d8ece,1779412428,25.59,10.94,67.41,1
d57dbec1,1779412488,23.46,41.16,65.05,1
092b956c,1779412548,51.87,27.21,39.6,1
b4bb4331,1779412608,10.15,38.56,45.48,1
01758f9f,1779412668,45.96,-7.65,53.65,1
2e0d43b5,1779412728,34.4,39.26,43.56,1
21b7ba83,1779412788,61.6,30.5,48.84,1
1f773c12,1779412848,63.11,16.67,20.92,1
95fc2b75,1779412908,74.95,39.43,63.65,0
911ed327,1779412968,55.94,41.75,54.9,0
ee4519d7,1779413028,26.02,-1.86,61.36,1
b6326c1c,1779413088,47.9,39.68,59.4,1
607d0400,1779413148,100.0,14.69,57.32,0
5ff30ee6,1779413208,20.59,36.23,46.92,1
344f5524,1779413268,25.16,9.27,87.91,1
e141d59b,1779413328,56.95,16.09,100.0,1
5c92a733,1779413388,50.39,13.07,86.01,1
3f810afa,1779413448,59.06,24.57,52.35,1
c003103c,1779413508,56.46,15.5,45.85,1
fcac975b,1779413568,87.92,-6.6,73.16,0
b1c15353,1779413628,89.08,19.81,67.38,0
ac45675f,1779413688,71.72,1.89,64.07,0
28bd89e1,1779413748,57.34,39.37,47.63,0
87f99533,1779413808,59.91,39.99,79.61,0
23a5d770,1779413868,36.82,35.72,65.13,1
febcd376,1779413928,36.3,13.68,46.65,1
29f16aec,1779413988,21.75,0.16,36.5,1
c586a1de,1779414048,89.06,41.73,56.85,0
458b09cc,1779414108,41.9,33.83,84.85,1
e749ea60,1779414168,44.44,30.56,57.88,1
f9158beb,1779414228,78.24,26.97,71.14,0
6d09194b,1779414288,54.44,27.64,56.55,1
85c9a4e0,1779414348,64.63,7.87,73.14,1
ce55ff19,1779414408,44.79,17.57,53.38,1
45d2d673,1779414468,82.17,-2.26,37.62,0
eacfa4bd,1779414528,83.74,-1.11,40.87,0
44356aa2,1779414588,61.65,32.71,44.49,0
51617d49,1779414648,41.14,30.49,100.0,1
4a233218,1779414708,54.78,31.69,65.04,1
97b4135e,1779414768,25.11,-0.07,63.89,1
a3c9209e,1779414828,62.17,26.87,70.28,1
1fd41a92,1779414888,39.46,9.63,58.91,1
2c738039,1779414948,38.12,45.76,6.81,1
8cb76d21,1779415008,51.19,12.08,40.26,1
5ab04197,1779415068,18.17,23.35,61.08,1
bc60fdea,1779415128,65.62,46.25,34.9,0
ef8d82ba,1779415188,32.59,7.81,77.57,1
61beb534,1779415248,45.62,-4.44,52.95,1
bccc538c,1779415308,96.78,35.07,59.9,0
3fdb012d,1779415368,45.65,7.29,50.43,1
eccffa9d,1779415428,43.1,7.96,44.11,1
a02738e6,1779415488,71.5,17.29,66.04,0
5c61dd5f,1779415548,34.25,43.7,68.78,1
83192a94,1779415608,40.96,-3.61,51.84,1
b2dfef55,1779415668,62.8,49.28,22.82,0
33676711,1779415728,37.25,24.55,85.02,1
be3f379c,1779415788,78.4,34.19,68.68,0
b13d6e59,1779415848,96.41,34.76,75.21,0
6c936b29,1779415908,42.64,31.32,52.79,1
614b16a8,1779415968,42.88,48.79,82.01,1
05efed2f,1779416028,39.8,12.71,32.2,1
f44a29f4,1779416088,45.59,18.25,67.07,1
e8b19383,1779416148,52.32,41.44,32.73,0
bf42ba63,1779416208,73.48,44.68,48.16,0
520a61e4,1779416268,51.58,5.32,57.89,1
2ae00b55,1779416328,59.23,32.34,36.29,0
03276a16,1779416388,38.45,44.52,57.89,1
c5a5de1b,1779416448,26.89,19.81,78.69,1
0c1fc9e0,1779416508,49.21,21.35,58.15,1
2c5ad30a,1779416568,13.43,36.6,61.73,1
915e1d5a,1779416628,66.98,6.29,26.03,1
03a6e7cc,1779416688,15.59,27.98,52.96,1
0ea167bd,1779416748,42.83,-8.31,59.12,1
9d570948,1779416808,16.51,25.1,57.56,1
73aed42f,1779416868,93.48,47.14,39.32,0
7ba74dd5,1779416928,86.86,35.18,62.95,0
49f24a8a,1779416988,10.18,47.12,41.65,1
d15f0610,1779417048,14.99,37.51,89.96,1
749abf4e,1779417108,27.38,22.64,49.06,1
8b9d6661,1779417168,81.31,17.42,65.09,0
2dd2e3fd,1779417228,35.69,24.52,79.09,1
67c438fd,1779417288,37.49,41.45,34.54,1
02fb5ab1,1779417348,65.34,6.97,48.77,1
30e12382,1779417408,28.58,29.25,77.7,1
d4be8cc6,1779417468,24.62,18.5,86.11,1
8d6f8428,1779417528,64.55,9.2,57.5,1
1a4aac90,1779417588,38.05,30.17,37.48,1
d51cbf2a,1779417648,61.71,42.91,64.36,0
0ccaf516,1779417708,40.52,34.84,24.19,1
2ffc6e9b,1779417768,43.92,16.67,72.44,1
772791e1,1779417828,43.21,18.83,75.33,1
fd710710,1779417888,30.55,11.18,37.21,1
840b4fe2,1779417948,47.79,-9.39,90.93,1
af89d6ed,1779418008,28.25,27.98,91.06,1
b88e2cda,1779418068,39.07,46.66,100.0,1
70b402b0,1779418128,90.37,30.51,46.38,0
1e61b215,1779418188,38.85,33.71,51.67,1
35d9b861,1779418248,46.12,4.82,27.96,1
31cc9c32,1779418308,90.86,9.86,71.89,0
863fd48f,1779418368,79.51,-4.35,67.49,0
cf5a2f05,1779418428,25.15,-2.64,83.68,1
82a80137,1779418488,12.16,39.28,65.05,1
2fd8a478,1779418548,100.0,33.79,71.98,0
dbc959a8,1779418608,67.3,47.19,50.25,0
188b91a5,1779418668,90.37,21.49,59.88,0
1fa9ed9a,1779418728,44.91,-4.75,49.91,1
1344125a,1779418788,15.28,29.19,77.5,1
b0272dd7,1779418848,65.96,-3.35,47.03,1
1427f93f,1779418908,38.13,2.51,63.92,1
707c3a9e,1779418968,53.84,6.45,36.01,1
8dba1080,1779419028,59.77,12.35,31.35,1
989e5426,1779419088,52.75,13.22,37.29,1
c99a56b5,1779419148,37.78,27.24,65.77,1
3944f9f0,1779419208,0.0,3.94,32.71,1
193cfd0a,1779419268,79.98,46.86,37.01,0
9e269473,1779419328,0.0,6.1,85.4,1
712828d9,1779419388,54.75,29.92,69.07,1
5177dd99,1779419448,78.86,32.82,55.06,0
bb9904d6,1779419508,67.95,15.81,28.73,1
492bc959,1779419568,50.7,10.17,38.78,1
3b4a2a19,1779419628,42.42,49.82,17.68,1
281d4cc0,1779419688,19.1,26.82,52.87,1
ed52a550,1779419748,40.49,-6.99,54.91,1
0800ac82,1779419808,48.64,15.6,52.43,1
51bb647d,1779419868,63.63,-2.24,47.92,1
0bb6228a,1779419928,54.18,-8.34,75.84,1
da005379,1779419988,6.04,33.71,51.85,1
e2c4b476,1779420048,22.33,-3.75,59.14,1
cad16197,1779420108,26.99,-1.73,75.78,1
131e803a,1779420168,85.41,6.73,59.95,0
5b8409f0,1779420228,69.42,-1.13,49.59,1
2ba82e70,1779420288,62.1,40.48,62.48,0
1bed7e06,1779420348,45.59,-1.46,51.41,1
11d6aa43,1779420408,68.35,40.5,37.08,0
51400fbe,1779420468,33.1,-9.33,48.47,1
7568a249,1779420528,71.88,44.18,56.14,0
afda34cb,1779420588,43.01,14.48,52.96,1
ed0b1dc3,1779420648,63.14,20.83,86.38,1
a2350a4d,1779420708,28.84,18.66,63.85,1
8d65055d,1779420768,3.03,22.39,63.54,1
ed6d0c75,1779420828,94.95,41.13,94.26,0
c06d9e65,1779420888,58.99,-9.34,11.53,1
4fb13011,1779420948,32.98,38.99,76.4,1
5e3d1b77,1779421008,32.46,-2.87,53.53,1
772a84e4,1779421068,48.95,20.69,59.66,1
815f4a25,1779421128,52.51,-1.55,30.26,1
3a2a7401,1779421188,98.49,-6.28,32.21,0
e6b09d72,1779421248,9.9,4.42,43.55,1
c953b5bd,1779421308,86.77,27.84,94.73,0
e834b2d3,1779421368,37.64,2.58,44.26,1
15e685d1,1779421428,0.0,9.82,100.0,1
0a4dc0b4,1779421488,46.65,48.49,61.89,1
ab6fce02,1779421548,57.12,12.09,52.0,1
53eef006,1779421608,12.62,49.59,37.23,1
6e261477,1779421668,65.1,-0.74,100.0,1
763a2bae,1779421728,23.66,2.89,57.34,1
56bf69dd,1779421788,52.06,10.13,24.98,1
b0544d0b,1779421848,18.82,9.6,56.64,1
af2cc1a9,1779421908,65.67,10.97,45.3,1
f1361dc2,1779421968,3.81,31.79,55.47,1
e54c8446,1779422028,37.93,4.53,75.56,1
9b8b19a7,1779422088,24.83,28.39,71.98,1
2beca7f5,1779422148,55.81,20.8,44.31,1
5f89c2d8,1779422208,57.83,16.79,43.78,1
51eefb52,1779422268,34.56,19.53,36.16,1
472ef590,1779422328,32.15,39.37,65.95,1
6571a4bd,1779422388,72.79,6.63,26.58,0
887967e2,1779422448,72.85,23.12,79.13,0
eebc433e,1779422508,30.04,12.97,43.21,1
e1afce1e,1779422568,39.65,31.06,41.9,1
d4036a06,1779422628,37.66,4.02,79.51,1
d87e8bc7,1779422688,40.48,31.7,58.55,1
09b575be,1779422748,89.54,12.72,94.02,0
32a48833,1779422808,38.82,30.61,91.1,1
0e3b7bbf,1779422868,8.72,26.39,62.25,1
cdd26102,1779422928,34.64,49.28,56.62,1
cf929d89,1779422988,63.3,-3.77,62.95,1
d06536e1,1779423048,28.16,40.13,52.46,1
589a31c5,1779423108,50.09,1.2,80.92,1
1d5305ba,1779423168,55.94,20.38,39.92,1
0ee9fabc,1779423228,22.7,14.14,81.84,1
0ee1a2cf,1779423288,51.5,15.39,54.79,1
f6983acb,1779423348,55.56,13.92,73.18,1
49b7b18d,1779423408,60.89,-9.02,54.92,1
7cc0f39d,1779423468,60.31,29.24,56.78,1
004333ca,1779423528,14.28,40.0,63.15,1
025a2311,1779423588,33.72,1.51,44.69,1
15ee38ab,1779423648,91.57,47.26,84.62,0
16617e39,1779423708,55.03,18.66,100.0,1
1cd72956,1779423768,48.16,7.25,45.84,1
a5279258,1779423828,27.53,9.95,45.4,1
e870dd55,1779423888,16.14,48.73,39.19,1
b1153f96,1779423948,53.06,48.86,74.21,0
a531b023,1779424008,63.9,26.52,58.67,1
9a3b127c,1779424068,66.84,2.34,39.57,1
7c42c709,1779424128,20.85,4.7,46.25,1
8058ba1e,1779424188,37.26,-4.78,54.97,1
b39d2413,1779424248,54.4,-1.3,60.4,1
e21be0b6,1779424308,46.51,23.8,41.86,1
565b1f8f,1779424368,24.04,15.47,38.38,1
4c376a5b,1779424428,64.01,-7.48,54.98,1
0a72a6c0,1779424488,67.19,40.04,48.17,0
3e473274,1779424548,22.64,17.36,78.61,1
81ea2961,1779424608,30.09,7.47,50.77,1
24f0b211,1779424668,80.65,11.81,66.02,0
445226a9,1779424728,38.87,28.67,17.69,1
296761d8,1779424788,30.1,25.18,83.13,1
b8443392,1779424848,87.81,-0.12,44.53,0
3f51802d,1779424908,38.03,43.36,28.51,1
f0d86eee,1779424968,62.04,-3.8,61.52,1
e84cc9a5,1779425028,0.0,26.01,36.89,1
73d94bf1,1779425088,60.31,30.21,67.53,1
6c850cc2,1779425148,61.7,13.02,62.95,1
7d809c8c,1779425208,94.12,12.62,58.7,0
19d0233a,1779425268,57.28,1.79,37.02,1
29b8ae56,1779425328,76.61,-4.84,57.58,0
4bc5f9ee,1779425388,52.15,9.86,52.42,1
88f1f6c6,1779425448,5.59,-4.8,29.08,1
dc628e66,1779425508,40.7,48.32,31.6,1
48a0b371,1779425568,94.0,31.9,61.3,0
56d919ff,1779425628,43.57,0.56,91.52,1
fdc20cec,1779425688,100.0,26.52,49.91,0
bf068881,1779425748,74.87,14.58,44.72,0
a1b6837b,1779425808,46.58,24.14,33.44,1
9acc45fb,1779425868,70.52,7.08,58.15,0
927a3119,1779425928,30.72,13.54,66.42,1
7e6694b1,1779425988,28.97,25.39,74.73,1
f0f0cfc6,1779426048,100.0,-3.2,65.37,0
7598b72a,1779426108,49.37,-2.8,60.77,1
5af53a28,1779426168,37.25,-4.56,50.82,1
441dfa2b,1779426228,49.46,13.31,88.78,1
8c8e9012,1779426288,46.5,0.02,69.77,1
1942bacb,1779426348,26.99,19.92,44.07,1
988feb76,1779426408,53.59,30.16,22.76,1
1dea736f,1779426468,68.19,2.34,79.2,1
7287338d,1779426528,52.79,1.93,39.82,1
aa3d572e,1779426588,51.4,9.61,42.88,1
5105e5b5,1779426648,30.14,48.72,81.9,1
28f583f0,1779426708,100.0,31.72,68.07,0
ae69a982,1779426768,0.0,12.08,50.27,1
66b93259,1779426828,39.16,0.04,56.38,1
d89538e1,1779426888,56.53,36.73,81.56,0
48ffaf4e,1779426948,62.1,23.04,69.25,1
1707e35d,1779427008,42.09,24.44,54.19,1
abfcae72,1779427068,72.15,19.91,19.25,0
1b5e4e62,1779427128,39.86,-8.03,61.77,1
002ec5bd,1779427188,28.61,29.13,72.35,1
33e5a15c,1779427248,58.96,40.12,60.69,0
cd20f023,1779427308,94.55,-2.96,33.4,0
fd50d45c,1779427368,86.37,27.36,45.87,0
bcdec993,1779427428,17.09,38.19,58.74,1
eeda63a0,1779427488,70.07,26.7,48.64,0
7cfb0149,1779427548,39.47,3.95,57.67,1
d6a06ac0,1779427608,22.42,28.83,100.0,1
27e463d4,1779427668,100.0,8.44,49.95,0
187bf175,1779427728,62.49,9.8,76.75,1
fd58241a,1779427788,48.77,0.48,85.68,1
414ddf47,1779427848,55.58,41.91,50.56,0
d01e1ff1,1779427908,63.78,-1.52,81.77,1
ca5923c7,1779427968,43.32,41.29,46.0,1
24812d47,1779428028,60.57,-8.09,90.01,1
c87ca2af,1779428088,84.36,6.57,63.86,0
a62dac9c,1779428148,43.99,-5.41,67.24,1
7b5e6c6d,1779428208,57.33,15.04,54.08,1
a9a93790,1779428268,53.76,18.83,88.56,1
82ea0640,1779428328,41.82,38.12,86.26,1
629f6dec,1779428388,56.65,32.16,44.41,0
dab4fcd3,1779428448,45.05,26.25,65.73,1
8793d9c0,1779428508,0.27,-3.6,37.35,1
03612d9b,1779428568,52.47,34.99,57.85,0
d7a76bc4,1779428628,78.23,-5.15,51.91,0
ae65dd9c,1779428688,73.76,40.33,66.44,0
6da97777,1779428748,84.18,15.65,45.81,0
a6ad55fa,1779428808,52.78,35.89,84.6,0
c8d00b2b,1779428868,54.03,23.02,44.92,1
c09607c2,1779428928,89.01,45.09,77.54,0
8356be36,1779428988,33.48,39.55,73.47,1
42529db1,1779429048,57.38,42.97,41.74,0
ae936198,1779429108,50.45,8.53,88.71,1
03378da9,1779429168,60.37,2.1,58.33,1
70758be5,1779429228,30.1,3.07,63.04,1
a7e8c48a,1779429288,30.6,49.15,80.7,1
ab82b4ec,1779429348,100.0,-7.82,63.64,0
c2cec442,1779429408,0.0,14.94,76.92,1
c8dc5946,1779429468,84.29,-0.74,84.25,0
dd875e5b,1779429528,86.85,16.6,59.96,0
e7e8054e,1779429588,37.4,2.74,41.96,1
0dfef80a,1779429648,42.4,22.46,41.41,1
96d4a6a6,1779429708,54.23,49.58,46.06,0
73583ee3,1779429768,55.38,0.7,31.52,1
5578528a,1779429828,62.03,35.35,71.59,0
fdc6bcff,1779429888,36.39,33.73,72.28,1
b3dfe5a8,1779429948,84.14,-2.68,36.31,0
ba498b2e,1779430008,45.31,7.45,39.66,1
aaf1b377,1779430068,47.04,19.07,87.74,1
c7d3a4e0,1779430128,28.12,11.19,87.52,1
3f9f222b,1779430188,69.3,-9.14,74.16,1
d3d34800,1779430248,40.64,11.1,50.7,1
53cea922,1779430308,74.81,39.69,35.44,0
6310b868,1779430368,56.83,12.07,33.3,1
a8cfb391,1779430428,100.0,43.62,62.28,0
0b976c3c,1779430488,16.37,-0.23,92.33,1
95c7ed94,1779430548,53.84,8.03,40.03,1
674df5e3,1779430608,63.88,4.66,35.21,1
8a014995,1779430668,0.0,17.21,36.64,1
c3916216,1779430728,34.58,44.26,72.89,1
ae0c144c,1779430788,34.32,0.84,81.9,1
7d8616f0,1779430848,26.75,23.42,35.5,1
76d937f5,1779430908,42.86,-3.44,49.62,1
6602d80a,1779430968,67.37,26.91,49.98,1
15d368e9,1779431028,61.48,38.04,53.26,0
c03f6f94,1779431088,65.65,27.18,69.13,1
8aa99d02,1779431148,0.0,3.43,60.54,1
66d01b39,1779431208,74.18,25.64,62.85,0
fa42245b,1779431268,44.4,31.71,73.13,1
3749ca9d,1779431328,83.56,28.7,83.42,0
5c9336b9,1779431388,37.51,48.72,52.2,1
beb8eb13,1779431448,48.92,15.5,47.87,1
cbfbcec6,1779431508,80.46,34.72,47.9,0
c0d186fd,1779431568,44.73,23.85,76.34,1
a5f26212,1779431628,58.82,34.78,66.73,0
7d61ec8f,1779431688,71.64,8.97,32.76,0
12c19c12,1779431748,0.0,44.82,41.9,1
ae0f1bcc,1779431808,60.77,11.66,30.49,1
a0977cea,1779431868,68.84,45.44,98.07,0
26d641ba,1779431928,45.26,35.98,54.6,1
bfc52cae,1779431988,23.22,20.2,51.59,1
0cffe2cc,1779432048,40.4,7.5,62.57,1
32881426,1779432108,52.26,-7.88,87.59,1
40a7c9fe,1779432168,71.84,1.96,32.62,0
bdb70a9e,1779432228,62.91,18.28,79.15,1
784d0dc4,1779432288,45.09,4.1,75.09,1
27a99a73,1779432348,71.05,10.11,97.09,0
5dd702b4,1779432408,22.91,7.47,26.72,1
c955bea0,1779432468,73.69,16.45,86.32,0
78bce442,1779432528,8.51,7.01,34.87,1
6eb66f4d,1779432588,44.44,9.27,52.05,1
b56ee429,1779432648,87.75,13.74,65.26,0
2bb192fb,1779432708,85.11,-2.23,93.29,0
97666a03,1779432768,67.4,20.42,90.9,1
da8cb30e,1779432828,36.74,21.43,96.66,1
08407b0b,1779432888,88.81,42.6,45.48,0
88b09f4a,1779432948,60.98,-9.17,70.46,1
0d25006f,1779433008,43.97,43.28,68.82,1
c3c56478,1779433068,43.22,34.96,32.78,1
d1c33dd7,1779433128,22.83,30.72,96.27,1
92c9e7b0,1779433188,6.9,28.78,67.53,1
51bded66,1779433248,66.13,-9.81,40.32,1
3e83724b,1779433308,0.0,8.19,81.74,1
aeca8848,1779433368,100.0,47.92,64.77,0
ad849ed2,1779433428,63.07,18.74,76.04,1
75bd15e5,1779433488,40.09,11.55,58.17,1
37e6776c,1779433548,41.22,17.7,81.09,1
72227399,1779433608,26.59,-6.29,41.08,1
857f0dba,1779433668,25.57,26.36,100.0,1
eeaaa638,1779433728,85.02,35.06,64.4,0
aed15e0d,1779433788,49.89,11.23,91.26,1
43477895,1779433848,43.44,26.84,37.34,1
c6d7b5ed,1779433908,31.7,15.41,100.0,1
82b1d79b,1779433968,18.86,-3.48,61.44,1
f3da10d4,1779434028,75.47,25.3,39.54,0
3287d692,1779434088,100.0,23.56,45.21,0
3851a953,1779434148,34.82,43.81,54.18,1
13711bbd,1779434208,90.26,17.84,76.27,0
4da64b18,1779434268,62.28,-6.77,89.82,1
2ece55ed,1779434328,41.74,-1.73,73.26,1
18c30207,1779434388,56.14,32.24,50.82,0
67e62406,1779434448,62.76,10.94,64.92,1
a1acb58f,1779434508,100.0,48.77,80.89,0
1c765b6c,1779434568,55.33,-1.08,58.25,1
ccfff728,1779434628,66.3,39.01,85.91,0
afca793c,1779434688,53.77,26.18,46.05,1
f1d124f1,1779434748,48.2,-5.92,78.05,1
f91e6c6e,1779434808,65.73,49.88,71.03,0
b8e66955,1779434868,42.55,4.08,58.91,1
7b611519,1779434928,62.18,-3.79,61.85,1
d0b75225,1779434988,59.22,30.03,46.17,1
064cd7df,1779435048,68.43,-2.27,48.25,1
b1c6ffb5,1779435108,44.09,1.27,47.67,1
e8ba84de,1779435168,98.84,19.46,65.63,0
3f3b1ad0,1779435228,20.01,-8.32,88.52,1
d6d0b834,1779435288,47.7,28.1,44.53,1
a397edc6,1779435348,58.19,22.02,34.01,1
729e3773,1779435408,39.16,35.54,52.95,1
c53a0e4f,1779435468,21.73,34.27,44.32,1
87925e52,1779435528,27.45,42.35,79.05,1
9a1b2703,1779435588,23.11,15.65,86.26,1
39217502,1779435648,28.13,18.13,73.76,1
411e681f,1779435708,63.35,26.5,100.0,1
42e63a7f,1779435768,15.17,14.61,64.28,1
9530044b,1779435828,87.61,29.23,63.44,0
406463fa,1779435888,59.97,-3.53,58.77,1
355d3da2,1779435948,34.85,3.71,37.6,1
a552703c,1779436008,39.59,0.65,62.27,1
32083bf2,1779436068,75.56,42.55,36.95,0
736490ea,1779436128,36.52,23.92,70.13,1
c01d471d,1779436188,45.14,-1.0,87.47,1
6e7800d5,1779436248,15.91,13.59,54.45,1
053d44c1,1779436308,0.0,46.22,56.47,1
eb6a25f5,1779436368,79.55,35.64,64.31,0
d04eea90,1779436428,48.97,-9.87,100.0,1
fdca98d8,1779436488,10.66,-2.93,84.79,1
758e3868,1779436548,91.47,47.7,52.2,0
7c9f4037,1779436608,68.49,41.07,16.4,0
de043988,1779436668,27.91,6.91,51.8,1
0740be9d,1779436728,39.6,40.83,19.8,1
25a4d4ad,1779436788,47.12,45.92,73.6,1
a641c269,1779436848,43.19,46.96,54.63,1
ae7eb34b,1779436908,15.94,19.28,60.84,1
c8da0558,1779436968,64.39,41.84,69.97,0
5e0ac621,1779437028,76.53,20.6,64.02,0
832898bd,1779437088,85.18,15.53,71.65,0
eb0a1258,1779437148,44.73,27.44,48.01,1
253eb99d,1779437208,40.2,7.58,53.14,1
125efd20,1779437268,35.85,31.95,52.73,1
7e10bd20,1779437328,65.14,6.45,56.83,1
d16d4fa3,1779437388,33.33,-4.89,46.85,1
8bdb1fc1,1779437448,60.9,39.57,78.78,0
0d404c7b,1779437508,37.7,28.45,34.4,1
1c5b2c3d,1779437568,58.89,40.34,76.61,0
48cedb71,1779437628,95.12,48.8,55.67,0
389c64ed,1779437688,100.0,42.67,66.87,0
98773b7d,1779437748,10.22,21.63,24.64,1
eca3e976,1779437808,49.93,7.47,52.11,1
da51651a,1779437868,66.28,44.06,58.82,0
1140399e,1779437928,68.36,6.84,93.1,1
b35635bf,1779437988,31.66,37.17,55.24,1
175446ea,1779438048,79.27,11.46,35.42,0
c8395278,1779438108,100.0,38.11,28.98,0
ae142965,1779438168,38.41,-2.2,33.55,1
9a160b47,1779438228,54.4,1.35,45.74,1
f6fb5d6e,1779438288,22.31,-6.79,62.08,1
a10c4b8c,1779438348,48.04,30.11,39.23,1
2dd62909,1779438408,25.96,28.01,67.64,1
b501ebfd,1779438468,28.06,38.09,12.63,1
323da89e,1779438528,27.57,42.41,51.48,1
3a201b79,1779438588,32.9,32.4,40.88,1
ee6f6992,1779438648,75.27,1.03,72.35,0
0dac98ed,1779438708,28.31,22.46,53.15,1
dd8a06a5,1779438768,75.59,-9.98,37.52,0
a1181e10,1779438828,47.43,47.49,46.56,1
1c2b1223,1779438888,35.98,8.36,57.94,1
98a6d20a,1779438948,29.32,8.0,67.97,1
450d632c,1779439008,49.03,2.54,46.31,1
84907c2a,1779439068,45.52,11.07,43.49,1
3929ae4c,1779439128,90.94,-3.25,64.93,0
99bc9e7f,1779439188,100.0,47.42,32.69,0
5019af68,1779439248,20.72,21.05,65.07,1
cb570255,1779439308,37.91,1.83,11.17,1
e35903a7,1779439368,20.13,34.64,60.06,1
6955e749,1779439428,31.31,43.38,63.33,1
dacda88a,1779439488,11.47,-7.26,79.51,1
eec0be0b,1779439548,15.34,44.46,88.97,1
f27b6bbc,1779439608,67.94,42.12,40.15,0
e7259b1e,1779439668,44.07,-8.56,52.75,1
347cacd0,1779439728,34.18,19.59,78.87,1
14964750,1779439788,49.35,15.75,89.72,1
4c279421,1779439848,50.81,-2.52,55.34,1
64caed83,1779439908,30.55,30.45,77.0,1
3912d3c9,1779439968,80.92,6.02,91.0,0
3696aa27,1779440028,66.17,-9.23,51.7,1
a4724867,1779440088,60.27,39.02,36.26,0
a4e2979c,1779440148,84.33,23.43,34.65,0
8f2dd83d,1779440208,54.27,38.83,47.78,0
4e618cae,1779440268,26.29,-9.41,95.53,1
f7c7c6fb,1779440328,26.71,12.71,65.64,1
225664ef,1779440388,30.62,19.56,33.36,1
c5a07cdb,1779440448,69.22,4.32,18.94,1
48a6a5ac,1779440508,74.61,3.44,67.53,0
e3239685,1779440568,100.0,23.88,62.33,0
ce27b37a,1779440628,85.21,-8.31,33.39,0
4a8fbd58,1779440688,63.95,-8.76,15.49,1
afd6b483,1779440748,100.0,35.55,62.15,0
4e144416,1779440808,9.32,4.95,85.25,1
f2bf267f,1779440868,74.66,21.23,63.77,0
8da618e2,1779440928,19.65,13.29,87.55,1
1f77c632,1779440988,75.04,11.55,39.17,0
4f2bf0fd,1779441048,37.72,41.23,36.74,1
1fed1d9f,1779441108,28.96,44.41,84.25,1
dab3fc99,1779441168,56.36,26.05,47.0,1
8ce6cf52,1779441228,83.78,35.41,81.18,0
38e69454,1779441288,62.99,24.8,35.11,1
9bdf323b,1779441348,54.28,34.41,50.16,0
430631a6,1779441408,63.76,-6.43,26.32,1
e9275939,1779441468,27.99,34.68,56.82,1
550d5a17,1779441528,43.1,27.73,69.18,1
be47d9ba,1779441588,47.09,7.58,50.6,1
01e7d724,1779441648,66.4,-2.19,35.4,1
78a27e1d,1779441708,60.0,32.64,77.51,0
0abc6e07,1779441768,43.29,10.12,100.0,1
b783af13,1779441828,57.93,45.97,95.79,0
fd9649ff,1779441888,30.58,8.97,38.6,1
a41cbedf,1779441948,0.0,-5.61,32.18,1
5bf0d3c4,1779442008,59.7,-6.09,8.23,1
b0235a99,1779442068,64.56,48.73,60.25,0
e7858656,1779442128,85.06,7.13,100.0,0
e6649236,1779442188,48.13,10.95,59.86,1
a6b84db7,1779442248,52.92,23.66,55.89,1
e0dee36f,1779442308,7.72,38.89,71.44,1
67f0e592,1779442368,66.94,4.08,65.3,1
90b6c1a8,1779442428,100.0,42.45,100.0,0
c355348c,1779442488,47.48,0.95,48.0,1
a51eaabc,1779442548,54.99,-3.21,71.13,1
def0c953,1779442608,6.27,12.99,75.79,1
f3d0b3a4,1779442668,0.0,29.85,28.72,1
0f2a0214,1779442728,31.95,45.46,82.69,1
c26b0f29,1779442788,48.96,25.44,54.63,1
3e0ec0ad,1779442848,26.1,30.7,42.35,1
873aa46d,1779442908,21.22,43.07,67.04,1
9a5ba90e,1779442968,22.99,31.02,88.29,1
2e564e00,1779443028,47.95,0.14,39.99,1
000a6e17,1779443088,47.22,-0.96,53.7,1
f2befc0a,1779443148,86.01,-1.08,82.1,0
2f3dfc12,1779443208,83.55,40.31,59.54,0
419c12fc,1779443268,26.66,33.21,76.61,1
c4347dfb,1779443328,30.57,22.83,46.2,1
5ee277d5,1779443388,40.96,-6.4,62.89,1
61877dfa,1779443448,61.58,26.27,67.32,1
6ee5dc19,1779443508,78.94,33.73,55.23,0
fe9be1c3,1779443568,5.86,1.88,75.59,1
1882200b,1779443628,8.62,10.36,47.37,1
8d042f17,1779443688,17.96,38.37,61.21,1
e0cc7c5e,1779443748,48.43,34.76,36.62,1
8b5645c2,1779443808,0.0,18.49,55.16,1
759a475a,1779443868,80.34,-9.13,70.85,0
30afd0ef,1779443928,88.23,20.76,69.06,0
031615c0,1779443988,68.8,25.81,50.87,1
9fc81162,1779444048,95.49,41.36,78.15,0
972f041f,1779444108,28.65,18.01,73.71,1
89c0b1e0,1779444168,51.04,46.29,67.31,0
df011c42,1779444228,63.72,10.96,80.72,1
1bca51ed,1779444288,75.14,15.95,32.56,0
b5f72d7a,1779444348,65.84,8.73,74.53,1
c53c95ee,1779444408,48.72,9.4,97.98,1
a8c1f173,1779444468,72.44,11.57,56.05,0
e9159136,1779444528,26.82,2.88,33.4,1
20602916,1779444588,21.02,39.05,62.94,1
f3f089a9,1779444648,62.36,-2.5,32.32,1
7f5cc38b,1779444708,49.06,39.33,67.92,1
83d5fb88,1779444768,69.09,39.64,79.2,0
ace78e70,1779444828,57.45,5.95,46.67,1
6644245b,1779444888,14.37,-2.66,32.6,1
c52186ad,1779444948,44.17,49.52,43.73,1
2bb78c32,1779445008,99.1,18.26,82.24,0
7975984b,1779445068,58.32,25.32,62.37,1
20fb9651,1779445128,49.7,49.57,45.08,1
8b9f3054,1779445188,85.47,-3.6,25.97,0
8ddc1cbd,1779445248,23.33,13.23,38.1,1
53881f7f,1779445308,37.03,40.97,80.88,1
cd8ccf18,1779445368,35.47,5.63,68.47,1
00d68ae1,1779445428,35.81,-5.54,36.74,1
dc6fd06c,1779445488,94.31,28.52,32.46,0
f839a415,1779445548,53.44,20.62,93.18,1
adaa915f,1779445608,85.79,10.8,78.51,0
4f8440c2,1779445668,19.91,22.93,42.27,1
f85b6e88,1779445728,65.39,14.36,17.3,1
c9564c27,1779445788,95.24,13.02,94.56,0
3002b055,1779445848,83.39,6.84,52.97,0
33f8d5b1,1779445908,80.09,26.78,73.29,0
176f2cd2,1779445968,62.97,6.96,60.56,1
f3ca96ab,1779446028,38.05,26.88,44.44,1
da2aa332,1779446088,77.65,4.95,54.38,0
486fa31b,1779446148,40.4,5.47,56.75,1
3a0c3c2c,1779446208,66.86,13.33,59.71,1
76242979,1779446268,25.3,-7.19,98.2,1
b528feb8,1779446328,31.2,43.02,60.12,1
ee17b3ec,1779446388,33.57,28.41,87.41,1
29226f5c,1779446448,58.44,39.36,47.06,0
15d456bd,1779446508,35.93,5.82,76.78,1
6c0cbee3,1779446568,62.79,45.23,60.47,0
61153dc3,1779446628,80.58,45.28,47.73,0
1a34e25a,1779446688,68.29,6.07,49.41,1
010a6273,1779446748,22.4,20.42,48.51,1
92faa868,1779446808,52.49,-2.59,84.34,1
f09bc2fb,1779446868,60.04,24.99,28.28,1
8fd1b417,1779446928,30.89,35.22,62.78,1
7795b0e3,1779446988,50.57,33.13,77.86,0
fdb8b006,1779447048,55.93,30.46,73.77,1
939de929,1779447108,26.0,24.96,77.75,1
83d688f1,1779447168,37.8,43.83,76.39,1
82d36ad5,1779447228,19.89,27.39,97.75,1
f5762470,1779447288,78.45,18.94,53.39,0
a0d3d55b,1779447348,50.57,29.62,78.75,1
28d9dafb,1779447408,33.99,40.33,68.4,1
cf435a9e,1779447468,66.07,41.96,62.83,0
f0f28520,1779447528,61.2,0.11,100.0,1
fbc1e7b0,1779447588,54.54,-7.06,38.97,1
076b207b,1779447648,55.78,37.12,65.62,0
8c7b59b3,1779447708,53.9,10.54,60.31,1
48b30596,1779447768,27.96,30.46,52.5,1
21ca50e0,1779447828,31.06,18.04,65.58,1
2b05fb02,1779447888,47.97,30.46,100.0,1
eed00dbc,1779447948,64.1,26.97,79.19,1
62eb27af,1779448008,21.18,39.07,52.16,1
604b8a41,1779448068,85.23,13.91,69.15,0
6a8e05d6,1779448128,48.27,30.49,73.89,1
498e9f07,1779448188,68.82,29.9,67.54,1
b4d0c936,1779448248,93.54,35.06,70.27,0
84802516,1779448308,45.08,19.88,46.71,1
208e2b0c,1779448368,61.55,9.85,62.33,1
844e792a,1779448428,54.79,3.21,91.86,1
aaf4d0e4,1779448488,59.5,-2.54,61.88,1
6cbad676,1779448548,33.51,9.27,60.21,1
0cfe4abe,1779448608,76.82,33.82,67.59,0
184de97e,1779448668,72.06,8.16,58.4,0
dbdab4d6,1779448728,45.83,43.92,92.62,1
a36ece80,1779448788,51.07,2.85,60.64,1
711fe0b0,1779448848,79.99,34.54,76.92,0
45aae152,1779448908,42.46,5.69,60.05,1
142d5088,1779448968,71.82,40.45,51.24,0
16f95aaa,1779449028,41.57,2.91,35.0,1
56c2b2ba,1779449088,60.33,11.21,71.94,1
f626b2f2,1779449148,25.62,12.94,71.24,1
99f6ff97,1779449208,16.53,42.58,47.44,1
a28b5fa9,1779449268,20.78,4.53,79.0,1
a02211e3,1779449328,5.5,32.03,64.29,1
9ff64872,1779449388,7.3,46.34,43.59,1
8c2a024a,1779449448,33.97,12.94,30.11,1
f7b00e0e,1779449508,30.98,8.14,46.06,1
c3bd4b66,1779449568,59.43,30.86,70.29,1
f8ec7255,1779449628,63.89,6.03,0.0,1
c5e82b64,1779449688,44.54,19.74,48.99,1
e1b9fc0f,1779449748,30.9,13.6,32.76,1
233ee1c6,1779449808,42.79,5.7,51.96,1
ad8067cd,1779449868,45.05,-5.67,50.16,1
43d07c61,1779449928,28.66,9.61,90.48,1
5f867999,1779449988,41.8,3.96,51.04,1
89b52c61,1779450048,50.62,5.35,57.96,1
26f62938,1779450108,57.81,-2.1,47.98,1
9c74bb12,1779450168,100.0,23.27,42.5,0
755bc06d,1779450228,33.89,-9.5,84.48,1
7058c60f,1779450288,55.14,-1.5,59.2,1
d0b2a333,1779450348,28.48,18.51,49.36,1
e98bf552,1779450408,35.15,44.37,82.14,1
230b31a7,1779450468,4.93,37.22,100.0,1
65067898,1779450528,55.18,4.58,53.96,1
8372012e,1779450588,67.66,44.12,28.85,0
f53ca551,1779450648,96.17,36.6,79.44,0
2a2ea8c5,1779450708,68.36,15.08,49.2,1
6536725a,1779450768,37.84,4.77,38.95,1
f6e6f96c,1779450828,31.15,0.86,41.19,1
d508677c,1779450888,71.42,28.91,95.92,0
d2804475,1779450948,79.74,-2.22,46.22,0
35ab35c7,1779451008,8.65,21.66,70.48,1
7e9fd552,1779451068,76.56,43.48,47.1,0
87f44039,1779451128,31.63,6.49,70.99,1
f4a788f1,1779451188,46.99,46.47,76.06,1
24c5f356,1779451248,63.22,45.54,57.48,0
0ec41490,1779451308,69.85,43.11,56.15,0
e0ba5fd9,1779451368,40.05,40.13,35.32,1
129b5cb6,1779451428,78.44,39.59,65.1,0
02cc9f6f,1779451488,48.95,-6.14,74.78,1
82f03782,1779451548,21.98,38.57,33.08,1
3fa9a57b,1779451608,72.24,-8.69,82.12,0
757be990,1779451668,49.17,27.74,60.95,1
ae8ffb84,1779451728,50.68,27.76,55.96,1
f97438ba,1779451788,48.1,41.09,56.74,1
5551a502,1779451848,45.72,15.46,55.18,1
77de438e,1779451908,37.93,49.83,73.48,1
6b5ffe48,1779451968,19.14,-2.67,28.53,1
55db1bc5,1779452028,22.05,27.73,75.71,1
ac66c4fa,1779452088,36.53,41.4,33.39,1
2c00eb92,1779452148,32.83,26.46,69.5,1
ac588ceb,1779452208,31.36,17.95,64.69,1
b3c10277,1779452268,44.2,36.62,26.2,1
ab216f0c,1779452328,12.79,28.29,47.85,1
e78c167e,1779452388,63.16,3.14,59.08,1
8d74f128,1779452448,91.64,39.53,74.62,0
91e07eab,1779452508,91.83,8.19,43.35,0
54f305a3,1779452568,73.2,46.99,56.97,0
23941081,1779452628,29.41,39.2,88.69,1
dc91ee1e,1779452688,18.37,47.08,79.56,1
8ab3ab25,1779452748,2.27,30.68,25.44,1
460bc06d,1779452808,46.42,2.84,91.39,1
40c9b065,1779452868,32.11,0.51,81.78,1
db220b71,1779452928,31.54,48.28,64.75,1
c96e18b6,1779452988,53.01,-1.27,59.18,1
5b41516b,1779453048,28.98,20.73,58.58,1
8140507e,1779453108,20.3,28.14,35.07,1
90b686a1,1779453168,62.09,24.92,47.78,1
8e1188f6,1779453228,44.29,48.96,74.03,1
0fd87cab,1779453288,60.12,-8.38,61.3,1
d260a8cd,1779453348,70.21,-6.81,71.64,0
5bc91889,1779453408,83.21,23.66,66.95,0
39277c5f,1779453468,54.38,-6.36,52.09,1
113def45,1779453528,39.51,28.0,46.46,1
9ccf1554,1779453588,41.0,40.17,40.38,1
eb27481b,1779453648,0.48,23.67,52.72,1
c89308f7,1779453708,34.53,9.96,30.02,1
150a11b9,1779453768,40.94,20.26,90.88,1
f09500eb,1779453828,59.03,25.79,49.03,1
c0b01fd0,1779453888,69.44,5.95,81.88,1
0aefc48c,1779453948,64.09,45.11,64.44,0
8ed3cc78,1779454008,58.99,8.63,76.97,1
0731453f,1779454068,46.15,-6.99,57.49,1
74113753,1779454128,29.92,-8.54,75.45,1
de92ae4d,1779454188,39.55,0.15,10.61,1
e8931eb3,1779454248,35.81,23.3,64.87,1
fd6486ca,1779454308,41.41,13.58,52.02,1
cf45389d,1779454368,16.82,34.96,36.46,1
756e7278,1779454428,64.05,8.56,73.36,1
e7e74242,1779454488,38.94,-2.54,69.0,1
3c8afe43,1779454548,63.18,6.36,55.15,1
fe2807a7,1779454608,49.82,41.96,76.28,1
b62ad729,1779454668,46.7,15.13,66.79,1
5267e9f1,1779454728,25.67,35.23,81.38,1
293945a4,1779454788,51.1,-2.66,44.1,1
150a3e0d,1779454848,24.43,40.34,42.48,1
9107c33f,1779454908,63.26,37.64,49.46,0
f1ff51e7,1779454968,10.3,3.61,59.87,1
abbf6c69,1779455028,43.84,21.88,59.65,1
7d7f7407,1779455088,62.79,41.63,61.62,0
63d7c19e,1779455148,57.54,8.54,66.57,1
a0c824c5,1779455208,0.0,14.85,58.71,1
548a3c71,1779455268,22.28,27.11,47.21,1
dd970a14,1779455328,14.41,-4.25,100.0,1
35a4ac0e,1779455388,36.83,-3.13,69.62,1
e76c00c8,1779455448,16.02,-6.41,93.01,1
ae72c87e,1779455508,80.76,26.91,46.92,0
c46609cb,1779455568,21.35,27.91,49.8,1
8af271ee,1779455628,57.66,38.77,76.23,0
70cbf98b,1779455688,95.21,43.77,63.57,0
659c7acc,1779455748,55.1,15.87,62.72,1
b2f7883c,1779455808,55.93,42.2,75.76,0
9141b951,1779455868,52.64,40.88,53.84,0
979e59ff,1779455928,62.54,39.5,39.79,0
6103d9f1,1779455988,32.14,24.17,28.02,1
41521693,1779456048,35.8,-4.08,60.47,1
7abd76c5,1779456108,43.1,4.75,50.73,1
e6929375,1779456168,61.87,35.84,91.63,0
2a631d72,1779456228,49.33,9.43,44.52,1
8c563314,1779456288,61.58,42.16,75.6,0
c61ef894,1779456348,82.29,20.43,63.18,0
89e8ac85,1779456408,33.84,30.11,61.16,1
247eeeff,1779456468,71.92,47.58,52.67,0
12724229,1779456528,42.17,-0.91,71.73,1
808e115b,1779456588,45.2,-4.08,100.0,1
d8b49646,1779456648,66.49,41.78,97.26,0
edaea222,1779456708,82.37,16.45,98.24,0
b6c2f3d3,1779456768,65.14,-1.69,59.01,1
730fc174,1779456828,99.79,15.98,46.25,0
27048d3d,1779456888,25.27,4.02,39.83,1
d2eb0f71,1779456948,71.39,20.31,52.81,0
10b7c95e,1779457008,34.74,-3.65,32.53,1
1c9a978b,1779457068,45.2,48.82,76.91,1
8dd23551,1779457128,75.07,5.38,50.91,0
0879eb82,1779457188,10.12,16.61,77.98,1
44b1416d,1779457248,35.87,8.52,74.3,1
38aee7e7,1779457308,49.36,39.66,84.32,1
f65fdb0f,1779457368,16.55,0.03,26.95,1
28efd648,1779457428,48.91,39.12,64.33,1
f383d01c,1779457488,19.65,39.8,14.81,1
f3b4c146,1779457548,36.99,8.88,47.99,1
bbd80256,1779457608,36.27,11.49,84.86,1
39dbeca4,1779457668,66.67,38.11,32.69,0
62a518ec,1779457728,54.48,-7.86,47.03,1
16aace41,1779457788,7.95,8.4,63.65,1
b5fe3c5d,1779457848,69.6,32.64,58.79,0
103b1bba,1779457908,54.62,-9.57,70.09,1
79781e5b,1779457968,61.02,28.61,54.91,1
d83869f4,1779458028,26.35,9.59,32.06,1
95401bbb,1779458088,40.86,28.54,27.94,1
9996f522,1779458148,36.96,32.51,55.31,1
0626ea2a,1779458208,100.0,17.32,27.04,0
a2311ab2,1779458268,53.62,45.4,79.23,0
8a4afadc,1779458328,3.19,11.33,61.91,1
84d74bb0,1779458388,100.0,31.24,98.27,0
b3425ed3,1779458448,66.8,36.72,36.69,0
aa38a945,1779458508,44.79,49.5,100.0,1
e9662e42,1779458568,27.66,39.29,55.68,1
bca806a8,1779458628,67.19,0.74,41.44,1
07c9de05,1779458688,29.03,1.86,54.75,1
740d54c4,1779458748,68.88,39.05,74.81,0
02f172a3,1779458808,43.23,42.05,83.24,1
02575c47,1779458868,0.0,33.11,100.0,1
2e8ea481,1779458928,66.12,15.77,47.25,1
51c0e12c,1779458988,25.96,39.43,45.78,1
77130a02,1779459048,67.76,23.24,65.99,1
f57068cf,1779459108,73.72,39.87,90.29,0
b124051a,1779459168,57.78,27.95,83.29,1
51fcffe7,1779459228,62.97,24.6,32.11,1
ef2150b2,1779459288,26.78,35.87,46.62,1
ed2d1ae6,1779459348,58.85,38.27,41.74,0
e2150d98,1779459408,66.91,43.25,77.93,0
66a58f31,1779459468,42.65,26.92,55.77,1
e2a41534,1779459528,57.88,47.78,84.75,0
3dcf1468,1779459588,66.29,-6.38,79.18,1
8818fe14,1779459648,55.17,1.89,54.31,1
8655e684,1779459708,44.35,36.81,66.28,1
af2d879a,1779459768,83.32,-9.38,72.52,0
520dfb11,1779459828,22.9,49.93,46.81,1
3e62f44f,1779459888,26.58,-5.46,93.96,1
12684a6a,1779459948,92.31,38.98,83.57,0
4452fbbf,1779460008,5.7,10.91,49.49,1
c5da628d,1779460068,68.31,34.11,60.66,0
2d298974,1779460128,20.41,-1.04,65.41,1
ac9a4f0a,1779460188,94.22,35.06,60.34,0
9b26a886,1779460248,42.76,13.07,56.03,1
25a6bdde,1779460308,52.24,9.21,76.53,1
4622e2f2,1779460368,29.67,18.39,52.2,1
a0d40223,1779460428,18.1,30.98,60.12,1
808f0314,1779460488,48.49,41.01,60.72,1
6cfa0197,1779460548,47.33,23.63,85.65,1
74a8c150,1779460608,74.5,-9.01,83.67,0
a7fe595f,1779460668,40.85,22.73,91.25,1
abd0f861,1779460728,32.92,34.93,83.43,1
2ac5ca60,1779460788,0.0,9.98,40.58,1
3a01206b,1779460848,36.71,-5.42,68.35,1
2340e1e0,1779460908,74.05,26.99,30.29,0
caf9b0c9,1779460968,39.64,2.71,25.8,1
02330fc6,1779461028,50.61,10.82,46.99,1
5da6c824,1779461088,66.4,-1.4,61.26,1
8e26a14a,1779461148,95.8,24.85,53.4,0
13251be8,1779461208,0.0,8.6,58.45,1
54995fd8,1779461268,85.11,0.07,28.87,0
a4ba8170,1779461328,60.12,6.15,89.21,1
137f1f0b,1779461388,63.91,-8.77,60.03,1
23e9cba2,1779461448,44.05,28.31,32.27,1
40971533,1779461508,71.66,9.76,66.55,0
6678acbc,1779461568,39.66,5.17,82.33,1
c97e7377,1779461628,48.41,49.56,73.62,1
6e3b4a27,1779461688,89.9,-9.58,64.91,0
d756381c,1779461748,93.14,36.97,59.52,0
5ef18939,1779461808,43.15,15.14,36.89,1
c4e74de9,1779461868,46.65,38.43,41.34,1
3846851a,1779461928,35.15,47.66,24.79,1
f4bb15bb,1779461988,52.07,34.61,51.51,0
ba22ce3f,1779462048,69.9,33.59,79.23,0
53dd0171,1779462108,51.35,36.98,46.04,0
0c5d2103,1779462168,64.69,14.73,77.41,1
700e871a,1779462228,90.87,30.15,57.6,0
34eceff5,1779462288,63.78,-0.81,71.93,1
cec2715f,1779462348,30.64,39.11,42.4,1
6f50289a,1779462408,49.48,24.85,87.58,1
c83ac938,1779462468,36.78,-6.99,78.46,1
b41cf570,1779462528,71.69,37.43,59.27,0
3f75f427,1779462588,35.35,28.22,56.41,1
39ab3ad4,1779462648,61.97,15.5,79.42,1
3ea55228,1779462708,27.32,38.96,45.25,1
388674d0,1779462768,12.68,-8.78,80.64,1
ec2cbc24,1779462828,58.84,-0.92,34.19,1
498c4b21,1779462888,46.7,21.33,63.25,1
d6d6e6ea,1779462948,100.0,9.65,65.74,0
974af7be,1779463008,46.09,32.01,80.96,1
15030a8a,1779463068,28.53,27.36,66.1,1
cd69bde7,1779463128,73.19,42.85,62.36,0
68b86bbf,1779463188,90.36,3.1,83.9,0
0edf8981,1779463248,40.69,-4.25,30.65,1
8d73c6df,1779463308,2.17,7.62,87.31,1
8be102ef,1779463368,24.31,14.69,47.07,1
2695e465,1779463428,66.11,-2.56,40.68,1
7b6dc3ab,1779463488,64.84,-1.65,65.2,1
970c73f5,1779463548,36.27,4.69,45.65,1
ab18dcbf,1779463608,67.59,-8.31,24.81,1
6a2e9a3e,1779463668,15.42,26.4,47.16,1
5e57358f,1779463728,50.31,15.54,66.86,1
a479c12c,1779463788,80.96,-5.68,48.55,0
c0503331,1779463848,47.71,8.82,70.28,1
a224e7eb,1779463908,30.15,13.3,84.0,1
ee783679,1779463968,52.11,34.67,35.41,0
ac927c0e,1779464028,54.89,1.68,57.98,1
e086f16e,1779464088,54.73,40.96,48.64,0
914e1e41,1779464148,96.34,16.55,99.25,0
2d4465ce,1779464208,19.44,21.64,70.55,1
6ad742fb,1779464268,32.2,13.6,75.73,1
aa3d830f,1779464328,14.0,15.52,67.53,1
e169471e,1779464388,65.68,4.68,70.73,1
1b0c70fd,1779464448,32.85,-8.61,65.49,1
112f2e7e,1779464508,12.49,-5.27,65.3,1
ebd0e25a,1779464568,49.61,37.78,95.26,1
6a3b01a8,1779464628,80.78,8.44,77.56,0
459c6b42,1779464688,65.98,2.0,30.01,1
a2454ed5,1779464748,52.45,3.62,87.0,1
1fe9d386,1779464808,63.48,-5.07,63.03,1
3a602b71,1779464868,38.45,24.17,17.79,1
4bf2a20b,1779464928,71.82,36.12,60.31,0
910334df,1779464988,49.57,-4.94,67.12,1
da85c96f,1779465048,15.18,3.58,48.09,1
5831c0f9,1779465108,17.69,30.38,59.35,1
35921288,1779465168,13.71,17.68,38.39,1
8d8adc52,1779465228,21.61,32.47,62.7,1
fc6f254b,1779465288,41.25,0.82,72.08,1
23b91d1d,1779465348,32.79,-7.52,71.33,1
8732850f,1779465408,16.05,0.31,72.44,1
4cd4ba30,1779465468,50.21,-5.28,86.82,1
2c88cbe0,1779465528,62.98,-0.22,66.19,1
dd23968e,1779465588,39.64,35.23,94.04,1
81b80313,1779465648,47.03,46.02,33.63,1
464f0632,1779465708,79.94,-9.27,30.64,0
0892f702,1779465768,69.06,32.92,91.24,0
3821b57d,1779465828,62.15,33.5,44.86,0
f90265f3,1779465888,23.07,2.91,74.46,1
e8124ae7,1779465948,24.16,29.69,70.96,1
477c869f,1779466008,0.0,8.01,56.8,1
c88d6e8c,1779466068,50.3,23.68,73.3,1
43b1b35f,1779466128,53.68,47.47,68.59,0
e249eb12,1779466188,76.23,41.34,48.87,0
42d78663,1779466248,34.4,33.56,28.71,1
a98aa71e,1779466308,56.03,-3.37,52.43,1
f8b1e084,1779466368,44.19,24.54,68.61,1
dc396c3c,1779466428,41.36,14.24,48.52,1
b42086ac,1779466488,45.87,21.43,90.73,1
a5990b2e,1779466548,61.91,22.23,34.12,1
82bfe9b0,1779466608,37.68,-5.99,47.36,1
b9db01f4,1779466668,67.28,8.97,38.49,1
74a7ef43,1779466728,28.31,24.53,52.59,1
58e7ecca,1779466788,82.22,34.49,36.92,0
b01d5143,1779466848,9.87,20.52,72.14,1
0fbb5dc5,1779466908,60.0,35.98,55.07,0
05bbff63,1779466968,63.37,22.81,59.84,1
4bb849b7,1779467028,33.45,22.62,54.39,1
3c9f0300,1779467088,10.77,29.02,90.8,1
596a132c,1779467148,37.71,18.58,89.16,1
1da4f927,1779467208,69.12,37.46,67.33,0
b6742df6,1779467268,55.86,13.33,64.95,1
17ebaf1d,1779467328,71.2,44.69,63.52,0
f7abf471,1779467388,33.62,33.82,72.77,1
d8251f02,1779467448,60.65,26.61,41.59,1
0827a6b1,1779467508,56.94,-6.43,89.79,1
54b39ccb,1779467568,28.66,9.22,90.08,1
ebbac47b,1779467628,50.12,32.64,60.51,0
1724f63f,1779467688,88.92,35.12,63.04,0
aae68182,1779467748,95.7,37.87,52.87,0
b2705b27,1779467808,31.11,48.15,16.26,1
d9ef8d27,1779467868,48.49,19.17,56.56,1
781927d0,1779467928,25.22,39.22,42.51,1
232f94b1,1779467988,72.57,39.29,34.57,0
decb8a63,1779468048,65.81,-4.68,73.12,1
c00d8838,1779468108,44.16,-7.84,49.85,1
575b6ed0,1779468168,0.0,23.42,60.2,1
71a89c72,1779468228,46.64,10.08,21.98,1
17bfc7a3,1779468288,63.69,30.41,37.64,1
5a772229,1779468348,51.82,32.27,61.28,0
d010f3c4,1779468408,41.02,-3.41,63.04,1
de55a854,1779468468,35.63,11.33,73.46,1
1e5fd91d,1779468528,41.58,36.53,52.16,1
54c92846,1779468588,41.13,-0.9,26.83,1
48a94b85,1779468648,79.16,11.7,78.18,0
40afc388,1779468708,32.82,31.51,75.05,1
20317f82,1779468768,43.1,5.78,56.36,1
24db4597,1779468828,27.17,44.22,24.77,1
4667fc5e,1779468888,55.04,45.77,63.28,0
cb7f9860,1779468948,69.31,16.27,73.54,1
16d0e625,1779469008,69.02,12.7,60.37,1
afff00da,1779469068,82.16,-5.47,65.98,0
84c61c82,1779469128,15.67,44.2,73.2,1
5448c3be,1779469188,31.77,27.59,36.85,1
cd58dae7,1779469248,45.47,2.26,38.71,1
533ff2d0,1779469308,82.7,44.79,31.32,0
e63b33c9,1779469368,55.77,8.69,63.21,1
da06deec,1779469428,45.3,28.05,75.91,1
68f50bad,1779469488,6.85,22.8,23.83,1
c73c5861,1779469548,79.31,28.02,48.46,0
67832a49,1779469608,23.58,48.17,74.91,1
489fd9a3,1779469668,22.82,35.03,71.5,1
5897e147,1779469728,100.0,1.34,86.64,0
b3c4d4c2,1779469788,61.6,7.1,56.84,1
1f1645e7,1779469848,76.64,3.89,36.63,0
357ab77a,1779469908,0.0,47.69,79.03,1
f92f262b,1779469968,98.42,46.69,29.08,0
1d6b6432,1779470028,40.25,25.69,82.12,1
ea3f1052,1779470088,16.82,-0.47,26.46,1
83d60e2e,1779470148,85.78,1.36,100.0,0
d3f9f294,1779470208,61.29,32.86,60.8,0
439b61ca,1779470268,71.35,24.52,59.22,0
5376fb81,1779470328,53.57,0.86,38.04,1
b4eb5dcb,1779470388,26.99,15.29,20.64,1
9652adea,1779470448,72.74,27.06,46.73,0
0011cb15,1779470508,85.69,-5.33,29.76,0
ab64ceb4,1779470568,77.63,18.63,48.65,0
58b6ad99,1779470628,54.03,45.71,77.36,0
9e51448a,1779470688,49.16,23.91,66.99,1
cf8fdc32,1779470748,38.13,41.7,71.42,1
3df9f201,1779470808,89.27,-5.21,72.81,0
c6a60dc2,1779470868,31.09,38.31,81.28,1
787ece0b,1779470928,5.43,47.17,61.45,1
7be19a6a,1779470988,85.28,26.7,34.37,0
a1de1bd8,1779471048,47.32,7.5,60.87,1
1e7e46bb,1779471108,46.09,47.64,76.82,1
c191aeb9,1779471168,75.28,13.81,74.46,0
4f91ce8c,1779471228,52.48,30.86,77.76,1
e86ee6cb,1779471288,56.18,42.74,44.78,0
08b6dc6d,1779471348,64.03,-8.48,44.81,1
ca6241c7,1779471408,30.31,29.51,54.15,1
219ea705,1779471468,49.54,6.31,50.14,1
ba422f2a,1779471528,40.57,-6.9,59.58,1
f0e10e16,1779471588,50.66,23.61,57.85,1
6b46b9a3,1779471648,66.96,43.05,35.31,0
cae5607c,1779471708,69.64,29.75,49.46,1
cd255ce8,1779471768,47.57,20.47,52.73,1
87bc3443,1779471828,26.98,48.96,80.05,1
9eb497a8,1779471888,24.58,-4.18,89.5,1
54d1baa0,1779471948,48.7,19.68,33.19,1
e378feea,1779472008,69.23,2.08,78.21,1
56daff6d,1779472068,42.58,13.91,61.18,1
98aeff53,1779472128,36.57,40.14,88.24,1
15b239c5,1779472188,51.71,-1.3,66.06,1
917071d9,1779472248,79.85,27.8,67.63,0
c7b9717f,1779472308,65.67,41.06,71.96,0
11513ae5,1779472368,65.34,29.25,52.29,1
a8ab4462,1779472428,52.47,40.59,71.94,0
2407303e,1779472488,36.29,1.04,28.85,1
224b1e28,1779472548,32.57,2.77,100.0,1
eb077979,1779472608,30.91,-6.3,66.91,1
48bef8e9,1779472668,15.81,9.18,25.09,1
baee63f9,1779472728,29.6,-0.2,35.49,1
a70bf6e9,1779472788,70.86,3.47,56.02,0
99dc8c9a,1779472848,29.35,11.23,68.51,1
18a8dac1,1779472908,61.07,15.68,56.38,1
2166343b,1779472968,71.68,-1.54,92.25,0
4b055eee,1779473028,45.59,-7.31,70.05,1
943cb37e,1779473088,24.18,-4.44,34.92,1
6b28d75e,1779473148,11.76,27.75,83.95,1
c40113c7,1779473208,62.16,32.95,39.89,0
4a861c38,1779473268,38.55,0.09,47.43,1
7bac5e30,1779473328,29.7,22.27,95.7,1
bcbea2ec,1779473388,38.7,-5.69,38.71,1
c4578faa,1779473448,59.85,31.56,42.74,1
5b132299,1779473508,64.11,47.15,98.31,0
c9e48ab8,1779473568,0.0,4.85,68.49,1
c05aaa2f,1779473628,52.75,8.89,41.67,1
c9b982f7,1779473688,13.79,40.29,62.37,1
97f5bb1d,1779473748,30.32,27.49,74.87,1
28eeb0bb,1779473808,75.78,2.43,77.52,0
1772d037,1779473868,43.6,2.98,82.59,1
5ce46938,1779473928,77.76,48.03,62.6,0
433b66d2,1779473988,43.95,10.31,43.49,1
61ccf866,1779474048,81.33,12.29,69.76,0
5917dca0,1779474108,7.44,16.31,43.24,1
1c7e550c,1779474168,46.1,40.28,100.0,1
edbebd4a,1779474228,48.23,4.38,78.71,1
553a1303,1779474288,82.8,-5.44,74.98,0
31113f62,1779474348,43.75,-0.56,37.76,1
a4b9f8cc,1779474408,56.09,12.1,82.1,1
5d305fe1,1779474468,53.7,-3.01,46.0,1
945edc9a,1779474528,69.59,22.64,72.59,1
7e32879b,1779474588,59.97,8.47,50.26,1
ba67556f,1779474648,45.97,45.36,29.61,1
b8c40c7f,1779474708,63.99,-6.78,54.41,1
e247803c,1779474768,56.1,1.44,49.76,1
9ddd03d7,1779474828,29.78,9.93,51.84,1
4600f180,1779474888,74.25,32.12,41.98,0
ee07af7b,1779474948,77.29,42.98,81.9,0
da476d48,1779475008,23.78,34.47,38.62,1
8982a9ae,1779475068,54.84,22.09,57.45,1
cd6bda05,1779475128,75.07,8.74,45.48,0
db534a47,1779475188,30.94,5.79,66.58,1
e6a71d16,1779475248,79.62,1.09,61.04,0
77f417dd,1779475308,75.59,-7.46,60.37,0
9580c175,1779475368,66.88,39.55,39.9,0
999af9bd,1779475428,64.27,-2.21,72.31,1
6e228582,1779475488,54.64,49.33,59.21,0
6ac91cd4,1779475548,89.24,47.08,75.37,0
344fb65c,1779475608,22.4,30.14,56.96,1
ff1fc219,1779475668,41.55,-4.21,86.53,1
c51b9181,1779475728,42.22,47.32,59.91,1
f3258b0e,1779475788,81.49,22.91,59.83,0
3fc877b1,1779475848,56.03,49.84,43.39,0
310fc3f0,1779475908,36.04,12.36,32.17,1
22c383c2,1779475968,50.27,16.83,79.02,1
a269b3b1,1779476028,56.65,42.56,99.02,0
bacc4dec,1779476088,11.71,38.31,59.84,1
1b1b52b3,1779476148,58.71,5.03,56.71,1
bf8d994c,1779476208,49.36,-6.97,34.44,1
6466cb81,1779476268,49.88,2.91,49.0,1
9b7b164c,1779476328,0.0,-1.87,49.64,1
f8d46c7b,1779476388,91.79,30.53,72.66,0
f6788626,1779476448,24.58,19.97,54.04,1
5cfc0a62,1779476508,48.03,1.74,79.7,1
cd63d107,1779476568,28.68,7.72,82.16,1
23306ed3,1779476628,95.16,13.78,65.93,0
2cbac0f8,1779476688,51.34,38.93,78.6,0
65eeffa3,1779476748,66.59,44.55,61.67,0
ed4fe171,1779476808,0.03,26.1,56.24,1
95ecada8,1779476868,49.52,39.34,100.0,1
0fbb4f98,1779476928,36.57,31.18,39.46,1
2395a268,1779476988,40.67,47.82,28.56,1
80771012,1779477048,62.7,33.35,62.85,0
cb66290d,1779477108,66.09,-1.47,91.48,1
c673e90f,1779477168,8.28,49.92,62.66,1
db6afa8e,1779477228,27.98,27.43,44.75,1
a9951879,1779477288,39.59,-2.23,60.19,1
7e4c9d89,1779477348,48.2,-1.24,87.48,1
c227528e,1779477408,8.69,3.42,55.35,1
a11bd4cf,1779477468,46.94,-7.21,68.11,1
a77cf887,1779477528,36.02,41.74,29.85,1
ca1eba46,1779477588,72.95,22.09,21.16,0
37b18caa,1779477648,92.29,18.4,36.06,0
49838b8d,1779477708,47.68,24.79,39.99,1
d53bb3e8,1779477768,32.16,34.13,92.88,1
f7009164,1779477828,59.11,39.58,42.49,0
b4c9fc44,1779477888,54.79,8.77,78.77,1
66eaaef0,1779477948,38.58,22.4,40.08,1
d1be3d21,1779478008,85.41,4.72,66.07,0
07514437,1779478068,0.0,1.79,72.62,1
792c9994,1779478128,70.19,9.67,18.47,0
1bfb9a53,1779478188,20.65,21.84,91.47,1
ffceaa7a,1779478248,38.74,7.58,63.07,1
dcf86943,1779478308,7.35,-7.06,54.29,1
1a36ad19,1779478368,68.95,47.26,35.03,0
9a0c2e87,1779478428,69.65,20.36,51.13,1
c770530d,1779478488,48.67,47.18,68.55,1
8610f10d,1779478548,94.45,38.29,11.17,0
ab6b907d,1779478608,69.55,15.02,89.11,1
ea7b482f,1779478668,50.56,41.96,57.51,0
62524a88,1779478728,77.93,43.7,71.37,0
5634ce2d,1779478788,70.95,47.88,79.38,0
6c3cab7e,1779478848,56.38,-4.82,65.89,1
c07f297f,1779478908,58.41,32.57,29.05,0
4fef47e3,1779478968,35.67,8.67,54.45,1
77628b07,1779479028,61.0,44.77,66.32,0
1e7e43e5,1779479088,12.95,14.4,31.83,1
5fe6d09a,1779479148,87.56,11.5,37.54,0
2b927e57,1779479208,48.85,3.45,52.73,1
3b66d088,1779479268,49.26,2.36,50.43,1
1183ca3a,1779479328,6.57,26.22,52.61,1
8515f05d,1779479388,50.56,28.81,64.68,1
2dae7c8a,1779479448,44.76,-0.01,73.96,1
ba13b957,1779479508,32.4,28.7,28.54,1
cb248139,1779479568,41.15,32.37,66.12,1
42a6f3df,1779479628,53.72,9.0,57.78,1
7228ab63,1779479688,64.65,-9.21,55.14,1
e3f27982,1779479748,41.62,32.04,33.73,1
5eb57f08,1779479808,83.72,42.8,83.5,0
9545b4ac,1779479868,51.53,33.53,39.04,0
42d7fc39,1779479928,30.29,-8.97,100.0,1
bff70906,1779479988,29.8,15.56,53.38,1
66d94c05,1779480048,63.15,42.29,47.89,0
2a7b0542,1779480108,56.27,47.21,11.17,0
52ab0f68,1779480168,54.27,-1.47,60.25,1
90b90fed,1779480228,49.78,-8.64,82.71,1
c62e83a6,1779480288,62.27,-1.54,57.48,1
65523603,1779480348,24.93,4.8,71.72,1
ad8a89f4,1779480408,35.87,-9.57,85.74,1
5f054652,1779480468,14.26,31.0,50.98,1
e3b88df9,1779480528,60.94,6.03,52.19,1
b0f0925c,1779480588,10.9,28.64,43.43,1
5fd80665,1779480648,48.7,10.07,41.07,1
da9b3ff6,1779480708,40.89,-4.69,67.23,1
548e94ba,1779480768,46.64,21.26,57.99,1
d1a2fea6,1779480828,0.0,10.38,44.59,1
730f07c0,1779480888,67.96,-8.86,53.88,1
b0dc2b6c,1779480948,31.63,13.0,76.35,1
47b94899,1779481008,7.01,-4.39,45.94,1
47fd1dbe,1779481068,41.37,39.31,46.81,1
5c828ad8,1779481128,60.01,7.33,47.94,1
71bd782d,1779481188,45.42,0.3,79.59,1
67e87685,1779481248,95.85,12.37,95.8,0
f17c69a8,1779481308,27.19,35.93,58.06,1
882c4688,1779481368,20.12,18.99,50.8,1
1f0357d4,1779481428,43.4,-1.79,82.49,1
0b58f007,1779481488,24.44,13.43,38.27,1
8b05aa42,1779481548,68.25,14.34,40.42,1
bf3850d0,1779481608,70.37,45.04,52.57,0
0c727c3a,1779481668,55.56,-0.75,67.74,1
1ad0ae8b,1779481728,41.89,32.5,61.51,1
fdeac7ca,1779481788,71.17,0.35,73.67,0
e6521024,1779481848,21.8,46.8,69.01,1
7a8a19b6,1779481908,33.72,1.22,65.63,1
d9fabb00,1779481968,42.56,34.18,100.0,1
a6e17ef2,1779482028,72.93,0.62,34.54,0
f306ff8c,1779482088,64.39,27.69,61.1,1
912d157e,1779482148,62.2,21.95,44.65,1
7790632a,1779482208,28.19,0.66,48.88,1
975f7a8f,1779482268,26.2,43.05,58.33,1
788923e7,1779482328,0.0,14.44,48.04,1
6e9066ae,1779482388,60.75,26.27,15.37,1
f3f06b0d,1779482448,73.79,9.06,58.39,0
60c66130,1779482508,7.21,35.2,73.4,1
ea81427e,1779482568,36.72,27.54,70.1,1
bc0e12d7,1779482628,50.6,1.24,69.8,1
634ed4f8,1779482688,74.01,11.1,49.35,0
8f1e02b0,1779482748,72.67,20.07,74.62,0
f7da90f9,1779482808,32.97,20.97,81.08,1
eee03c50,1779482868,27.25,6.42,70.23,1
99077d57,1779482928,82.62,19.6,85.53,0
0a054245,1779482988,47.81,42.88,88.9,1
d416cadd,1779483048,27.92,13.72,82.48,1
fe3c86bd,1779483108,68.06,0.72,66.14,1
34a7cae5,1779483168,24.01,6.77,60.8,1
e8fabb02,1779483228,37.03,29.74,64.57,1
0dd0b8ad,1779483288,67.52,45.58,44.04,0
edc6dd78,1779483348,45.63,45.16,43.39,1
ee60fc4d,1779483408,26.57,16.99,61.27,1
63189c9d,1779483468,20.11,22.49,40.92,1
40e88fa3,1779483528,0.0,-4.71,13.21,1
315bb477,1779483588,47.83,39.25,88.27,1
b29bd574,1779483648,36.69,-9.74,78.9,1
0b335e54,1779483708,54.36,-3.56,65.5,1
15ef04e9,1779483768,50.64,-4.24,50.58,1
8f2cc1ed,1779483828,36.58,9.49,63.69,1
c6c6e851,1779483888,41.44,0.13,14.04,1
315b0e83,1779483948,9.61,46.84,98.99,1
cc08b435,1779484008,52.63,28.66,74.01,1
4d08ad7d,1779484068,40.76,44.04,50.33,1
d7dfcfda,1779484128,26.8,24.21,71.9,1
1e6f8a98,1779484188,45.25,1.15,70.67,1
3a59ca54,1779484248,48.49,15.03,73.77,1
f291feb6,1779484308,63.15,40.74,53.76,0
caaa8067,1779484368,39.93,16.8,58.34,1
4be32318,1779484428,42.29,13.59,54.49,1
1310667a,1779484488,47.05,-0.24,49.18,1
683c749a,1779484548,37.1,22.81,64.63,1
6396749f,1779484608,35.01,-4.69,65.95,1
df94cf71,1779484668,28.43,16.83,74.04,1
6e682055,1779484728,85.07,11.54,73.75,0
b160ab7e,1779484788,9.93,-3.28,73.24,1
ae7680fe,1779484848,1.72,24.99,77.8,1
490ca12a,1779484908,90.63,-2.6,100.0,0
676c10b4,1779484968,83.07,8.91,54.93,0
3ae96930,1779485028,41.94,41.76,1.29,1
3aa409fc,1779485088,31.77,41.91,65.68,1
0d268b3a,1779485148,62.86,17.96,73.47,1
0cf807bd,1779485208,46.66,34.2,92.39,1
b2b63f7a,1779485268,78.17,-3.91,57.15,0
8dedb1fc,1779485328,52.82,29.11,41.36,1
0cd803dd,1779485388,47.6,-4.34,36.01,1
6c0b3378,1779485448,76.43,34.26,66.08,0
329ebf9a,1779485508,76.01,30.18,70.75,0
12855af6,1779485568,0.0,30.93,66.62,1
cf4c3d04,1779485628,94.05,10.58,84.58,0
2dbc5cd9,1779485688,91.11,40.36,19.65,0
6586b665,1779485748,38.62,4.73,66.28,1
19af56ac,1779485808,66.7,44.28,47.7,0
b4f98d17,1779485868,79.66,32.36,19.37,0
3e5aa99f,1779485928,53.34,32.63,49.67,0
e213157c,1779485988,70.48,17.17,51.12,0
cc14867f,1779486048,41.76,-8.47,47.01,1
c75cda86,1779486108,66.74,47.07,50.3,0
10e7bec5,1779486168,60.52,27.61,58.47,1
4e50fa53,1779486228,82.83,7.72,52.7,0
0b8f5a62,1779486288,71.05,13.43,34.81,0
25cff799,1779486348,66.36,14.71,81.41,1
4ea7d4db,1779486408,45.0,32.62,77.79,1
eeaa66b4,1779486468,100.0,14.82,62.47,0
1e78f7ac,1779486528,17.82,16.08,75.63,1
69c19625,1779486588,76.06,-8.47,65.06,0
6a075b56,1779486648,45.46,29.95,32.26,1
c08ee8b5,1779486708,83.43,-7.89,61.6,0
9e249c01,1779486768,83.11,-2.16,35.6,0
3e284bef,1779486828,55.28,47.19,28.55,0
c3d7c005,1779486888,47.3,14.0,23.12,1
19d17e90,1779486948,79.05,49.29,64.44,0
a1a499a7,1779487008,27.35,14.71,89.99,1
4076da73,1779487068,78.87,34.36,26.94,0
48781860,1779487128,41.86,33.0,84.93,1
d0be21f3,1779487188,73.48,21.89,88.0,0
ad4a4724,1779487248,45.13,19.14,56.72,1
bbbd88a6,1779487308,56.61,28.74,36.62,1
a6951c4c,1779487368,36.41,-6.54,60.6,1
f6e6e0f3,1779487428,44.89,28.12,58.1,1
e14691c3,1779487488,23.89,45.15,69.8,1
092cdf14,1779487548,34.56,19.15,73.76,1
c5975a8b,1779487608,0.0,39.06,48.6,1
016bfe52,1779487668,44.99,15.68,41.51,1
576d1421,1779487728,78.22,3.09,58.05,0
ae92817a,1779487788,56.17,0.43,43.36,1
8739481d,1779487848,46.73,3.18,44.85,1
27f3de7a,1779487908,16.78,-4.44,44.65,1
6063eb69,1779487968,39.19,47.98,61.1,1
59fe28e9,1779488028,82.16,38.62,39.08,0
55a5edfa,1779488088,73.86,39.95,43.05,0
01576711,1779488148,34.05,31.9,71.68,1
1973ec2f,1779488208,62.03,14.7,59.47,1
23d0bc71,1779488268,51.87,28.99,29.79,1
70fb4a34,1779488328,100.0,14.98,31.12,0
d77085be,1779488388,65.64,19.99,60.68,1
c25ae0c3,1779488448,70.95,10.26,44.01,0
d1908608,1779488508,33.33,-4.88,54.48,1
4db9f4d8,1779488568,21.59,42.29,91.39,1
79cb2629,1779488628,2.98,33.25,63.02,1
46d4c921,1779488688,80.4,28.62,70.07,0
9d52d739,1779488748,62.27,13.49,40.81,1
8a3a00bd,1779488808,70.34,11.6,58.58,0
0a9d91d4,1779488868,10.55,-4.32,85.88,1
2811210e,1779488928,100.0,14.45,38.59,0
abcb9b01,1779488988,79.55,-8.22,51.93,0
c74a570b,1779489048,72.66,45.23,48.12,0
50b7848a,1779489108,73.23,1.94,55.81,0
9fb2e5eb,1779489168,63.38,44.2,51.39,0
0fe59210,1779489228,44.2,35.69,52.03,1
cf29a1e9,1779489288,0.0,25.05,73.59,1
f78980c6,1779489348,61.49,2.8,64.19,1
db9852d6,1779489408,62.5,-9.13,77.06,1
521e7fd4,1779489468,63.6,20.14,32.41,1
af7b9d1d,1779489528,10.91,30.5,63.26,1
2defda4e,1779489588,32.62,12.13,30.63,1
ddfe51d4,1779489648,34.17,2.33,65.32,1
0fe022ee,1779489708,45.28,2.46,57.11,1
c54f23d0,1779489768,87.19,29.62,73.72,0
a4725041,1779489828,33.5,47.54,59.27,1
e85dc7a8,1779489888,62.29,44.77,40.62,0
fe32e09d,1779489948,25.01,8.95,74.03,1
0e9d75f8,1779490008,52.16,26.78,52.8,1
4b26ab5c,1779490068,64.38,-1.55,75.32,1
bacf206b,1779490128,81.68,19.75,32.12,0
ae2433b3,1779490188,36.73,0.33,68.69,1
daae569f,1779490248,59.61,26.28,82.68,1
0e28b25b,1779490308,100.0,26.11,44.03,0
a238ecb4,1779490368,65.56,-3.33,100.0,1
c247dcb1,1779490428,22.34,9.89,50.67,1
dd6cee0c,1779490488,53.05,-9.55,66.0,1
bc80c407,1779490548,43.56,49.64,96.18,1
1ce861c9,1779490608,53.33,38.28,94.73,0
bf54f032,1779490668,24.64,21.82,76.22,1
ab516130,1779490728,4.65,0.75,100.0,1
6405a174,1779490788,31.68,-9.38,41.48,1
969be590,1779490848,56.14,31.38,71.01,1
2c7b0e34,1779490908,94.39,48.91,73.57,0
b02865a3,1779490968,87.52,11.57,43.78,0
2bef3646,1779491028,31.47,17.24,51.83,1
8fffa194,1779491088,7.67,33.41,59.37,1
8f19a248,1779491148,67.24,0.66,51.03,1
6f651fe5,1779491208,84.19,26.32,30.29,0
a9475a7d,1779491268,75.0,42.06,65.3,0
0e9965ae,1779491328,71.68,40.9,61.94,0
6ae44b61,1779491388,46.86,2.72,86.35,1
0c2e23a7,1779491448,56.21,6.9,69.17,1
915a5bee,1779491508,82.13,18.67,38.04,0
1bafc2e1,1779491568,29.52,20.46,83.48,1
c3a8bebc,1779491628,69.12,0.02,76.24,1
8a3d2bb3,1779491688,54.87,34.5,42.82,0
cfb04a27,1779491748,40.75,42.22,39.71,1
af59408c,1779491808,48.27,-5.23,73.37,1
55dff981,1779491868,28.83,4.34,44.63,1
16272030,1779491928,100.0,-2.65,56.08,0
8b5ee84c,1779491988,56.66,25.84,77.3,1
462f3e09,1779492048,45.41,4.41,67.37,1
f05c98cf,1779492108,91.91,3.59,100.0,0
61564f19,1779492168,39.38,31.34,97.83,1
8126e7a2,1779492228,60.62,10.08,59.59,1
82a5d253,1779492288,38.09,39.33,98.24,1
43bea577,1779492348,65.32,-4.32,71.82,1
7f914599,1779492408,37.21,-8.46,71.54,1
487a174a,1779492468,47.24,34.53,29.91,1
53f150a6,1779492528,41.52,28.76,55.06,1
4c54d725,1779492588,51.09,31.46,64.19,1
e5c40af4,1779492648,86.19,48.55,66.27,0
c8a66fa0,1779492708,0.0,41.62,84.21,1
eac432d0,1779492768,84.22,22.0,67.32,0
066ab676,1779492828,93.64,6.21,39.58,0
fcbf3c82,1779492888,72.54,38.47,66.6,0
16f393cb,1779492948,74.69,7.23,68.83,0
23de4020,1779493008,79.08,27.35,95.2,0
480aeaed,1779493068,36.77,7.2,44.26,1
323f1a14,1779493128,58.98,47.24,61.55,0
0f693042,1779493188,31.62,-7.84,39.44,1
ae3698c0,1779493248,78.63,44.95,53.08,0
ebb9b955,1779493308,30.36,3.25,42.33,1
41da2369,1779493368,77.9,28.81,49.02,0
8b3f3a42,1779493428,60.04,5.46,87.66,1
7b2d1d34,1779493488,63.06,36.1,68.46,0
ddeffdb6,1779493548,50.38,-7.25,59.5,1
cdbc827f,1779493608,46.45,18.57,41.2,1
303d95cb,1779493668,63.94,-0.8,79.64,1
3043192b,1779493728,31.43,-2.58,41.02,1
55bce8e8,1779493788,75.16,4.48,41.31,0
1373c07e,1779493848,47.15,9.38,85.05,1
2ac35c61,1779493908,90.99,21.01,46.29,0
8f30934b,1779493968,63.27,-5.63,100.0,1
c9eea1a3,1779494028,68.97,43.48,45.72,0
9b662b7b,1779494088,0.0,-6.4,68.56,1
069d2464,1779494148,21.21,-6.7,78.94,1
6b5adf06,1779494208,45.5,-9.28,100.0,1
de3f90d6,1779494268,58.35,-6.18,46.95,1
7b5e2798,1779494328,39.9,-4.68,75.67,1
e132c442,1779494388,53.78,8.4,92.12,1
8e35dacb,1779494448,42.26,29.76,58.79,1
adb0f2ff,1779494508,85.0,27.69,42.44,0
30cfdf07,1779494568,78.67,27.87,71.85,0
56a47847,1779494628,4.21,-2.83,32.95,1
efd52276,1779494688,67.67,4.78,75.13,1
5f3694a9,1779494748,56.44,18.72,80.99,1
ac95d11b,1779494808,49.02,28.44,56.76,1
a2951657,1779494868,47.85,49.61,42.51,1
cfa43466,1779494928,59.54,21.98,95.27,1
d9f33828,1779494988,55.25,-4.06,69.85,1
5f31efb0,1779495048,35.79,21.17,49.49,1
ad7df1ca,1779495108,66.51,22.71,40.29,1
5fc953cd,1779495168,61.74,11.3,51.01,1
e151375e,1779495228,28.22,31.95,56.66,1
b2629764,1779495288,26.0,-5.68,42.88,1
bc9430cd,1779495348,60.13,12.55,70.78,1
e275c0c1,1779495408,49.25,17.47,31.05,1
dcd8b4e1,1779495468,85.77,12.64,68.97,0
68237074,1779495528,60.38,9.96,50.6,1
c94a0ca0,1779495588,74.22,46.05,44.38,0
de85664d,1779495648,27.34,47.66,60.14,1
79f2a04c,1779495708,34.33,43.33,48.2,1
a39644e4,1779495768,49.02,39.0,38.99,1
344c7c6f,1779495828,23.63,0.31,64.16,1
a3980ef2,1779495888,52.08,32.35,82.36,0
2d60f85e,1779495948,64.35,48.63,15.16,0
e4d4141b,1779496008,80.33,0.35,36.36,0
2f8877a8,1779496068,57.1,40.65,52.43,0
e8bda88d,1779496128,26.61,4.44,69.21,1
f377d976,1779496188,43.6,39.13,69.96,1
c0a024e3,1779496248,56.76,44.87,57.37,0
ea2ed3e2,1779496308,37.95,17.59,48.81,1
7942db13,1779496368,4.97,24.52,75.78,1
44643f95,1779496428,66.45,31.38,100.0,1
a2195b09,1779496488,68.89,17.57,65.7,1
a5e35cea,1779496548,56.22,31.36,100.0,1
e135aef0,1779496608,28.08,29.87,51.19,1
4f3c58d7,1779496668,43.14,19.5,27.98,1
1f597799,1779496728,100.0,-8.23,48.59,0
1fce4560,1779496788,17.26,-5.19,53.67,1
88549f36,1779496848,19.79,3.77,82.73,1
3630cba7,1779496908,83.41,30.3,25.47,0
2c58295d,1779496968,73.0,3.13,67.35,0
7181bcf7,1779497028,30.48,22.88,65.35,1
8802b187,1779497088,15.28,13.5,68.22,1
12870984,1779497148,42.66,16.07,65.47,1
4556bfa1,1779497208,50.18,33.51,75.2,0
8b7d779c,1779497268,38.12,3.09,70.49,1
6d4220ab,1779497328,69.89,-6.39,76.24,1
3f1c13cd,1779497388,26.53,39.74,27.16,1
b8b9ad2b,1779497448,68.65,49.8,57.26,0
6c1ffe6b,1779497508,66.65,13.51,82.48,1
7c152050,1779497568,53.0,11.7,45.79,1
cb24c896,1779497628,83.57,17.82,38.67,0
3bdcb0c4,1779497688,35.38,-0.95,88.95,1
7407491c,1779497748,65.71,38.09,58.92,0
7b7c448b,1779497808,38.17,45.67,34.38,1
49d3c179,1779497868,41.08,5.73,49.09,1
25107c05,1779497928,2.4,-5.21,90.26,1
a2affe72,1779497988,30.29,26.38,65.08,1
c9e843ca,1779498048,0.0,-5.95,100.0,1
104af959,1779498108,26.08,14.67,98.8,1
c9b699d0,1779498168,91.36,-9.1,90.04,0
941431ea,1779498228,41.5,30.68,50.32,1
1d781708,1779498288,87.75,34.44,69.0,0
a5be6abc,1779498348,41.13,10.7,80.35,1
8e74353c,1779498408,37.24,17.67,72.87,1
4e0c92be,1779498468,16.19,31.52,51.33,1
daad5e17,1779498528,86.17,10.71,36.74,0
20d5a5c9,1779498588,62.24,-3.89,68.09,1
82399ed2,1779498648,54.94,42.15,73.49,0
b75cb212,1779498708,24.66,26.57,72.54,1
58b1e62a,1779498768,56.74,14.54,48.72,1
4bb2c83e,1779498828,66.74,29.3,80.15,1
969f192d,1779498888,58.41,45.64,70.34,0
073c7799,1779498948,1.56,48.08,99.29,1
8f06bfe8,1779499008,100.0,12.38,49.08,0
58a30d84,1779499068,84.48,27.48,77.09,0
9ac694b4,1779499128,2.32,28.63,62.78,1
fe4371ac,1779499188,55.61,47.11,71.68,0
e9583ead,1779499248,22.64,37.54,100.0,1
c930d080,1779499308,40.5,17.98,38.29,1
6faffd16,1779499368,26.89,-5.31,31.05,1
0cd14426,1779499428,35.37,37.75,38.51,1
38e05b35,1779499488,37.15,-6.1,38.71,1
4d9d490a,1779499548,100.0,41.93,81.5,0
ce0bffe3,1779499608,35.7,-1.78,77.0,1
9047777f,1779499668,43.07,-1.79,62.1,1
8e22000a,1779499728,13.43,38.22,58.58,1
cf1944dc,1779499788,98.06,17.77,84.99,0
df105113,1779499848,63.92,33.02,29.61,0
cf0eb513,1779499908,52.23,40.38,13.5,0
053d07f8,1779499968,53.75,10.9,36.71,1
d3eb9ad8,1779500028,32.45,-6.11,66.03,1
6042c6e5,1779500088,71.12,43.7,87.04,0
227f7606,1779500148,100.0,32.42,95.56,0
41bec39c,1779500208,45.62,3.8,58.66,1
a649cd81,1779500268,31.58,46.61,36.51,1
0390ec96,1779500328,58.19,42.87,30.2,0
827498ad,1779500388,62.71,-1.93,0.0,1
8e4a69a1,1779500448,3.63,11.1,33.89,1
6f0c6706,1779500508,51.77,32.15,73.16,0
eb568d32,1779500568,63.26,42.92,38.47,0
ee265f0d,1779500628,28.54,-3.36,50.05,1
20a6041d,1779500688,23.36,30.02,73.28,1
07228cc3,1779500748,59.52,-2.84,78.14,1
e5cc878f,1779500808,2.18,10.6,86.46,1
d9fb4294,1779500868,62.18,34.55,55.88,0
29c3d5cd,1779500928,48.18,9.09,37.8,1
124a0cda,1779500988,22.33,25.96,32.99,1
cb82bfcd,1779501048,12.92,29.62,57.86,1
89554bcc,1779501108,80.27,13.02,33.87,0
b9a56e13,1779501168,75.88,20.53,84.7,0
ecd77bcb,1779501228,41.24,-3.03,96.75,1
ddd24f27,1779501288,35.83,-6.21,45.82,1
1f65511e,1779501348,27.85,-4.39,88.25,1
f56cc01d,1779501408,63.72,17.13,79.13,1
434d408c,1779501468,34.31,17.5,50.89,1
ded571ea,1779501528,47.01,24.12,62.96,1
19f65d15,1779501588,52.76,16.4,67.42,1
0f1d6072,1779501648,70.73,25.43,71.05,0
12b8792d,1779501708,51.07,39.8,81.72,0
31966275,1779501768,50.04,26.3,72.7,1
cd14676f,1779501828,83.09,39.38,70.3,0
85cd0864,1779501888,67.4,32.82,79.71,0
5e30c146,1779501948,48.24,39.09,48.88,1
6e6f3a16,1779502008,82.95,35.14,66.86,0
7a44c750,1779502068,45.53,33.43,60.88,1
bcdd2dc6,1779502128,68.68,35.95,78.32,0
68977b5d,1779502188,52.66,36.25,59.7,0
37b30350,1779502248,67.39,44.49,62.52,0
fa278333,1779502308,56.61,21.63,86.1,1
1b6c847e,1779502368,20.78,20.74,43.93,1
0cde24b5,1779502428,12.12,45.36,69.23,1
158a62ea,1779502488,80.21,16.14,100.0,0
f37d0789,1779502548,76.92,26.45,32.33,0
e7152106,1779502608,69.17,0.89,100.0,1
01bd8b11,1779502668,54.95,37.36,24.05,0
40f369d9,1779502728,15.6,-4.72,53.68,1
b918d381,1779502788,28.5,-2.48,96.57,1
859c21d1,1779502848,23.39,20.54,72.7,1
1a99df69,1779502908,60.71,3.7,56.15,1
0d314b4f,1779502968,62.99,9.12,58.19,1
1a2bc0e8,1779503028,15.74,-3.36,81.62,1
8bda9c26,1779503088,67.82,17.15,64.37,1
312e2bdc,1779503148,84.24,14.91,91.74,0
fcecb222,1779503208,14.23,12.68,73.66,1
a61651ae,1779503268,77.27,10.9,56.54,0
22d8901a,1779503328,19.46,5.15,71.52,1
cde8514a,1779503388,80.96,17.73,74.02,0
4d0e2ac0,1779503448,66.26,-1.85,54.77,1
fe62267e,1779503508,73.99,31.41,82.27,0
1b706b52,1779503568,53.02,8.09,64.61,1
5407cb5b,1779503628,20.08,-8.15,27.77,1
6e3fc24e,1779503688,76.57,40.62,78.45,0
e6dfab1f,1779503748,92.69,8.16,68.09,0
c029c3bb,1779503808,30.24,44.17,84.79,1
4b2e9830,1779503868,37.65,19.93,41.95,1
601e4dbd,1779503928,68.25,2.64,76.19,1
5a99fba8,1779503988,39.0,19.03,44.03,1
c4c47bb6,1779504048,0.0,29.79,86.03,1
cf026e30,1779504108,65.65,5.66,57.97,1
901b0732,1779504168,84.26,6.89,91.34,0
aa9b860f,1779504228,5.5,0.35,36.63,1
cf15ab27,1779504288,0.0,0.7,50.49,1
9063c861,1779504348,0.0,-2.12,31.98,1
5d9da0d0,1779504408,58.91,32.39,42.18,0
e48d3fc8,1779504468,100.0,14.21,71.89,0
57a8f354,1779504528,65.76,49.15,80.11,0
16fb2fda,1779504588,45.32,23.15,68.26,1
a8e570a5,1779504648,22.13,-0.86,44.04,1
8ad835fd,1779504708,74.93,48.3,28.96,0
feced6d3,1779504768,84.82,-7.88,100.0,0
4c515d40,1779504828,52.14,0.11,77.95,1
e2512d91,1779504888,53.64,8.3,59.72,1
4c61a72e,1779504948,35.55,25.83,53.02,1
4f5a3c80,1779505008,53.98,45.15,55.08,0
aa9d4ddc,1779505068,27.56,24.32,62.6,1
1183125e,1779505128,54.02,42.32,86.79,0
cf3961b5,1779505188,34.07,27.81,77.21,1
436a0096,1779505248,92.97,33.92,38.89,0
f6302281,1779505308,68.65,7.35,77.29,1
b7a80a4a,1779505368,62.45,25.84,97.8,1
7404d735,1779505428,45.48,16.28,67.43,1
6b719f56,1779505488,42.04,2.52,54.48,1
5b36f02b,1779505548,70.36,9.57,62.09,0
b3300dc6,1779505608,66.89,11.4,22.8,1
c95e3378,1779505668,44.38,19.43,75.09,1
c20415da,1779505728,87.34,23.83,63.54,0
e58068e9,1779505788,37.78,46.27,53.22,1
45ecc5ae,1779505848,58.61,21.13,84.45,1
95fbf432,1779505908,65.91,-9.05,43.14,1
e9040671,1779505968,30.41,-0.55,42.14,1
9ddaf9b7,1779506028,4.51,49.6,56.81,1
405a3006,1779506088,90.05,3.25,98.55,0
f6667df2,1779506148,25.4,35.75,55.22,1
3b017e76,1779506208,79.37,12.3,44.26,0
1f8e95ec,1779506268,53.41,-4.86,68.4,1
75eccabf,1779506328,71.96,-9.61,61.74,0
664065af,1779506388,60.15,43.63,51.4,0
37bb1076,1779506448,52.43,31.1,42.54,1
5208b971,1779506508,73.92,45.06,73.21,0
ec913594,1779506568,39.74,11.75,57.51,1
63752b77,1779506628,22.75,38.6,73.05,1
52a798c8,1779506688,94.45,10.98,61.27,0
b436110d,1779506748,40.18,0.3,91.73,1
d7866ea1,1779506808,56.57,13.14,49.79,1
68c7faec,1779506868,52.1,10.91,77.21,1
871d44c1,1779506928,27.94,25.63,52.77,1
93867180,1779506988,83.22,2.07,67.28,0
f95828e1,1779507048,36.19,7.72,54.26,1
f25674e2,1779507108,62.38,29.18,58.47,1
a76a135a,1779507168,33.22,-1.33,81.76,1
d4c9c49b,1779507228,28.39,24.99,42.73,1
444c60eb,1779507288,72.67,49.31,51.96,0
95f0f6fd,1779507348,82.31,29.45,40.25,0
4ac45962,1779507408,66.0,10.86,43.76,1
02192794,1779507468,32.08,41.87,17.23,1
a5dfcfcb,1779507528,35.02,31.26,57.36,1
24b6766f,1779507588,64.41,34.63,68.46,0
411c955f,1779507648,54.5,46.16,66.04,0
086a5c20,1779507708,49.98,49.64,32.05,1
ef2360e6,1779507768,68.83,-8.18,67.23,1
e6ca1137,1779507828,59.73,0.25,74.64,1
398411dc,1779507888,56.18,45.17,72.23,0
d55ebacd,1779507948,67.75,17.78,58.25,1
0f7b601c,1779508008,38.59,49.63,52.25,1
88493d21,1779508068,26.28,-9.5,50.73,1
fd9df5b1,1779508128,65.05,22.04,53.36,1
232621ef,1779508188,66.65,20.77,64.18,1
6f144918,1779508248,37.98,48.63,78.46,1
3e564608,1779508308,55.06,29.63,52.42,1
75a2c8e0,1779508368,38.98,8.77,35.55,1
4bbfee81,1779508428,54.44,49.62,43.02,0
215bd06f,1779508488,91.68,-7.58,100.0,0
95bba8b5,1779508548,51.04,49.11,37.19,0
bc107336,1779508608,41.25,22.58,76.49,1
b0b42b8d,1779508668,96.96,31.27,70.68,0
e52a922f,1779508728,70.81,19.26,59.05,0
b5701e3d,1779508788,29.43,15.42,63.14,1
9307396e,1779508848,75.35,-3.39,49.01,0
7051b214,1779508908,28.53,25.27,93.61,1
98dc0aeb,1779508968,61.9,30.44,34.45,1
ed7d5dbc,1779509028,88.04,-9.25,93.4,0
f057ee54,1779509088,54.88,23.33,58.69,1
5485e232,1779509148,54.87,-8.3,69.62,1
3acf8482,1779509208,55.03,23.27,52.35,1
fe4f8421,1779509268,57.29,38.62,40.92,0
9d0b7c23,1779509328,29.56,5.49,76.29,1
733706a6,1779509388,73.77,-0.3,49.34,0
a85389b9,1779509448,37.04,-4.74,50.14,1
d04070f9,1779509508,56.13,5.54,82.06,1
720fb774,1779509568,59.25,-3.94,68.53,1
077fadcc,1779509628,83.45,32.95,77.39,0
04ff4619,1779509688,30.29,8.91,70.64,1
4f7a43e8,1779509748,41.54,9.77,79.81,1
ff647c99,1779509808,25.26,12.7,24.07,1
cb53bcd4,1779509868,30.27,48.29,62.49,1
1ccc3c93,1779509928,58.58,3.27,76.23,1
f6c5ddbf,1779509988,51.13,49.6,19.14,0
4b5cca52,1779510048,75.09,31.71,7.43,0
ed8204db,1779510108,5.77,46.11,64.59,1
9e4f800d,1779510168,42.44,24.81,100.0,1
e0a59b6f,1779510228,33.68,41.89,69.38,1
b7068480,1779510288,51.96,30.94,70.76,1
1293885c,1779510348,41.43,49.57,79.7,1
4796c990,1779510408,31.22,30.64,95.69,1
6b697e43,1779510468,24.98,37.75,61.12,1
8ade92c0,1779510528,84.6,-0.71,66.02,0
382add13,1779510588,88.92,49.3,64.48,0
d0bf08ff,1779510648,66.51,0.16,50.13,1
6c4ea223,1779510708,45.34,41.46,57.11,1
1dfed555,1779510768,60.98,42.81,29.29,0
25b7e1af,1779510828,81.85,-0.01,14.99,0
0b284d09,1779510888,34.22,14.6,51.93,1
a3bebca2,1779510948,9.82,40.76,73.45,1
010696c5,1779511008,36.81,13.65,37.77,1
af50699b,1779511068,56.03,-7.56,72.65,1
efc8b400,1779511128,45.74,40.27,19.99,1
ddae1135,1779511188,25.05,9.76,30.06,1
636ef019,1779511248,39.33,-2.24,45.49,1
e78a860a,1779511308,69.07,-3.96,59.67,1
f54bbb21,1779511368,40.3,36.25,59.04,1
d60f606e,1779511428,84.52,18.34,79.53,0
b9781e02,1779511488,45.4,20.85,76.58,1
6c2136dc,1779511548,55.06,1.36,98.46,1
685b83b5,1779511608,34.71,15.96,54.51,1
e2c72331,1779511668,26.9,27.84,65.3,1
96b3cd5c,1779511728,42.31,3.32,74.9,1
9b06aaaa,1779511788,58.03,-3.68,73.15,1
00a1ab95,1779511848,92.69,24.46,41.97,0
3f409ee5,1779511908,78.1,37.88,99.69,0
9bcec438,1779511968,79.28,49.46,39.82,0
26e28ce3,1779512028,82.21,4.77,50.26,0
bc4c2130,1779512088,57.4,-8.44,57.03,1
53eaf396,1779512148,47.72,14.11,29.89,1
a754f665,1779512208,20.65,-5.77,69.87,1
edc8d628,1779512268,60.55,23.72,14.74,1
9b99d721,1779512328,76.4,4.75,100.0,0
cee3b111,1779512388,43.96,1.9,63.1,1
ed32f754,1779512448,27.8,19.61,79.3,1
a763299d,1779512508,52.08,10.8,18.82,1
22d0320a,1779512568,71.35,28.28,65.59,0
af31c57b,1779512628,96.6,19.79,95.47,0
32a761e9,1779512688,55.32,40.93,78.98,0
93406192,1779512748,59.03,14.99,47.6,1
8a0cad7e,1779512808,76.04,-0.2,89.43,0
3a00e327,1779512868,5.2,23.63,62.35,1
cb257076,1779512928,41.6,20.95,63.82,1
d1706292,1779512988,12.44,47.18,77.27,1
df977696,1779513048,16.45,-3.53,61.72,1
7561557f,1779513108,0.0,1.55,74.64,1
631caf42,1779513168,51.62,25.92,50.85,1
4a67ca16,1779513228,57.42,47.12,39.11,0
3f0695e0,1779513288,35.93,-0.61,71.9,1
f19836dc,1779513348,100.0,41.04,40.69,0
6cb22cbf,1779513408,47.02,28.85,28.58,1
016c9a94,1779513468,5.03,3.51,17.27,1
e6919667,1779513528,49.59,21.96,66.41,1
d47249e0,1779513588,51.9,5.32,29.75,1
402927c8,1779513648,33.69,-9.83,42.68,1
6cb5d8ff,1779513708,1.12,43.92,84.38,1
a8a2b25d,1779513768,61.84,10.41,70.14,1
985298dd,1779513828,52.25,44.28,100.0,0
2582392f,1779513888,40.55,1.52,37.01,1
9f9bfe2d,1779513948,75.94,22.87,83.58,0
bb08beb3,1779514008,74.5,36.59,87.83,0
88203967,1779514068,39.67,-0.9,29.72,1
6253d070,1779514128,93.53,31.48,47.84,0
34dd9a8e,1779514188,24.61,29.73,82.24,1
4c451650,1779514248,63.13,10.6,56.87,1
bf8e5a46,1779514308,86.23,44.38,71.94,0
93d53f85,1779514368,0.25,15.8,42.29,1
7f711a7e,1779514428,78.65,45.96,33.75,0
f3e2e903,1779514488,54.24,43.86,39.21,0
2597ac42,1779514548,49.64,41.91,41.1,1
93a4e82e,1779514608,50.84,-8.5,78.81,1
e1dd0d59,1779514668,54.96,-2.57,41.94,1
d9ae9ecf,1779514728,60.59,35.04,49.09,0
6533d453,1779514788,62.1,33.27,51.23,0
7f428385,1779514848,51.57,8.65,82.4,1
3884968a,1779514908,98.33,10.12,79.44,0
29df924a,1779514968,43.83,36.76,63.28,1
8f44a616,1779515028,49.94,41.69,49.71,1
551578a6,1779515088,50.93,-0.44,42.63,1
f02a7085,1779515148,30.48,8.15,71.72,1
b64c1383,1779515208,100.0,36.93,58.14,0
8a03befb,1779515268,38.55,18.96,53.27,1
70f4dd7d,1779515328,62.08,24.54,42.94,1
a72acd4f,1779515388,47.78,47.88,60.98,1
bc58c7b5,1779515448,43.08,-5.0,62.19,1
1c9751e2,1779515508,53.64,43.76,44.87,0
e4b23b47,1779515568,100.0,10.76,82.72,0
2b48ef35,1779515628,58.99,11.74,62.8,1
49411da5,1779515688,29.43,8.3,85.87,1
0bd481cb,1779515748,63.32,5.44,50.1,1
0d52df06,1779515808,29.88,49.4,24.0,1
c37d0ba9,1779515868,14.53,39.66,32.29,1
6fbac456,1779515928,23.29,15.39,44.9,1
cf6a988a,1779515988,47.83,12.43,60.76,1
0b0498a9,1779516048,19.18,29.26,45.15,1
33286820,1779516108,69.65,20.26,29.07,1
79864434,1779516168,32.28,0.24,42.82,1
734a7f99,1779516228,53.79,30.37,48.72,1
bbfc6ad9,1779516288,59.62,48.93,37.73,0
caeb439a,1779516348,49.55,33.98,43.96,1
42366a29,1779516408,39.23,-1.35,82.86,1
9e61264f,1779516468,30.37,21.33,59.75,1
88bf69b1,1779516528,0.0,1.77,42.37,1
ca92c9fb,1779516588,22.31,34.12,50.34,1
2077ced3,1779516648,61.96,6.78,35.33,1
e8d7064d,1779516708,63.24,15.41,100.0,1
6a14ddf9,1779516768,28.6,39.28,95.14,1
22d50b6f,1779516828,57.61,42.62,94.4,0
1b24ed30,1779516888,53.1,-5.89,85.63,1
e91242f6,1779516948,1.31,22.41,77.76,1
b4d0dabd,1779517008,82.99,30.41,86.81,0
078203b2,1779517068,32.33,1.5,66.48,1
99733ef5,1779517128,19.26,35.77,94.96,1
0feec16d,1779517188,44.58,23.51,54.73,1
fd718503,1779517248,6.38,14.5,60.11,1
e49194d6,1779517308,54.09,41.82,42.74,0
045c8b44,1779517368,68.96,-1.71,68.91,1
0a06642b,1779517428,22.81,-3.62,52.72,1
bf2a198f,1779517488,56.62,30.69,61.68,1
4e5daaa0,1779517548,49.01,43.87,65.85,1
e237a517,1779517608,42.57,32.15,55.41,1
0bec7ef9,1779517668,13.3,30.28,39.29,1
727aec6d,1779517728,70.1,7.97,23.1,0
3ceea11f,1779517788,32.89,22.1,80.71,1
fea1ff19,1779517848,20.03,2.92,69.37,1
8cd4d668,1779517908,62.78,22.9,28.26,1
9af537b8,1779517968,73.43,43.34,38.16,0
354fab99,1779518028,47.56,25.61,49.23,1
5123398b,1779518088,42.39,2.63,61.1,1
a9fb4ec3,1779518148,52.69,28.72,46.33,1
484d4702,1779518208,38.41,9.79,41.1,1
74f05bcf,1779518268,37.89,22.9,70.14,1
92f98b99,1779518328,64.23,29.99,69.77,1
827e94e7,1779518388,72.24,34.53,48.96,0
46fd8144,1779518448,40.53,-7.4,63.58,1
21abde6d,1779518508,57.77,36.42,62.73,0
24471cd0,1779518568,54.26,8.28,85.13,1
5aaef893,1779518628,79.48,30.52,79.77,0
aadf37ea,1779518688,46.22,-7.62,70.17,1
7628bd9d,1779518748,68.18,8.61,67.69,1
37e1bc35,1779518808,37.6,37.66,79.51,1
eedd1e4d,1779518868,55.07,30.63,48.76,1
7ca5bacc,1779518928,99.5,45.39,58.19,0
50ae0246,1779518988,85.3,5.82,8.71,0
24dac1fe,1779519048,15.56,13.19,40.75,1
4f88baf7,1779519108,44.52,45.02,73.87,1
efc3fd3a,1779519168,77.66,21.31,55.22,0
f4d37a06,1779519228,37.43,15.46,22.55,1
b082d1a7,1779519288,27.93,1.19,39.85,1
eb0ff7dd,1779519348,78.47,13.19,29.98,0
d2bbfeca,1779519408,33.05,-0.15,15.38,1
dd0c9073,1779519468,87.48,3.04,45.75,0
b200901b,1779519528,38.8,39.12,36.95,1
a82b9e09,1779519588,61.16,44.27,62.41,0
30c70d81,1779519648,63.42,20.93,10.93,1
a9624e3d,1779519708,27.91,11.76,38.57,1
47789125,1779519768,100.0,20.26,60.54,0
6b055f96,1779519828,35.03,12.65,81.61,1
211ac0d6,1779519888,59.66,32.97,63.76,0
79b90d33,1779519948,68.22,9.26,76.04,1
3cc68713,1779520008,69.13,22.0,73.82,1
d419ef16,1779520068,89.76,39.02,64.5,0
0fd8371e,1779520128,77.04,38.85,48.32,0
5dbbb860,1779520188,69.39,1.19,40.99,1
8f71def2,1779520248,53.92,44.52,42.88,0
8ff4cb46,1779520308,78.54,40.61,60.41,0
9a6e3508,1779520368,58.22,40.58,69.18,0
4def33c6,1779520428,36.35,4.55,41.97,1
48bcf518,1779520488,33.22,0.93,69.4,1
acd36c56,1779520548,59.18,42.52,73.51,0
ad49c025,1779520608,42.75,6.99,39.3,1
1d3329d6,1779520668,30.69,23.99,55.44,1
df9b938d,1779520728,37.62,32.24,57.45,1
3bfb87cd,1779520788,68.87,19.13,70.35,1
f8d70ff5,1779520848,0.0,-9.82,97.54,1
6b605202,1779520908,63.3,46.25,94.57,0
3a5832c9,1779520968,27.72,37.81,51.24,1
b1a96b1c,1779521028,33.84,35.88,72.82,1
32833f7e,1779521088,26.75,20.11,63.9,1
5b64629a,1779521148,50.29,37.32,75.39,0
7d834f36,1779521208,49.98,10.26,73.41,1
e611e11e,1779521268,66.66,0.61,64.7,1
4488b6ce,1779521328,22.05,19.8,53.73,1
45425f6b,1779521388,66.83,14.75,61.23,1
caa040c7,1779521448,74.42,9.28,63.4,0
a2f6ad7a,1779521508,78.57,9.83,75.48,0
f0e9306a,1779521568,50.27,11.41,34.75,1
b89d9450,1779521628,79.08,1.72,60.14,0
7f47feb3,1779521688,39.07,19.14,84.48,1
a5a95c96,1779521748,83.52,40.94,68.64,0
613fcd64,1779521808,53.47,1.21,73.07,1
ea5d5ca9,1779521868,55.0,39.03,86.22,0
397262c8,1779521928,40.38,46.77,100.0,1
272f91bb,1779521988,26.18,43.83,46.82,1
9dc3001b,1779522048,61.22,8.0,43.1,1
97cc38a8,1779522108,99.47,15.04,83.1,0
8f867ac5,1779522168,18.6,27.86,20.8,1
1a377ee7,1779522228,28.76,46.85,56.09,1
2546478c,1779522288,5.2,16.8,40.88,1
30868aab,1779522348,44.21,-1.09,56.72,1
d233cb34,1779522408,39.1,15.2,50.38,1
acaad105,1779522468,86.56,-9.99,88.11,0
f8eb7df7,1779522528,47.45,29.89,66.77,1
21a78f44,1779522588,60.1,-0.32,51.54,1
dd21103a,1779522648,47.3,25.67,18.99,1
20772530,1779522708,26.95,15.3,62.76,1
89d6eae2,1779522768,87.65,-3.3,97.81,0
24a2279a,1779522828,34.02,19.29,44.51,1
2a1f3bb8,1779522888,42.72,-2.44,94.3,1
0c1c559c,1779522948,19.76,35.07,55.65,1
74868de8,1779523008,48.34,31.6,34.62,1
52c47854,1779523068,33.98,25.27,61.82,1
e952662f,1779523128,30.41,19.3,83.28,1
45d23c38,1779523188,48.69,49.79,75.53,1
59fc24d1,1779523248,62.18,29.16,44.01,1
24cb6d8b,1779523308,33.14,45.99,51.94,1
24979f3c,1779523368,71.03,7.66,56.99,0
4e9b6e5d,1779523428,40.39,25.83,45.88,1
81682ebb,1779523488,41.11,44.89,81.41,1
bf3484b5,1779523548,70.1,34.14,38.75,0
1bac7e3a,1779523608,39.0,44.05,57.39,1
922a83a2,1779523668,27.01,-5.56,76.09,1
25ed2d60,1779523728,56.69,30.9,87.34,1
f7a0d544,1779523788,38.77,-1.33,87.74,1
d95c63a1,1779523848,44.44,39.62,88.37,1
33d2f40f,1779523908,13.93,0.26,53.65,1
a43cc015,1779523968,62.04,14.28,91.36,1
821b894b,1779524028,100.0,4.36,50.49,0
2eff585c,1779524088,13.13,13.31,42.69,1
7a687a48,1779524148,17.38,13.61,60.04,1
013af352,1779524208,12.52,49.91,43.96,1
ae004b6a,1779524268,55.18,0.47,47.65,1
1c6d1f27,1779524328,79.91,4.99,52.71,0
f4a7324c,1779524388,39.5,10.5,43.59,1
507b96dc,1779524448,8.86,14.67,33.41,1
a17bdfbb,1779524508,25.14,-8.89,76.42,1
ea1a66ae,1779524568,0.0,-6.4,48.26,1
6ce5f168,1779524628,50.76,4.09,37.7,1
6446d786,1779524688,48.79,-8.79,61.12,1
3a99967d,1779524748,57.42,28.03,59.36,1
04bb16bf,1779524808,13.6,28.87,58.51,1
ec8dad78,1779524868,10.64,-5.87,71.13,1
e23b800d,1779524928,62.51,40.53,89.86,0
cb5ddefb,1779524988,70.14,-2.88,34.68,0
0c3f09ea,1779525048,74.27,39.53,34.18,0
094c7366,1779525108,75.78,30.67,47.64,0
745470cc,1779525168,71.21,20.55,53.18,0
07dc6f34,1779525228,48.38,17.16,100.0,1
afc3bf31,1779525288,38.27,-7.8,75.9,1
6dd71ee9,1779525348,50.51,11.99,60.48,1
4fa47bd8,1779525408,63.95,-5.27,40.0,1
361f6faa,1779525468,29.62,25.87,57.0,1
be8883e0,1779525528,51.86,30.39,54.55,1
abddfb15,1779525588,17.24,-3.92,58.96,1
11ce1433,1779525648,40.99,28.53,21.31,1
f4beb701,1779525708,38.56,10.6,95.09,1
1ad41b8c,1779525768,60.9,49.0,70.48,0
0c706a54,1779525828,69.02,-4.76,55.21,1
c70f0436,1779525888,26.54,16.45,12.0,1
36b3303d,1779525948,22.38,41.99,68.38,1
a97370d5,1779526008,72.43,-9.84,62.3,0
e02b274d,1779526068,19.92,20.31,95.74,1
8123e615,1779526128,29.17,2.29,74.89,1
213fa334,1779526188,54.95,4.02,97.65,1
e0fba955,1779526248,0.0,31.49,37.03,1
9df0eb1f,1779526308,86.34,43.35,72.52,0
eea16c16,1779526368,1.25,-3.86,45.19,1
7f923aec,1779526428,36.73,38.17,55.99,1
4653a1ad,1779526488,41.24,5.58,85.98,1
6d7fafb6,1779526548,40.93,27.31,71.72,1
6582d320,1779526608,28.99,-8.73,45.25,1
5e90086a,1779526668,21.83,-9.26,64.97,1
6a2b5e60,1779526728,42.17,30.15,46.7,1
ef4fc796,1779526788,56.04,7.31,56.29,1
a67777ca,1779526848,22.21,5.23,46.7,1
c32ef002,1779526908,44.86,41.58,51.47,1
82878b3b,1779526968,68.67,-3.71,67.5,1
20fda393,1779527028,11.77,33.27,54.99,1
5ea5d099,1779527088,49.47,-8.29,58.92,1
f2021a35,1779527148,26.25,14.03,38.3,1
13493527,1779527208,85.1,-1.52,50.17,0
8bf0aef5,1779527268,59.73,24.3,38.95,1
ecee5c20,1779527328,54.0,9.74,56.86,1
700a24f1,1779527388,22.23,9.36,22.85,1
5710e908,1779527448,0.0,5.57,81.58,1
b3c7fe38,1779527508,42.88,31.91,72.03,1
c27e0eb8,1779527568,29.5,4.16,21.32,1
2a1aed6f,1779527628,70.75,-8.67,77.66,0
c8e75e89,1779527688,50.39,19.6,80.05,1
9d9d08d5,1779527748,41.94,29.22,65.57,1
eb749968,1779527808,92.08,-8.19,56.68,0
208d4a47,1779527868,82.23,40.45,100.0,0
41625520,1779527928,69.02,43.24,67.08,0
9e1c0902,1779527988,23.88,27.82,54.71,1
06ce7cf0,1779528048,25.27,-8.38,62.98,1
67125256,1779528108,79.14,26.04,83.03,0
8460fa66,1779528168,5.57,34.29,60.51,1
6f214f14,1779528228,57.91,37.52,73.16,0
3a7c4c41,1779528288,25.36,41.85,39.7,1
737eff08,1779528348,16.08,21.45,71.72,1
0e659bfd,1779528408,23.82,29.29,73.83,1
a783c856,1779528468,48.81,30.44,57.77,1
be929dea,1779528528,39.64,42.75,49.54,1
a5073cf1,1779528588,49.68,2.65,100.0,1
aac3f8cc,1779528648,71.73,-0.68,22.9,0
0230df4c,1779528708,0.0,18.6,49.79,1
5166bc7a,1779528768,84.82,29.35,52.88,0
82ffaf06,1779528828,41.16,8.82,46.67,1
02bd61ba,1779528888,87.76,45.41,96.17,0
471c3e25,1779528948,61.23,43.47,67.3,0
12e32055,1779529008,35.2,2.9,81.35,1
0653b2bb,1779529068,94.43,13.19,73.46,0
a5f58faf,1779529128,14.33,40.57,100.0,1
5021df3c,1779529188,61.93,14.97,74.21,1
9596c15c,1779529248,42.36,28.03,76.0,1
d58e8a15,1779529308,21.76,7.09,69.61,1
3b285a21,1779529368,47.97,-4.47,33.99,1
b57eebef,1779529428,11.1,38.26,82.64,1
2908a41f,1779529488,6.44,49.03,88.02,1
119879d7,1779529548,53.14,49.37,46.01,0
57794062,1779529608,77.36,-8.07,77.43,0
9f1aaea2,1779529668,18.91,-1.24,40.31,1
fd68effc,1779529728,22.18,34.9,30.71,1
3fc8d20c,1779529788,59.84,28.79,71.69,1
3fc57fa7,1779529848,69.36,18.54,77.27,1
f22a1e81,1779529908,18.9,30.76,41.2,1
24dd5cb1,1779529968,52.29,44.75,70.39,0
7d7a65b7,1779530028,59.23,46.04,79.92,0
06a982c0,1779530088,13.43,2.94,70.14,1
fa4f4f77,1779530148,72.03,-5.66,62.42,0
aca68643,1779530208,84.49,-3.08,70.68,0
4e92ba23,1779530268,42.47,6.43,42.76,1
89c3b907,1779530328,35.9,-2.16,48.7,1
36327b16,1779530388,89.21,32.18,78.48,0
ec868cfd,1779530448,65.48,42.83,60.88,0
aafffc5c,1779530508,47.11,42.67,69.51,1
5bb18c0d,1779530568,31.89,-3.6,83.8,1
fc9ed9c0,1779530628,29.71,7.63,68.15,1
fb6bad07,1779530688,100.0,45.57,60.08,0
6b60306d,1779530748,92.61,8.6,78.54,0
5b675635,1779530808,34.8,41.42,96.6,1
ca94763b,1779530868,32.7,15.96,13.09,1
516c5555,1779530928,42.66,32.36,19.38,1
d234dcff,1779530988,49.61,-3.47,79.37,1
5f937ca7,1779531048,70.16,15.05,17.94,0
0fe97e09,1779531108,55.97,40.49,70.92,0
ecfc61b4,1779531168,67.42,-6.36,32.2,1
b0a9b51c,1779531228,52.7,37.32,82.59,0
8194c689,1779531288,33.27,42.62,77.05,1
2a256c34,1779531348,29.69,-0.52,71.02,1
9d06362f,1779531408,80.69,6.11,64.06,0
8bcfc0af,1779531468,59.73,24.75,68.62,1
475d6200,1779531528,40.97,12.03,62.3,1
f8c1b385,1779531588,33.0,13.38,50.8,1
0f1e7e21,1779531648,83.05,25.89,43.24,0
d36c4d3e,1779531708,51.38,-9.94,45.95,1
cc80c0ee,1779531768,50.77,19.28,89.72,1
4ec39564,1779531828,16.54,15.87,30.56,1
2d576194,1779531888,20.13,36.73,60.34,1
1ef6110d,1779531948,37.58,4.11,54.43,1
309cec17,1779532008,41.99,-1.5,58.03,1
3beea0c3,1779532068,20.27,38.02,37.9,1
11a245bd,1779532128,40.41,-2.56,68.59,1
febb6e9a,1779532188,79.19,47.82,70.28,0
2dd67999,1779532248,68.87,-6.26,70.75,1
b32ed609,1779532308,20.88,-5.52,79.94,1
4e39d218,1779532368,19.2,34.22,59.21,1
da8f6348,1779532428,67.22,12.65,69.72,1
544d2b4a,1779532488,97.65,12.92,53.68,0
fee72c7f,1779532548,93.64,-0.1,100.0,0
8a19339c,1779532608,24.83,38.48,100.0,1
07c6a062,1779532668,32.94,19.33,66.69,1
44f0d3a1,1779532728,37.03,37.55,65.09,1
86855430,1779532788,50.43,46.43,29.36,0
7e7c577c,1779532848,4.36,-9.59,94.3,1
a978ebe8,1779532908,55.63,19.63,39.02,1
af80a304,1779532968,66.31,9.95,55.8,1
4439baec,1779533028,100.0,21.65,85.92,0
c039715c,1779533088,0.0,44.53,54.25,1
5ac8498e,1779533148,86.91,29.39,8.94,0
84d5f674,1779533208,100.0,36.32,63.41,0
083b18aa,1779533268,43.08,38.69,79.23,1
91bf5d14,1779533328,70.46,-3.84,35.38,0
83241527,1779533388,13.6,34.18,80.71,1
abab2813,1779533448,6.72,-2.14,32.85,1
7c35fefb,1779533508,27.19,42.67,74.4,1
21e03529,1779533568,70.61,10.51,55.38,0
f2e59ba4,1779533628,50.22,21.49,54.81,1
7711309a,1779533688,42.12,37.01,50.96,1
6fcc59f3,1779533748,49.69,21.82,48.97,1
7186e62a,1779533808,48.62,25.14,60.45,1
b8d91adb,1779533868,72.1,-2.4,59.99,0
9639b3a7,1779533928,62.42,12.49,40.59,1
d325b77e,1779533988,72.99,-4.47,60.18,0
3b194cd4,1779534048,0.0,7.69,43.21,1
ed246556,1779534108,78.59,19.38,52.27,0
c1fc95d1,1779534168,40.51,3.42,72.12,1
124c3146,1779534228,56.16,7.48,27.61,1
54139dfd,1779534288,56.55,43.49,75.55,0
b8fd7bde,1779534348,54.68,21.12,69.27,1
833b12e9,1779534408,54.4,-2.39,79.84,1
acaaac6b,1779534468,28.99,46.12,18.62,1
fcd04191,1779534528,70.8,35.46,67.06,0
6e5b92ae,1779534588,77.87,1.72,40.62,0
23090013,1779534648,82.04,26.72,52.31,0
20db8d9b,1779534708,36.39,34.98,74.45,1
b5d6c4ca,1779534768,55.36,16.01,31.84,1
8458c6e9,1779534828,22.74,11.67,63.38,1
7e02b6bd,1779534888,66.87,22.94,98.48,1
e45b3162,1779534948,67.22,46.07,60.34,0
afae8988,1779535008,15.55,23.29,33.98,1
9b7193c4,1779535068,42.88,3.85,48.31,1
562af8e3,1779535128,65.51,13.06,35.22,1
30e4d395,1779535188,35.32,-3.6,57.1,1
e03d0ce6,1779535248,27.48,42.44,45.59,1
caa7f116,1779535308,65.13,36.19,91.4,0
5b2f2c0e,1779535368,53.26,-0.72,71.5,1
33088c69,1779535428,57.33,10.01,36.49,1
1d6aaa3c,1779535488,55.29,30.59,75.54,1
8bf01153,1779535548,49.99,15.87,55.67,1
bb4cf5c9,1779535608,28.6,48.59,90.03,1
9b7a98ed,1779535668,79.87,45.16,85.43,0
d659bedd,1779535728,39.2,17.42,67.94,1
21f94901,1779535788,56.22,18.11,43.87,1
962f0ad6,1779535848,86.75,27.17,81.26,0
77950d51,1779535908,70.72,23.1,49.87,0
c14c9e0c,1779535968,58.06,7.01,59.87,1
249e84fb,1779536028,99.35,-2.49,66.07,0
4d381d7a,1779536088,78.48,4.21,48.99,0
cac171d6,1779536148,100.0,30.27,57.62,0
735bd969,1779536208,66.3,13.57,68.14,1
dac0de0b,1779536268,75.75,8.02,78.34,0
cb9cdff9,1779536328,74.86,33.07,36.13,0
4fb04043,1779536388,76.95,31.41,55.94,0
0ad1b2eb,1779536448,21.02,14.47,73.13,1
8049a0e1,1779536508,90.89,27.1,50.75,0
87463bfd,1779536568,43.66,18.38,49.07,1
6395d12c,1779536628,72.3,19.43,77.34,0
92df369a,1779536688,41.16,5.28,46.92,1
bf777786,1779536748,34.95,17.9,70.57,1
a2dba12f,1779536808,54.63,49.95,61.36,0
1a11b776,1779536868,70.97,41.76,75.95,0
269776e7,1779536928,48.17,14.99,72.19,1
f2586a0d,1779536988,100.0,36.53,49.88,0
984d9b58,1779537048,46.83,11.8,81.49,1
6ee0e237,1779537108,68.17,0.78,41.24,1
ba10bea0,1779537168,10.43,0.12,44.66,1
283e6962,1779537228,3.52,17.73,83.43,1
75aad0ab,1779537288,65.15,8.88,46.24,1
0a4401c1,1779537348,19.19,16.06,44.36,1
595c8b65,1779537408,98.56,48.05,12.31,0
2f8b9fd0,1779537468,55.48,-7.67,76.21,1
3ab943e4,1779537528,30.62,32.62,64.24,1
85b03b9e,1779537588,77.81,46.55,52.76,0
66bb55c6,1779537648,22.03,25.41,12.98,1
3256412a,1779537708,19.54,35.76,55.1,1
e99748a7,1779537768,37.77,23.77,52.29,1
66b7e636,1779537828,68.74,29.39,96.95,1
479c8523,1779537888,48.41,11.42,39.61,1
d44ecef6,1779537948,57.74,49.01,57.17,0
e462145a,1779538008,0.0,38.39,85.22,1
91daed1c,1779538068,19.26,31.56,59.22,1
e76d84c3,1779538128,64.05,16.42,77.63,1
6d8888c6,1779538188,48.13,-6.32,25.75,1
a1ce3f63,1779538248,44.77,46.63,43.49,1
512ad6c5,1779538308,48.15,-1.47,77.78,1
cc83df29,1779538368,39.15,2.6,37.17,1
2dc177e8,1779538428,56.12,24.89,48.24,1
5f9879b5,1779538488,74.06,36.56,45.6,0
1db46555,1779538548,26.86,45.11,59.59,1
e208fe22,1779538608,20.66,26.63,75.65,1
1dab0ecd,1779538668,93.05,18.43,35.83,0
1045c70f,1779538728,93.2,26.82,57.87,0
b0212cbc,1779538788,34.19,6.51,24.64,1
9fadd269,1779538848,22.24,32.25,71.03,1
1ee88bce,1779538908,39.02,29.05,66.38,1
511da345,1779538968,55.14,25.46,75.86,1
02f6f5af,1779539028,94.81,38.55,56.48,0
339e933c,1779539088,7.08,-1.51,63.46,1
ab0e2757,1779539148,50.52,-2.59,59.61,1
f446c62a,1779539208,10.91,41.93,38.24,1
1a0cc80a,1779539268,53.91,34.22,59.86,0
391a4346,1779539328,35.24,17.82,52.0,1
0e6ae48d,1779539388,29.89,-2.19,70.61,1
8039632a,1779539448,16.36,18.76,71.44,1
f4b7a34b,1779539508,53.38,22.48,53.28,1
b684ddbb,1779539568,17.06,6.72,77.3,1
c6140f82,1779539628,65.94,24.78,77.59,1
a3503560,1779539688,30.88,41.37,64.83,1
b7287344,1779539748,61.93,45.12,88.46,0
c795e099,1779539808,62.84,47.78,41.77,0
a04b280a,1779539868,19.68,2.2,90.17,1
bbbf1a47,1779539928,56.74,10.43,68.72,1
8b260bb9,1779539988,74.66,40.19,41.96,0
6ce2d2af,1779540048,72.18,3.68,87.36,0
bf3b24a0,1779540108,61.02,21.04,72.46,1
8ca4a445,1779540168,100.0,39.7,69.26,0
b8769bfa,1779540228,65.96,20.44,68.68,1
8fd4612b,1779540288,75.2,3.94,67.09,0
dce03ea4,1779540348,100.0,44.91,40.63,0
b613cbb5,1779540408,31.56,6.91,37.4,1
8f98f40a,1779540468,73.51,28.22,64.4,0
1a17ad94,1779540528,63.75,27.92,52.19,1
441da06c,1779540588,34.9,37.4,35.46,1
665c0cd0,1779540648,62.67,-1.31,91.63,1
71e806ff,1779540708,34.59,36.3,79.42,1
4d7ca5bc,1779540768,17.55,2.74,76.25,1
e82d2b3f,1779540828,40.74,-0.53,49.4,1
009d2260,1779540888,85.08,25.17,93.25,0
31d2da09,1779540948,77.74,44.81,70.0,0
cb8c69d2,1779541008,61.66,-5.3,31.35,1
0a3ab4c7,1779541068,58.38,19.19,43.49,1
4ac35087,1779541128,39.11,-2.34,90.28,1
cfc56162,1779541188,34.94,49.72,43.19,1
e056637a,1779541248,51.38,36.18,6.44,0
a1199c61,1779541308,75.74,19.19,68.23,0
3df6cbf2,1779541368,8.3,45.77,32.29,1
d8d04d05,1779541428,74.86,35.47,90.2,0
b76de7fd,1779541488,20.16,9.15,64.26,1
2335b64d,1779541548,41.43,16.24,60.82,1
75aba458,1779541608,33.63,-6.13,69.98,1
f627476d,1779541668,59.61,0.59,82.02,1
3a3edf31,1779541728,63.99,10.05,81.68,1
c683b3ea,1779541788,23.69,40.12,52.43,1
bcd54d66,1779541848,100.0,43.01,69.17,0
1a033120,1779541908,80.32,2.65,88.65,0
59c16f2c,1779541968,48.02,47.19,58.43,1
7808366a,1779542028,68.73,9.35,93.94,1
09133b55,1779542088,28.84,49.89,57.24,1
3056fcc0,1779542148,66.24,25.27,87.29,1
094353a1,1779542208,7.49,3.58,60.6,1
8e81eedf,1779542268,31.11,-5.53,61.74,1
a4ded24c,1779542328,70.06,44.86,62.33,0
bc896377,1779542388,78.08,47.27,65.36,0
7f69135e,1779542448,60.32,2.03,76.76,1
4bf3ca8f,1779542508,39.49,34.35,62.03,1
121ec344,1779542568,39.1,44.4,64.41,1
d766a788,1779542628,72.91,44.1,60.99,0
1fa713fd,1779542688,37.99,-1.92,35.63,1
204dba9f,1779542748,50.58,45.73,90.92,0
a867704f,1779542808,66.37,49.35,39.71,0
b586a067,1779542868,36.85,25.31,64.04,1
de8f97b0,1779542928,19.49,37.33,42.78,1
e243afc1,1779542988,85.02,-9.03,44.81,0
231a45d0,1779543048,35.73,26.47,34.57,1
f7e1065f,1779543108,57.65,37.41,72.21,0
2623c0a2,1779543168,64.61,20.97,36.33,1
c1347d37,1779543228,15.54,28.11,64.02,1
af4953d5,1779543288,73.69,5.43,49.98,0
eac6f3bf,1779543348,40.67,-5.27,59.57,1
e346ce1f,1779543408,18.96,31.66,68.77,1
816c635f,1779543468,62.33,-1.97,68.04,1
f5f21537,1779543528,66.27,36.33,58.7,0
d0ae90b7,1779543588,50.17,45.34,39.35,0
b5ab0c48,1779543648,80.26,19.75,55.7,0
e33c51f2,1779543708,57.38,34.33,75.47,0
16341131,1779543768,14.23,3.01,90.69,1
ec7871ed,1779543828,50.7,18.87,76.01,1
cf3797fc,1779543888,42.82,48.54,56.21,1
c29883d6,1779543948,100.0,36.57,59.61,0
f60361ac,1779544008,26.03,1.25,74.81,1
9070b412,1779544068,40.85,45.0,86.52,1
7873c20c,1779544128,44.46,18.64,55.02,1
91a1b5dc,1779544188,41.81,46.4,10.51,1
67664f20,1779544248,17.87,0.37,79.29,1
a8c5fd03,1779544308,16.49,26.08,15.67,1
9b93c61c,1779544368,71.99,-4.09,44.61,0
4ced6f64,1779544428,100.0,2.41,79.98,0
571e7e09,1779544488,60.13,28.74,82.89,1
f50b1515,1779544548,72.33,31.64,59.9,0
594c62c5,1779544608,16.04,-5.74,47.72,1
dbea6fff,1779544668,71.76,0.23,55.93,0
35771e84,1779544728,62.99,-4.53,58.32,1
ef078098,1779544788,69.01,46.98,63.41,0
8937cc4f,1779544848,53.05,29.13,62.37,1
0eb0f9a0,1779544908,68.05,48.7,42.5,0
